timestamp,project_name,run_id,experiment_id,duration,emissions,emissions_rate,cpu_power,gpu_power,ram_power,cpu_energy,gpu_energy,ram_energy,energy_consumed,water_consumed,country_name,country_iso_code,region,cloud_provider,cloud_region,os,python_version,codecarbon_version,cpu_count,cpu_model,gpu_count,gpu_model,longitude,latitude,ram_total_size,tracking_mode,cpu_utilization_percent,gpu_utilization_percent,ram_utilization_percent,ram_used_gb,on_cloud,pue,wue
2026-05-05T23:08:17,codecarbon,8655a06b-8cfc-4ec3-8162-6abe9251612c,5b0fa12a-3dd7-45bb-9766-cc326314d9f1,1.6276128999998036,6.134768590176693e-07,3.7691815972811673e-07,1.5493055640000004,0.0,10.0,4.841798511726883e-07,0.0,3.123594999998305e-06,3.6077748511709934e-06,0.0,Canada,CAN,,,,Windows-11-10.0.26200-SP0,3.13.3,3.2.6,8,Intel(R) Core(TM) i7-8650U CPU @ 1.90GHz,0,,,,7.87811279296875,machine,0.0,0,0.0,0.0,N,1.0,0.0
2026-05-07T10:16:10,codecarbon,cbfb8310-d479-427d-ba9a-13039ae270d3,5b0fa12a-3dd7-45bb-9766-cc326314d9f1,1.593014399986714,1.981369313784778e-06,1.243786191638508e-06,1.584098304,0.0,10.0,4.805388606747061e-07,0.0,3.032801388892242e-06,3.513340249566948e-06,0.0,Tunisia,TUN,,,,Windows-11-10.0.26200-SP0,3.13.3,3.2.6,8,Intel(R) Core(TM) i7-8650U CPU @ 1.90GHz,0,,,,7.87811279296875,machine,0.0,0,0.0,0.0,N,1.0,0.0
2026-05-07T10:16:13,codecarbon,c356b4ae-2020-406f-9312-400ce82769a0,5b0fa12a-3dd7-45bb-9766-cc326314d9f1,1.5031017999863252,1.819311906962584e-06,1.2103717173242263e-06,1.5882792405,0.0,10.0,4.422225594530485e-07,0.0,2.7837594443958047e-06,3.2259820038488534e-06,0.0,Tunisia,TUN,,,,Windows-11-10.0.26200-SP0,3.13.3,3.2.6,8,Intel(R) Core(TM) i7-8650U CPU @ 1.90GHz,0,,,,7.87811279296875,machine,0.0,0,0.0,0.0,N,1.0,0.0
2026-05-07T10:16:16,codecarbon,8a941ed2-889f-4ff9-8152-7a18cb2f71db,5b0fa12a-3dd7-45bb-9766-cc326314d9f1,1.5043110999977216,1.8175544985694203e-06,1.2082304641454638e-06,1.5675028485000002,0.0,10.0,4.367955106297229e-07,0.0,2.786070277781821e-06,3.222865788411544e-06,0.0,Tunisia,TUN,,,,Windows-11-10.0.26200-SP0,3.13.3,3.2.6,8,Intel(R) Core(TM) i7-8650U CPU @ 1.90GHz,0,,,,7.87811279296875,machine,0.0,0,0.0,0.0,N,1.0,0.0
2026-05-07T10:16:19,codecarbon,c9ef01cf-e6d2-4e58-8c15-bc4653af5f22,5b0fa12a-3dd7-45bb-9766-cc326314d9f1,1.502778699999908,1.824042480190839e-06,1.213779833445171e-06,1.6232459415,0.0,10.0,4.5176242166016653e-07,0.0,2.782607777771773e-06,3.23437019943194e-06,0.0,Tunisia,TUN,,,,Windows-11-10.0.26200-SP0,3.13.3,3.2.6,8,Intel(R) Core(TM) i7-8650U CPU @ 1.90GHz,0,,,,7.87811279296875,machine,0.0,0,0.0,0.0,N,1.0,0.0
2026-05-07T10:16:22,codecarbon,04e5dd5a-1adf-457d-b142-bfe3f040435c,5b0fa12a-3dd7-45bb-9766-cc326314d9f1,1.5036518999841064,1.817926388167205e-06,1.2090074758568923e-06,1.5748606455,0.0,10.0,4.3865744081516404e-07,0.0,2.784867777760762e-06,3.223525218575926e-06,0.0,Tunisia,TUN,,,,Windows-11-10.0.26200-SP0,3.13.3,3.2.6,8,Intel(R) Core(TM) i7-8650U CPU @ 1.90GHz,0,,,,7.87811279296875,machine,0.0,0,0.0,0.0,N,1.0,0.0
2026-05-07T10:16:25,codecarbon,0ae410ab-93a1-4fe6-80d0-bdf2c8a67922,5b0fa12a-3dd7-45bb-9766-cc326314d9f1,1.5029435000033118,1.8140599117206409e-06,1.2070047288648198e-06,1.557395628,0.0,10.0,4.335233957176961e-07,0.0,2.7831458333013064e-06,3.2166692290190025e-06,0.0,Tunisia,TUN,,,,Windows-11-10.0.26200-SP0,3.13.3,3.2.6,8,Intel(R) Core(TM) i7-8650U CPU @ 1.90GHz,0,,,,7.87811279296875,machine,0.0,0,0.0,0.0,N,1.0,0.0
2026-05-07T10:16:28,codecarbon,94250098-cf6e-46bf-9938-c2c6f4793686,5b0fa12a-3dd7-45bb-9766-cc326314d9f1,1.5030220999906303,1.8215114048564944e-06,1.2118992826970735e-06,1.6032125355000002,0.0,10.0,4.463407381970296e-07,0.0,2.78354138887759e-06,3.22988212707462e-06,0.0,Tunisia,TUN,,,,Windows-11-10.0.26200-SP0,3.13.3,3.2.6,8,Intel(R) Core(TM) i7-8650U CPU @ 1.90GHz,0,,,,7.87811279296875,machine,0.0,0,0.0,0.0,N,1.0,0.0
2026-05-07T10:16:31,codecarbon,98ec2822-a061-4a1a-8af4-9283eb2b8714,5b0fa12a-3dd7-45bb-9766-cc326314d9f1,1.5037687000003643,1.827095755548037e-06,1.2150111619876078e-06,1.6341680625000006,0.0,10.0,4.551414527664556e-07,0.0,2.784642777826068e-06,3.239784230592524e-06,0.0,Tunisia,TUN,,,,Windows-11-10.0.26200-SP0,3.13.3,3.2.6,8,Intel(R) Core(TM) i7-8650U CPU @ 1.90GHz,0,,,,7.87811279296875,machine,0.0,0,0.0,0.0,N,1.0,0.0
2026-05-07T10:16:34,codecarbon,0cfd1687-e7d6-4cc5-9ce6-0f5587e0c5a8,5b0fa12a-3dd7-45bb-9766-cc326314d9f1,1.5032179999980144,1.8132767818221903e-06,1.2062633509075766e-06,1.5502723125000002,0.0,10.0,4.316203147144414e-07,0.0,2.7836602777824737e-06,3.215280592496915e-06,0.0,Tunisia,TUN,,,,Windows-11-10.0.26200-SP0,3.13.3,3.2.6,8,Intel(R) Core(TM) i7-8650U CPU @ 1.90GHz,0,,,,7.87811279296875,machine,0.0,0,0.0,0.0,N,1.0,0.0
2026-05-07T10:16:37,codecarbon,4d16a629-fcf3-4045-bec5-509732b4a785,5b0fa12a-3dd7-45bb-9766-cc326314d9f1,1.503124700015178,1.8155207892219755e-06,1.2078311195362854e-06,1.5640120320000002,0.0,10.0,4.354663060624071e-07,0.0,2.783793333381052e-06,3.219259639443459e-06,0.0,Tunisia,TUN,,,,Windows-11-10.0.26200-SP0,3.13.3,3.2.6,8,Intel(R) Core(TM) i7-8650U CPU @ 1.90GHz,0,,,,7.87811279296875,machine,0.0,0,0.0,0.0,N,1.0,0.0
2026-05-07T10:16:40,codecarbon,8ad68a48-5c22-42e8-891c-0f0523b63fae,5b0fa12a-3dd7-45bb-9766-cc326314d9f1,1.503596299997298,1.822119055427482e-06,1.211840608699793e-06,1.6001008125000002,0.0,10.0,4.457437724639188e-07,0.0,2.785215833298733e-06,3.230959605762652e-06,0.0,Tunisia,TUN,,,,Windows-11-10.0.26200-SP0,3.13.3,3.2.6,8,Intel(R) Core(TM) i7-8650U CPU @ 1.90GHz,0,,,,7.87811279296875,machine,0.0,0,0.0,0.0,N,1.0,0.0
2026-05-07T10:16:42,codecarbon,2c7abb93-2499-4433-a6ca-1c9f839f9f86,5b0fa12a-3dd7-45bb-9766-cc326314d9f1,1.5034790000063367,1.823533579900777e-06,1.212875989550297e-06,1.6163041875,0.0,10.0,4.499839347110115e-07,0.0,2.7834838888439765e-06,3.233467823554988e-06,0.0,Tunisia,TUN,,,,Windows-11-10.0.26200-SP0,3.13.3,3.2.6,8,Intel(R) Core(TM) i7-8650U CPU @ 1.90GHz,0,,,,7.87811279296875,machine,0.0,0,0.0,0.0,N,1.0,0.0
2026-05-07T10:16:45,codecarbon,f9a4915d-ab08-4eb0-87d9-2bed298e77ce,5b0fa12a-3dd7-45bb-9766-cc326314d9f1,1.5043584000086412,1.8159594329048464e-06,1.207132178671263e-06,1.5563392935,0.0,10.0,4.3372132602144083e-07,0.0,2.786316111127639e-06,3.22003743714908e-06,0.0,Tunisia,TUN,,,,Windows-11-10.0.26200-SP0,3.13.3,3.2.6,8,Intel(R) Core(TM) i7-8650U CPU @ 1.90GHz,0,,,,7.87811279296875,machine,0.0,0,0.0,0.0,N,1.0,0.0
2026-05-07T10:16:48,codecarbon,b2b5c5a6-52e4-41c8-942f-47acfad9c672,5b0fa12a-3dd7-45bb-9766-cc326314d9f1,1.503280699980678,1.822138463148412e-06,1.2121079337823149e-06,1.608,0.0,10.0,4.476465193325809e-07,0.0,2.783347499967527e-06,3.230994019300108e-06,0.0,Tunisia,TUN,,,,Windows-11-10.0.26200-SP0,3.13.3,3.2.6,8,Intel(R) Core(TM) i7-8650U CPU @ 1.90GHz,0,,,,7.87811279296875,machine,0.0,0,0.0,0.0,N,1.0,0.0
2026-05-07T10:16:51,codecarbon,91684602-550f-47f5-ba89-ad7bd4fdd773,5b0fa12a-3dd7-45bb-9766-cc326314d9f1,1.5031121000065468,1.813951969692026e-06,1.2067975300605493e-06,1.5542656665,0.0,10.0,4.327442163222722e-07,0.0,2.78373361118914e-06,3.216477827511412e-06,0.0,Tunisia,TUN,,,,Windows-11-10.0.26200-SP0,3.13.3,3.2.6,8,Intel(R) Core(TM) i7-8650U CPU @ 1.90GHz,0,,,,7.87811279296875,machine,0.0,0,0.0,0.0,N,1.0,0.0
2026-05-07T10:16:54,codecarbon,a2d1beca-e12b-488c-8c5e-63fa83e3bb42,5b0fa12a-3dd7-45bb-9766-cc326314d9f1,1.5039864999998829,1.806359883027652e-06,1.2010479369514237e-06,1.5000179685,0.0,10.0,4.178731306473126e-07,0.0,2.785142500053755e-06,3.203015630701068e-06,0.0,Tunisia,TUN,,,,Windows-11-10.0.26200-SP0,3.13.3,3.2.6,8,Intel(R) Core(TM) i7-8650U CPU @ 1.90GHz,0,,,,7.87811279296875,machine,0.0,0,0.0,0.0,N,1.0,0.0
2026-05-07T10:16:57,codecarbon,ade65ed4-207e-4278-a4e6-e05e8497bac2,5b0fa12a-3dd7-45bb-9766-cc326314d9f1,1.5036934999807272,1.8060207995970817e-06,1.201056465044392e-06,1.500108,0.0,10.0,4.17813538733265e-07,0.0,2.7846008333047696e-06,3.2024143720380344e-06,0.0,Tunisia,TUN,,,,Windows-11-10.0.26200-SP0,3.13.3,3.2.6,8,Intel(R) Core(TM) i7-8650U CPU @ 1.90GHz,0,,,,7.87811279296875,machine,0.0,0,0.0,0.0,N,1.0,0.0
2026-05-07T10:17:00,codecarbon,5b51e60c-fefd-4316-86b6-80ecc4f7643b,5b0fa12a-3dd7-45bb-9766-cc326314d9f1,1.5035002999939024,1.806511730963763e-06,1.2015373265779123e-06,1.5001642545000002,0.0,10.0,4.179398856572375e-07,0.0,2.78534499997881e-06,3.203284885636048e-06,0.0,Tunisia,TUN,,,,Windows-11-10.0.26200-SP0,3.13.3,3.2.6,8,Intel(R) Core(TM) i7-8650U CPU @ 1.90GHz,0,,,,7.87811279296875,machine,0.0,0,0.0,0.0,N,1.0,0.0
2026-05-07T10:17:03,codecarbon,d02a85d8-7ede-445c-85eb-3ea976505307,5b0fa12a-3dd7-45bb-9766-cc326314d9f1,1.5032619000121483,1.8054451933996609e-06,1.2010183943230853e-06,1.5000455625000004,0.0,10.0,4.176667695763028e-07,0.0,2.7837269444717093e-06,3.201393714048012e-06,0.0,Tunisia,TUN,,,,Windows-11-10.0.26200-SP0,3.13.3,3.2.6,8,Intel(R) Core(TM) i7-8650U CPU @ 1.90GHz,0,,,,7.87811279296875,machine,0.0,0,0.0,0.0,N,1.0,0.0
2026-05-07T10:17:06,codecarbon,acd57002-0615-47b2-b0d0-81c9b40b01b1,5b0fa12a-3dd7-45bb-9766-cc326314d9f1,1.5034581999934744,1.805735014235031e-06,1.2010543520550612e-06,1.500055296,0.0,10.0,4.177312320072592e-07,0.0,2.7841763888621545e-06,3.2019076208694136e-06,0.0,Tunisia,TUN,,,,Windows-11-10.0.26200-SP0,3.13.3,3.2.6,8,Intel(R) Core(TM) i7-8650U CPU @ 1.90GHz,0,,,,7.87811279296875,machine,0.0,0,0.0,0.0,N,1.0,0.0
2026-05-07T10:17:09,codecarbon,98323fe7-692b-4725-b1fb-c8e339d55653,5b0fa12a-3dd7-45bb-9766-cc326314d9f1,1.5040081000188366,1.8066998688641823e-06,1.201256741131617e-06,1.501000188,0.0,10.0,4.181843228218202e-07,0.0,2.785434166677684e-06,3.2036184894995044e-06,0.0,Tunisia,TUN,,,,Windows-11-10.0.26200-SP0,3.13.3,3.2.6,8,Intel(R) Core(TM) i7-8650U CPU @ 1.90GHz,0,,,,7.87811279296875,machine,0.0,0,0.0,0.0,N,1.0,0.0
2026-05-07T10:17:11,codecarbon,f44a7b42-306c-45c7-a7ed-6edcf63a0493,5b0fa12a-3dd7-45bb-9766-cc326314d9f1,1.503157300001476,1.8054134110797977e-06,1.201080825724643e-06,1.5001642545000002,0.0,10.0,4.176873580131998e-07,0.0,2.78365000000728e-06,3.2013373580204795e-06,0.0,Tunisia,TUN,,,,Windows-11-10.0.26200-SP0,3.13.3,3.2.6,8,Intel(R) Core(TM) i7-8650U CPU @ 1.90GHz,0,,,,7.87811279296875,machine,0.0,0,0.0,0.0,N,1.0,0.0
2026-05-07T10:17:14,codecarbon,bc0181f1-96eb-402e-9a46-ebbae6e694e2,5b0fa12a-3dd7-45bb-9766-cc326314d9f1,1.50295080000069,1.8053190563919795e-06,1.2011830702582883e-06,1.500006912,0.0,10.0,4.176258827457402e-07,0.0,2.783544166676519e-06,3.201170049422259e-06,0.0,Tunisia,TUN,,,,Windows-11-10.0.26200-SP0,3.13.3,3.2.6,8,Intel(R) Core(TM) i7-8650U CPU @ 1.90GHz,0,,,,7.87811279296875,machine,0.0,0,0.0,0.0,N,1.0,0.0
2026-05-07T10:17:17,codecarbon,09ea8f63-e84d-4c6e-9f74-90fc76671759,5b0fa12a-3dd7-45bb-9766-cc326314d9f1,1.5034078999888152,1.8055198060606664e-06,1.2009513892231768e-06,1.500108,0.0,10.0,4.176949051984909e-07,0.0,2.783831111123113e-06,3.201526016321604e-06,0.0,Tunisia,TUN,,,,Windows-11-10.0.26200-SP0,3.13.3,3.2.6,8,Intel(R) Core(TM) i7-8650U CPU @ 1.90GHz,0,,,,7.87811279296875,machine,0.0,0,0.0,0.0,N,1.0,0.0
2026-05-07T10:17:20,codecarbon,eb9d45c5-c020-42bc-960e-fe74fbf93ffb,5b0fa12a-3dd7-45bb-9766-cc326314d9f1,1.502626200002851,1.8047218347329656e-06,1.201045100058512e-06,1.5000925965000007,0.0,10.0,4.17505229762209e-07,0.0,2.7826058333933665e-06,3.2001110631555755e-06,0.0,Tunisia,TUN,,,,Windows-11-10.0.26200-SP0,3.13.3,3.2.6,8,Intel(R) Core(TM) i7-8650U CPU @ 1.90GHz,0,,,,7.87811279296875,machine,0.0,0,0.0,0.0,N,1.0,0.0
2026-05-07T10:17:23,codecarbon,0ff5cfcf-b62f-4f73-a1ed-1b58c0b2551a,5b0fa12a-3dd7-45bb-9766-cc326314d9f1,1.5027650999836624,1.804871514603732e-06,1.2010336909097465e-06,1.5000455625000004,0.0,10.0,4.175298070828793e-07,0.0,2.782846666620268e-06,3.200376473703147e-06,0.0,Tunisia,TUN,,,,Windows-11-10.0.26200-SP0,3.13.3,3.2.6,8,Intel(R) Core(TM) i7-8650U CPU @ 1.90GHz,0,,,,7.87811279296875,machine,0.0,0,0.0,0.0,N,1.0,0.0
2026-05-07T10:17:26,codecarbon,8094b29b-5812-4fc1-8cb2-beb89e63bc42,5b0fa12a-3dd7-45bb-9766-cc326314d9f1,1.5031249000167008,1.805390733690314e-06,1.2010916282939994e-06,1.500006912,0.0,10.0,4.176449244996244e-07,0.0,2.783652222246424e-06,3.201297146746048e-06,0.0,Tunisia,TUN,,,,Windows-11-10.0.26200-SP0,3.13.3,3.2.6,8,Intel(R) Core(TM) i7-8650U CPU @ 1.90GHz,0,,,,7.87811279296875,machine,0.0,0,0.0,0.0,N,1.0,0.0
2026-05-07T10:17:29,codecarbon,42f6a37f-30af-425e-b10d-8389e48cfdd0,5b0fa12a-3dd7-45bb-9766-cc326314d9f1,1.5034006999921985,1.8058787125037496e-06,1.2011958704775918e-06,1.500006912,0.0,10.0,4.177432582829873e-07,0.0,2.784419166629151e-06,3.202162424912138e-06,0.0,Tunisia,TUN,,,,Windows-11-10.0.26200-SP0,3.13.3,3.2.6,8,Intel(R) Core(TM) i7-8650U CPU @ 1.90GHz,0,,,,7.87811279296875,machine,0.0,0,0.0,0.0,N,1.0,0.0
2026-05-07T10:17:32,codecarbon,13cd1c18-873c-487a-9fb3-1e3e87badd25,5b0fa12a-3dd7-45bb-9766-cc326314d9f1,1.502931000024546,1.8053635300644577e-06,1.2012284862278923e-06,1.500055296,0.0,10.0,4.176500206924849e-07,0.0,2.7835988889112034e-06,3.201248909603688e-06,0.0,Tunisia,TUN,,,,Windows-11-10.0.26200-SP0,3.13.3,3.2.6,8,Intel(R) Core(TM) i7-8650U CPU @ 1.90GHz,0,,,,7.87811279296875,machine,0.0,0,0.0,0.0,N,1.0,0.0
2026-05-07T10:17:35,codecarbon,d6074e37-7e34-4120-96fa-0eb2b320e9f0,5b0fa12a-3dd7-45bb-9766-cc326314d9f1,1.503707800002303,1.8064751299772688e-06,1.2013471832589433e-06,1.5000233280000006,0.0,10.0,4.17897207376861e-07,0.0,2.785322777829909e-06,3.20321998520677e-06,0.0,Tunisia,TUN,,,,Windows-11-10.0.26200-SP0,3.13.3,3.2.6,8,Intel(R) Core(TM) i7-8650U CPU @ 1.90GHz,0,,,,7.87811279296875,machine,0.0,0,0.0,0.0,N,1.0,0.0
2026-05-07T10:17:38,codecarbon,90884814-d2ed-4392-887e-126d678f4238,5b0fa12a-3dd7-45bb-9766-cc326314d9f1,1.5116619000036735,1.8287658724599368e-06,1.2097717568032198e-06,1.5522435555,0.0,10.0,4.358012173691307e-07,0.0,2.806944444455439e-06,3.24274566182457e-06,0.0,Tunisia,TUN,,,,Windows-11-10.0.26200-SP0,3.13.3,3.2.6,8,Intel(R) Core(TM) i7-8650U CPU @ 1.90GHz,0,,,,7.87811279296875,machine,0.0,0,0.0,0.0,N,1.0,0.0
2026-05-07T10:17:40,codecarbon,3ed0eca1-b807-409f-a36a-671f7a42f1dd,5b0fa12a-3dd7-45bb-9766-cc326314d9f1,1.5033517999981996,1.8126776861299096e-06,1.2057574854615404e-06,1.5428830605,0.0,10.0,4.296960609751437e-07,0.0,2.7845222222418268e-06,3.2142182832169705e-06,0.0,Tunisia,TUN,,,,Windows-11-10.0.26200-SP0,3.13.3,3.2.6,8,Intel(R) Core(TM) i7-8650U CPU @ 1.90GHz,0,,,,7.87811279296875,machine,0.0,0,0.0,0.0,N,1.0,0.0
2026-05-07T10:17:43,codecarbon,9f676770-4da7-4676-9944-f59dbffbe721,5b0fa12a-3dd7-45bb-9766-cc326314d9f1,1.5033675000013318,1.8149122232773071e-06,1.2072312480319678e-06,1.5584650845,0.0,10.0,4.33985815371577e-07,0.0,2.784194722254243e-06,3.21818053762582e-06,0.0,Tunisia,TUN,,,,Windows-11-10.0.26200-SP0,3.13.3,3.2.6,8,Intel(R) Core(TM) i7-8650U CPU @ 1.90GHz,0,,,,7.87811279296875,machine,0.0,0,0.0,0.0,N,1.0,0.0
2026-05-07T10:17:46,codecarbon,b25bb66d-33bc-4829-8733-fafcdc3ea3b4,5b0fa12a-3dd7-45bb-9766-cc326314d9f1,1.5038478999922518,1.8828585547927373e-06,1.2520272527577013e-06,1.9895733285000003,0.0,10.0,5.541310447824386e-07,0.0,2.784531111117556e-06,3.3386621558999945e-06,0.0,Tunisia,TUN,,,,Windows-11-10.0.26200-SP0,3.13.3,3.2.6,8,Intel(R) Core(TM) i7-8650U CPU @ 1.90GHz,0,,,,7.87811279296875,machine,0.0,0,0.0,0.0,N,1.0,0.0
2026-05-07T10:17:49,codecarbon,0343a95f-9a39-49e3-b91b-a4435ae80922,5b0fa12a-3dd7-45bb-9766-cc326314d9f1,1.503072300023632,1.8295287824529973e-06,1.2171928006551864e-06,1.6537734375000006,0.0,10.0,4.6043983355036266e-07,0.0,2.783658611103116e-06,3.244098444653479e-06,0.0,Tunisia,TUN,,,,Windows-11-10.0.26200-SP0,3.13.3,3.2.6,8,Intel(R) Core(TM) i7-8650U CPU @ 1.90GHz,0,,,,7.87811279296875,machine,0.0,0,0.0,0.0,N,1.0,0.0
2026-05-07T10:17:52,codecarbon,2fa51216-b082-48da-a6bb-368a695bedbf,5b0fa12a-3dd7-45bb-9766-cc326314d9f1,1.503292599983979,1.8197350335723004e-06,1.210499561822957e-06,1.5897030720000005,0.0,10.0,4.4268200910598434e-07,0.0,2.7840502777608995e-06,3.226732286866884e-06,0.0,Tunisia,TUN,,,,Windows-11-10.0.26200-SP0,3.13.3,3.2.6,8,Intel(R) Core(TM) i7-8650U CPU @ 1.90GHz,0,,,,7.87811279296875,machine,0.0,0,0.0,0.0,N,1.0,0.0
2026-05-07T10:17:55,codecarbon,fd00d78c-025e-4c96-9535-09a5ca467ee3,5b0fa12a-3dd7-45bb-9766-cc326314d9f1,1.5036265999951866,1.821869414937814e-06,1.2116501629750673e-06,1.6001008125000002,0.0,10.0,4.456808351517487e-07,0.0,2.784836111095501e-06,3.23051694624725e-06,0.0,Tunisia,TUN,,,,Windows-11-10.0.26200-SP0,3.13.3,3.2.6,8,Intel(R) Core(TM) i7-8650U CPU @ 1.90GHz,0,,,,7.87811279296875,machine,0.0,0,0.0,0.0,N,1.0,0.0
2026-05-07T10:17:58,codecarbon,842ad721-87ac-44b7-b228-db13f0388e4c,5b0fa12a-3dd7-45bb-9766-cc326314d9f1,1.5038021000218578,1.823140073626494e-06,1.21235372234152e-06,1.608,0.0,10.0,4.47892007342889e-07,0.0,2.784878055616799e-06,3.232770062959688e-06,0.0,Tunisia,TUN,,,,Windows-11-10.0.26200-SP0,3.13.3,3.2.6,8,Intel(R) Core(TM) i7-8650U CPU @ 1.90GHz,0,,,,7.87811279296875,machine,0.0,0,0.0,0.0,N,1.0,0.0
2026-05-07T10:18:01,codecarbon,34752ca5-8a30-401d-b0b1-db8a148b3e06,5b0fa12a-3dd7-45bb-9766-cc326314d9f1,1.5029609999910465,1.8135773993961465e-06,1.206669633747616e-06,1.5552960000000002,0.0,10.0,4.3290225511513813e-07,0.0,2.7829113888502537e-06,3.215813643965392e-06,0.0,Tunisia,TUN,,,,Windows-11-10.0.26200-SP0,3.13.3,3.2.6,8,Intel(R) Core(TM) i7-8650U CPU @ 1.90GHz,0,,,,7.87811279296875,machine,0.0,0,0.0,0.0,N,1.0,0.0
2026-05-07T10:18:04,codecarbon,896a8eb0-69ae-4bb5-848a-440ea8581bb6,5b0fa12a-3dd7-45bb-9766-cc326314d9f1,1.5030790000164416,1.816408705221468e-06,1.2084585741678244e-06,1.571118324,0.0,10.0,4.373899146967929e-07,0.0,2.783444166723509e-06,3.2208340814203024e-06,0.0,Tunisia,TUN,,,,Windows-11-10.0.26200-SP0,3.13.3,3.2.6,8,Intel(R) Core(TM) i7-8650U CPU @ 1.90GHz,0,,,,7.87811279296875,machine,0.0,0,0.0,0.0,N,1.0,0.0
2026-05-07T10:18:07,codecarbon,610445c9-8dc5-4546-b838-8ebb2e713a03,5b0fa12a-3dd7-45bb-9766-cc326314d9f1,1.5033999999868684,1.82017609304964e-06,1.2107064607326984e-06,1.5940662585,0.0,10.0,4.438179793850404e-07,0.0,2.7836963888451764e-06,3.227514368230217e-06,0.0,Tunisia,TUN,,,,Windows-11-10.0.26200-SP0,3.13.3,3.2.6,8,Intel(R) Core(TM) i7-8650U CPU @ 1.90GHz,0,,,,7.87811279296875,machine,0.0,0,0.0,0.0,N,1.0,0.0
2026-05-07T10:18:10,codecarbon,824f5054-bf4a-4fd5-8575-6d8be84ce3ac,5b0fa12a-3dd7-45bb-9766-cc326314d9f1,1.503306800004793,1.8276331927315688e-06,1.2157419847537057e-06,1.639863132,0.0,10.0,4.566366521477997e-07,0.0,2.7841005555981405e-06,3.24073720774594e-06,0.0,Tunisia,TUN,,,,Windows-11-10.0.26200-SP0,3.13.3,3.2.6,8,Intel(R) Core(TM) i7-8650U CPU @ 1.90GHz,0,,,,7.87811279296875,machine,0.0,0,0.0,0.0,N,1.0,0.0
2026-05-07T10:18:13,codecarbon,b633e934-3d81-4d26-b287-b86cc7d82b5d,5b0fa12a-3dd7-45bb-9766-cc326314d9f1,1.503652699990198,1.877320491937144e-06,1.248506714316e-06,1.950714348,0.0,10.0,5.434601849543441e-07,0.0,2.785381944462036e-06,3.3288421294163803e-06,0.0,Tunisia,TUN,,,,Windows-11-10.0.26200-SP0,3.13.3,3.2.6,8,Intel(R) Core(TM) i7-8650U CPU @ 1.90GHz,0,,,,7.87811279296875,machine,0.0,0,0.0,0.0,N,1.0,0.0
2026-05-07T10:18:16,codecarbon,cd26b71f-2c34-4ded-89d1-dbc98d0045a0,5b0fa12a-3dd7-45bb-9766-cc326314d9f1,1.5037733000062872,1.834957051305495e-06,1.2202351586491284e-06,1.681997172,0.0,10.0,4.685915635328986e-07,0.0,2.785132222197717e-06,3.2537237857306155e-06,0.0,Tunisia,TUN,,,,Windows-11-10.0.26200-SP0,3.13.3,3.2.6,8,Intel(R) Core(TM) i7-8650U CPU @ 1.90GHz,0,,,,7.87811279296875,machine,0.0,0,0.0,0.0,N,1.0,0.0
2026-05-07T10:18:18,codecarbon,c4c92588-5575-4199-8b2f-9a6ebc9f00fc,5b0fa12a-3dd7-45bb-9766-cc326314d9f1,1.5042079999984708,1.816192642865384e-06,1.2074079135779298e-06,1.5606436875,0.0,10.0,4.348487400283414e-07,0.0,2.7856022222193945e-06,3.220450962247736e-06,0.0,Tunisia,TUN,,,,Windows-11-10.0.26200-SP0,3.13.3,3.2.6,8,Intel(R) Core(TM) i7-8650U CPU @ 1.90GHz,0,,,,7.87811279296875,machine,0.0,0,0.0,0.0,N,1.0,0.0
2026-05-07T10:18:21,codecarbon,1bfcd15c-4727-40f9-89fb-cc312008492c,5b0fa12a-3dd7-45bb-9766-cc326314d9f1,1.5029142999846954,1.8056211899472363e-06,1.2014132741737992e-06,1.501000188,0.0,10.0,4.179252335045761e-07,0.0,2.7837805555059783e-06,3.2017057890105544e-06,0.0,Tunisia,TUN,,,,Windows-11-10.0.26200-SP0,3.13.3,3.2.6,8,Intel(R) Core(TM) i7-8650U CPU @ 1.90GHz,0,,,,7.87811279296875,machine,0.0,0,0.0,0.0,N,1.0,0.0
2026-05-07T10:18:24,codecarbon,84ab9487-8f4c-46f8-b88c-8de7fd51e90a,5b0fa12a-3dd7-45bb-9766-cc326314d9f1,1.5059450000117067,1.8140034079896816e-06,1.2045615264671557e-06,1.532482404,0.0,10.0,4.2755875950783574e-07,0.0,2.789010277774651e-06,3.2165690372824864e-06,0.0,Tunisia,TUN,,,,Windows-11-10.0.26200-SP0,3.13.3,3.2.6,8,Intel(R) Core(TM) i7-8650U CPU @ 1.90GHz,0,,,,7.87811279296875,machine,0.0,0,0.0,0.0,N,1.0,0.0
2026-05-07T10:18:27,codecarbon,ac8517f5-3a6b-453b-8bb9-b7798d566033,5b0fa12a-3dd7-45bb-9766-cc326314d9f1,1.5035542999976317,1.805950226486902e-06,1.2011207220715254e-06,1.5000925965000007,0.0,10.0,4.177764548410968e-07,0.0,2.784512777806312e-06,3.2022892326474086e-06,0.0,Tunisia,TUN,,,,Windows-11-10.0.26200-SP0,3.13.3,3.2.6,8,Intel(R) Core(TM) i7-8650U CPU @ 1.90GHz,0,,,,7.87811279296875,machine,0.0,0,0.0,0.0,N,1.0,0.0
2026-05-07T10:18:30,codecarbon,c57af448-574b-47d4-8f12-09068773352a,5b0fa12a-3dd7-45bb-9766-cc326314d9f1,1.5028286000015214,1.805082805479048e-06,1.2011235382912064e-06,1.5004021785,0.0,10.0,4.176564099381423e-07,0.0,2.783094722205229e-06,3.200751132143372e-06,0.0,Tunisia,TUN,,,,Windows-11-10.0.26200-SP0,3.13.3,3.2.6,8,Intel(R) Core(TM) i7-8650U CPU @ 1.90GHz,0,,,,7.87811279296875,machine,0.0,0,0.0,0.0,N,1.0,0.0
2026-05-07T10:18:33,codecarbon,5b19148d-183a-4aa1-a7b6-a6a3eb7d31a4,5b0fa12a-3dd7-45bb-9766-cc326314d9f1,1.5029481000092346,1.80500495631788e-06,1.2009762388380472e-06,1.5000233280000006,0.0,10.0,4.1755253534482093e-07,0.0,2.783060555601777e-06,3.200613090946598e-06,0.0,Tunisia,TUN,,,,Windows-11-10.0.26200-SP0,3.13.3,3.2.6,8,Intel(R) Core(TM) i7-8650U CPU @ 1.90GHz,0,,,,7.87811279296875,machine,0.0,0,0.0,0.0,N,1.0,0.0
2026-05-07T10:18:36,codecarbon,3fcbd168-4967-4c00-bf04-27adf7de68e8,5b0fa12a-3dd7-45bb-9766-cc326314d9f1,1.503289100015536,1.805997975002486e-06,1.2013643782714993e-06,1.500108,0.0,10.0,4.178119552981296e-07,0.0,2.7845619444431376e-06,3.202373899741267e-06,0.0,Tunisia,TUN,,,,Windows-11-10.0.26200-SP0,3.13.3,3.2.6,8,Intel(R) Core(TM) i7-8650U CPU @ 1.90GHz,0,,,,7.87811279296875,machine,0.0,0,0.0,0.0,N,1.0,0.0
2026-05-07T10:18:39,codecarbon,88cf9d2d-fdc9-4614-8a54-72c4389dd2ed,5b0fa12a-3dd7-45bb-9766-cc326314d9f1,1.5035881999938283,1.8062723571569327e-06,1.2013078828128256e-06,1.500055296,0.0,10.0,4.178509864240641e-07,0.0,2.785009444455177e-06,3.202860430879241e-06,0.0,Tunisia,TUN,,,,Windows-11-10.0.26200-SP0,3.13.3,3.2.6,8,Intel(R) Core(TM) i7-8650U CPU @ 1.90GHz,0,,,,7.87811279296875,machine,0.0,0,0.0,0.0,N,1.0,0.0
2026-05-07T10:18:42,codecarbon,5f78cdb0-8b74-487f-91cd-289a6afef829,5b0fa12a-3dd7-45bb-9766-cc326314d9f1,1.5032613999792377,1.806255407298628e-06,1.201557764553507e-06,1.5066560265,0.0,10.0,4.194414867460493e-07,0.0,2.783388888848196e-06,3.2028303755942447e-06,0.0,Tunisia,TUN,,,,Windows-11-10.0.26200-SP0,3.13.3,3.2.6,8,Intel(R) Core(TM) i7-8650U CPU @ 1.90GHz,0,,,,7.87811279296875,machine,0.0,0,0.0,0.0,N,1.0,0.0
2026-05-07T10:18:45,codecarbon,866bc3c2-03c8-4562-b464-acebd97a607f,5b0fa12a-3dd7-45bb-9766-cc326314d9f1,1.503245900006732,1.8049915110736384e-06,1.2007293757232632e-06,1.5,0.0,10.0,4.175342499972127e-07,0.0,2.783055000003919e-06,3.200589250001132e-06,0.0,Tunisia,TUN,,,,Windows-11-10.0.26200-SP0,3.13.3,3.2.6,8,Intel(R) Core(TM) i7-8650U CPU @ 1.90GHz,0,,,,7.87811279296875,machine,0.0,0,0.0,0.0,N,1.0,0.0
2026-05-07T10:18:48,codecarbon,2e51b089-97e7-4886-a243-28450233c19a,5b0fa12a-3dd7-45bb-9766-cc326314d9f1,1.503408099990338,1.8060928805016296e-06,1.2013324130109697e-06,1.5000008640000002,0.0,10.0,4.178077406492186e-07,0.0,2.78473444438229e-06,3.2025421850315086e-06,0.0,Tunisia,TUN,,,,Windows-11-10.0.26200-SP0,3.13.3,3.2.6,8,Intel(R) Core(TM) i7-8650U CPU @ 1.90GHz,0,,,,7.87811279296875,machine,0.0,0,0.0,0.0,N,1.0,0.0
2026-05-07T10:18:51,codecarbon,f9901b02-70d9-461a-9270-3a4e8365d92e,5b0fa12a-3dd7-45bb-9766-cc326314d9f1,1.5035297000140415,1.807038753742777e-06,1.2018643554070805e-06,1.505038848,0.0,10.0,4.192260627094872e-07,0.0,2.784993333383075e-06,3.2042193960925623e-06,0.0,Tunisia,TUN,,,,Windows-11-10.0.26200-SP0,3.13.3,3.2.6,8,Intel(R) Core(TM) i7-8650U CPU @ 1.90GHz,0,,,,7.87811279296875,machine,0.0,0,0.0,0.0,N,1.0,0.0
2026-05-07T10:18:53,codecarbon,31af5001-fc54-410b-8127-74cb9d5b180d,5b0fa12a-3dd7-45bb-9766-cc326314d9f1,1.5029465999978129,1.805547838372743e-06,1.2013386492742792e-06,1.5002657205,0.0,10.0,4.177312784032784e-07,0.0,2.7838444444771288e-06,3.201575722880407e-06,0.0,Tunisia,TUN,,,,Windows-11-10.0.26200-SP0,3.13.3,3.2.6,8,Intel(R) Core(TM) i7-8650U CPU @ 1.90GHz,0,,,,7.87811279296875,machine,0.0,0,0.0,0.0,N,1.0,0.0
2026-05-07T10:18:56,codecarbon,62f94e32-2d6e-410e-8379-a562b1b85220,5b0fa12a-3dd7-45bb-9766-cc326314d9f1,1.504688700020779,1.806630877510867e-06,1.2006675383990844e-06,1.501000188,0.0,10.0,4.181614325766757e-07,0.0,2.785334722284461e-06,3.203496154861136e-06,0.0,Tunisia,TUN,,,,Windows-11-10.0.26200-SP0,3.13.3,3.2.6,8,Intel(R) Core(TM) i7-8650U CPU @ 1.90GHz,0,,,,7.87811279296875,machine,0.0,0,0.0,0.0,N,1.0,0.0
2026-05-07T10:18:59,codecarbon,ab6c6d23-d5a9-48cb-9fbc-782f7ad2c996,5b0fa12a-3dd7-45bb-9766-cc326314d9f1,1.5032322999904864,1.8053771316565143e-06,1.2009967665462883e-06,1.5,0.0,10.0,4.176435833263289e-07,0.0,2.7836294444568925e-06,3.2012730277832216e-06,0.0,Tunisia,TUN,,,,Windows-11-10.0.26200-SP0,3.13.3,3.2.6,8,Intel(R) Core(TM) i7-8650U CPU @ 1.90GHz,0,,,,7.87811279296875,machine,0.0,0,0.0,0.0,N,1.0,0.0
2026-05-07T10:19:02,codecarbon,dd0b4aa7-122c-4218-9388-2bc42becbc2c,5b0fa12a-3dd7-45bb-9766-cc326314d9f1,1.5025921000051312,1.8047640747020683e-06,1.201100468115003e-06,1.502125764,0.0,10.0,4.180229070023671e-07,0.0,2.782163055558664e-06,3.2001859625610306e-06,0.0,Tunisia,TUN,,,,Windows-11-10.0.26200-SP0,3.13.3,3.2.6,8,Intel(R) Core(TM) i7-8650U CPU @ 1.90GHz,0,,,,7.87811279296875,machine,0.0,0,0.0,0.0,N,1.0,0.0
2026-05-07T10:19:05,codecarbon,6feb5300-4434-4927-a23c-0e71eadddeec,5b0fa12a-3dd7-45bb-9766-cc326314d9f1,1.503345899982378,1.8190210742369783e-06,1.2099817309232033e-06,1.584098304,0.0,10.0,4.411888027402704e-07,0.0,2.78427750001558e-06,3.2254663027558505e-06,0.0,Tunisia,TUN,,,,Windows-11-10.0.26200-SP0,3.13.3,3.2.6,8,Intel(R) Core(TM) i7-8650U CPU @ 1.90GHz,0,,,,7.87811279296875,machine,0.0,0,0.0,0.0,N,1.0,0.0
2026-05-07T10:19:08,codecarbon,fe50f5a6-4eb5-49ad-9a80-0e86994dbbc2,5b0fa12a-3dd7-45bb-9766-cc326314d9f1,1.5034104000078514,1.8170567999962016e-06,1.2086232741151134e-06,1.5735989760000002,0.0,10.0,4.38175497510449e-07,0.0,2.783807777773796e-06,3.221983275284245e-06,0.0,Tunisia,TUN,,,,Windows-11-10.0.26200-SP0,3.13.3,3.2.6,8,Intel(R) Core(TM) i7-8650U CPU @ 1.90GHz,0,,,,7.87811279296875,machine,0.0,0,0.0,0.0,N,1.0,0.0
2026-05-07T10:19:11,codecarbon,0940c068-0012-49d2-b9e6-146636757df2,5b0fa12a-3dd7-45bb-9766-cc326314d9f1,1.5038817999884486,1.8143111683856285e-06,1.2064187281204974e-06,1.5502723125000002,0.0,10.0,4.319169765496726e-07,0.0,2.7851977777673813e-06,3.2171147543170538e-06,0.0,Tunisia,TUN,,,,Windows-11-10.0.26200-SP0,3.13.3,3.2.6,8,Intel(R) Core(TM) i7-8650U CPU @ 1.90GHz,0,,,,7.87811279296875,machine,0.0,0,0.0,0.0,N,1.0,0.0
2026-05-07T10:19:14,codecarbon,2a1a904b-b73d-4e1f-9bfe-c2d165342a6d,5b0fa12a-3dd7-45bb-9766-cc326314d9f1,1.5038152000051923,1.814581308525847e-06,1.20665179373076e-06,1.5563392935,0.0,10.0,4.334257080201783e-07,0.0,2.7841680555462115e-06,3.21759376356639e-06,0.0,Tunisia,TUN,,,,Windows-11-10.0.26200-SP0,3.13.3,3.2.6,8,Intel(R) Core(TM) i7-8650U CPU @ 1.90GHz,0,,,,7.87811279296875,machine,0.0,0,0.0,0.0,N,1.0,0.0
2026-05-07T10:19:17,codecarbon,596a0b68-3192-41cb-87ae-3e741670506b,5b0fa12a-3dd7-45bb-9766-cc326314d9f1,1.5033863999997266,1.82409532058791e-06,1.2133243460152636e-06,1.614610464,0.0,10.0,4.497430620596164e-07,0.0,2.784720833329225e-06,3.234463895388842e-06,0.0,Tunisia,TUN,,,,Windows-11-10.0.26200-SP0,3.13.3,3.2.6,8,Intel(R) Core(TM) i7-8650U CPU @ 1.90GHz,0,,,,7.87811279296875,machine,0.0,0,0.0,0.0,N,1.0,0.0
2026-05-07T10:19:20,codecarbon,1685b626-6cdf-420b-9e3d-d4edb774f9a2,5b0fa12a-3dd7-45bb-9766-cc326314d9f1,1.503345300006913,1.81232514085709e-06,1.2055281915929468e-06,1.543764192,0.0,10.0,4.298567652698565e-07,0.0,2.7837363889072244e-06,3.213593154177081e-06,0.0,Tunisia,TUN,,,,Windows-11-10.0.26200-SP0,3.13.3,3.2.6,8,Intel(R) Core(TM) i7-8650U CPU @ 1.90GHz,0,,,,7.87811279296875,machine,0.0,0,0.0,0.0,N,1.0,0.0
2026-05-07T10:19:23,codecarbon,34c22af0-c217-4285-8229-801ce27de251,5b0fa12a-3dd7-45bb-9766-cc326314d9f1,1.5026544000138529,1.8128407501024705e-06,1.2064256092989563e-06,1.5542656665,0.0,10.0,4.325135373955748e-07,0.0,2.781993888897381e-06,3.2145074262929564e-06,0.0,Tunisia,TUN,,,,Windows-11-10.0.26200-SP0,3.13.3,3.2.6,8,Intel(R) Core(TM) i7-8650U CPU @ 1.90GHz,0,,,,7.87811279296875,machine,0.0,0,0.0,0.0,N,1.0,0.0
2026-05-07T10:19:26,codecarbon,d0ae7977-9209-4229-85e4-895e634a9245,5b0fa12a-3dd7-45bb-9766-cc326314d9f1,1.5027803999837488,1.812661992690515e-06,1.2062055059475871e-06,1.547409408,0.0,10.0,4.30822678060861e-07,0.0,2.783367777738022e-06,3.2141904557988832e-06,0.0,Tunisia,TUN,,,,Windows-11-10.0.26200-SP0,3.13.3,3.2.6,8,Intel(R) Core(TM) i7-8650U CPU @ 1.90GHz,0,,,,7.87811279296875,machine,0.0,0,0.0,0.0,N,1.0,0.0
2026-05-07T10:19:29,codecarbon,66e8551f-5988-4d92-9a24-dce15260e729,5b0fa12a-3dd7-45bb-9766-cc326314d9f1,1.5035022999800276,1.8185349058274444e-06,1.2095325067687637e-06,1.5854769375000006,0.0,10.0,4.413895126273548e-07,0.0,2.783214722148841e-06,3.224604234776196e-06,0.0,Tunisia,TUN,,,,Windows-11-10.0.26200-SP0,3.13.3,3.2.6,8,Intel(R) Core(TM) i7-8650U CPU @ 1.90GHz,0,,,,7.87811279296875,machine,0.0,0,0.0,0.0,N,1.0,0.0
2026-05-07T10:19:31,codecarbon,0b03037f-09d1-49d1-ae53-01fc8e365314,5b0fa12a-3dd7-45bb-9766-cc326314d9f1,1.5035848999978043,1.813254297037821e-06,1.2059540482486018e-06,1.5493055640000004,0.0,10.0,4.314143338826232e-07,0.0,2.783826388864933e-06,3.2152407227475564e-06,0.0,Tunisia,TUN,,,,Windows-11-10.0.26200-SP0,3.13.3,3.2.6,8,Intel(R) Core(TM) i7-8650U CPU @ 1.90GHz,0,,,,7.87811279296875,machine,0.0,0,0.0,0.0,N,1.0,0.0
2026-05-07T10:19:34,codecarbon,4b94d7db-13bc-40bc-b850-09ba57f74ab2,5b0fa12a-3dd7-45bb-9766-cc326314d9f1,1.5035051000013482,1.812602379960788e-06,1.2055844572520323e-06,1.5420138360000002,0.0,10.0,4.29501140110027e-07,0.0,2.7845836111130966e-06,3.2140847512231234e-06,0.0,Tunisia,TUN,,,,Windows-11-10.0.26200-SP0,3.13.3,3.2.6,8,Intel(R) Core(TM) i7-8650U CPU @ 1.90GHz,0,,,,7.87811279296875,machine,0.0,0,0.0,0.0,N,1.0,0.0
2026-05-07T10:19:37,codecarbon,22b5c19b-141b-48b0-a844-544e48401108,5b0fa12a-3dd7-45bb-9766-cc326314d9f1,1.5030346999992616,1.8260112260957787e-06,1.2148829472111826e-06,1.6304585595,0.0,10.0,4.5402337824498724e-07,0.0,2.783837777759699e-06,3.237861156004686e-06,0.0,Tunisia,TUN,,,,Windows-11-10.0.26200-SP0,3.13.3,3.2.6,8,Intel(R) Core(TM) i7-8650U CPU @ 1.90GHz,0,,,,7.87811279296875,machine,0.0,0,0.0,0.0,N,1.0,0.0
2026-05-07T10:19:40,codecarbon,708e3b24-388b-46fd-b2a1-45949d57a145,5b0fa12a-3dd7-45bb-9766-cc326314d9f1,1.503015599999344,1.8197256405607656e-06,1.2107164027848814e-06,1.5897030720000005,0.0,10.0,4.426922980187678e-07,0.0,2.7840233332729744e-06,3.2267156312917423e-06,0.0,Tunisia,TUN,,,,Windows-11-10.0.26200-SP0,3.13.3,3.2.6,8,Intel(R) Core(TM) i7-8650U CPU @ 1.90GHz,0,,,,7.87811279296875,machine,0.0,0,0.0,0.0,N,1.0,0.0
2026-05-07T10:19:43,codecarbon,0ee9dbcd-ad40-4e85-b944-a4679024899a,5b0fa12a-3dd7-45bb-9766-cc326314d9f1,1.5032044999825305,1.8342881784049303e-06,1.2202519207641064e-06,1.681997172,0.0,10.0,4.684066372807334e-07,0.0,2.784131111062986e-06,3.252537748343719e-06,0.0,Tunisia,TUN,,,,Windows-11-10.0.26200-SP0,3.13.3,3.2.6,8,Intel(R) Core(TM) i7-8650U CPU @ 1.90GHz,0,,,,7.87811279296875,machine,0.0,0,0.0,0.0,N,1.0,0.0
2026-05-07T10:19:46,codecarbon,59a521d7-6a73-47e7-adef-a1f6d6e56e88,5b0fa12a-3dd7-45bb-9766-cc326314d9f1,1.504396500007715,1.81446061283254e-06,1.2061053138738586e-06,1.547409408,0.0,10.0,4.312433585026048e-07,0.0,2.7861363889112704e-06,3.217379747413875e-06,0.0,Tunisia,TUN,,,,Windows-11-10.0.26200-SP0,3.13.3,3.2.6,8,Intel(R) Core(TM) i7-8650U CPU @ 1.90GHz,0,,,,7.87811279296875,machine,0.0,0,0.0,0.0,N,1.0,0.0
2026-05-07T10:19:49,codecarbon,42fca96b-3ba7-4d45-9eea-a8094cf29957,5b0fa12a-3dd7-45bb-9766-cc326314d9f1,1.502834500017343,1.804775074295008e-06,1.2009140555890757e-06,1.5002657205,0.0,10.0,4.175407446614063e-07,0.0,2.782664722245601e-06,3.200205466907007e-06,0.0,Tunisia,TUN,,,,Windows-11-10.0.26200-SP0,3.13.3,3.2.6,8,Intel(R) Core(TM) i7-8650U CPU @ 1.90GHz,0,,,,7.87811279296875,machine,0.0,0,0.0,0.0,N,1.0,0.0
2026-05-07T10:19:52,codecarbon,2413f6b6-2503-47cc-a03b-e6ece774ab35,5b0fa12a-3dd7-45bb-9766-cc326314d9f1,1.5036163000040688,1.8132285061189047e-06,1.205911711727253e-06,1.5420138360000002,0.0,10.0,4.2962360170635014e-07,0.0,2.7855713888938125e-06,3.215194990600162e-06,0.0,Tunisia,TUN,,,,Windows-11-10.0.26200-SP0,3.13.3,3.2.6,8,Intel(R) Core(TM) i7-8650U CPU @ 1.90GHz,0,,,,7.87811279296875,machine,0.0,0,0.0,0.0,N,1.0,0.0
2026-05-07T10:19:55,codecarbon,2cc64f6e-273d-4c7d-a08e-c93f7dc722ec,5b0fa12a-3dd7-45bb-9766-cc326314d9f1,1.502882699976908,1.8053482203073136e-06,1.2012569047039087e-06,1.500108,0.0,10.0,4.176431514664915e-07,0.0,2.7835786110598644e-06,3.201221762526356e-06,0.0,Tunisia,TUN,,,,Windows-11-10.0.26200-SP0,3.13.3,3.2.6,8,Intel(R) Core(TM) i7-8650U CPU @ 1.90GHz,0,,,,7.87811279296875,machine,0.0,0,0.0,0.0,N,1.0,0.0
2026-05-07T10:19:58,codecarbon,f2987bb2-2796-4532-947c-3d494d3f22cb,5b0fa12a-3dd7-45bb-9766-cc326314d9f1,1.502961399994092,1.8048074194881927e-06,1.2008341794375342e-06,1.500055296,0.0,10.0,4.175089321511177e-07,0.0,2.7827538888636304e-06,3.200262821014748e-06,0.0,Tunisia,TUN,,,,Windows-11-10.0.26200-SP0,3.13.3,3.2.6,8,Intel(R) Core(TM) i7-8650U CPU @ 1.90GHz,0,,,,7.87811279296875,machine,0.0,0,0.0,0.0,N,1.0,0.0
2026-05-07T10:20:01,codecarbon,11667267-3c90-45c6-863d-d140baf1d59f,5b0fa12a-3dd7-45bb-9766-cc326314d9f1,1.5029817999748047,1.8051268667994963e-06,1.201030422876549e-06,1.5002657205,0.0,10.0,4.176342612090074e-07,0.0,2.7831949999381327e-06,3.20082926114714e-06,0.0,Tunisia,TUN,,,,Windows-11-10.0.26200-SP0,3.13.3,3.2.6,8,Intel(R) Core(TM) i7-8650U CPU @ 1.90GHz,0,,,,7.87811279296875,machine,0.0,0,0.0,0.0,N,1.0,0.0
2026-05-07T10:20:04,codecarbon,27f5c4c1-ddd2-4b4b-b459-01463c9390e1,5b0fa12a-3dd7-45bb-9766-cc326314d9f1,1.5039686000091024,1.8068684689060864e-06,1.2014003941938352e-06,1.5000008640000002,0.0,10.0,4.179666157499502e-07,0.0,2.785950833317151e-06,3.203917449067101e-06,0.0,Tunisia,TUN,,,,Windows-11-10.0.26200-SP0,3.13.3,3.2.6,8,Intel(R) Core(TM) i7-8650U CPU @ 1.90GHz,0,,,,7.87811279296875,machine,0.0,0,0.0,0.0,N,1.0,0.0
2026-05-07T10:20:07,codecarbon,d4b4d59e-13ac-4a07-bf6c-baed35b1a5d8,5b0fa12a-3dd7-45bb-9766-cc326314d9f1,1.5024950000224635,1.8049926896595783e-06,1.2013302471107008e-06,1.5022460625,0.0,10.0,4.180821731373262e-07,0.0,2.782509166718228e-06,3.2005913398555536e-06,0.0,Tunisia,TUN,,,,Windows-11-10.0.26200-SP0,3.13.3,3.2.6,8,Intel(R) Core(TM) i7-8650U CPU @ 1.90GHz,0,,,,7.87811279296875,machine,0.0,0,0.0,0.0,N,1.0,0.0
2026-05-07T10:20:10,codecarbon,7891d813-95a2-440b-833c-27b29c66d2c1,5b0fa12a-3dd7-45bb-9766-cc326314d9f1,1.502899199986132,1.8054234580938376e-06,1.2012937781259696e-06,1.5006298560000004,0.0,10.0,4.177798954830082e-07,0.0,2.783575277781994e-06,3.201355173265002e-06,0.0,Tunisia,TUN,,,,Windows-11-10.0.26200-SP0,3.13.3,3.2.6,8,Intel(R) Core(TM) i7-8650U CPU @ 1.90GHz,0,,,,7.87811279296875,machine,0.0,0,0.0,0.0,N,1.0,0.0
2026-05-07T10:20:12,codecarbon,e37ad6fe-8ba2-4252-8dd4-1ee877b0aa19,5b0fa12a-3dd7-45bb-9766-cc326314d9f1,1.5029294000123627,1.8052231350145936e-06,1.201136350782508e-06,1.5000008640000002,0.0,10.0,4.175910738692887e-07,0.0,2.7834088889196414e-06,3.20099996278893e-06,0.0,Tunisia,TUN,,,,Windows-11-10.0.26200-SP0,3.13.3,3.2.6,8,Intel(R) Core(TM) i7-8650U CPU @ 1.90GHz,0,,,,7.87811279296875,machine,0.0,0,0.0,0.0,N,1.0,0.0
2026-05-07T10:20:15,codecarbon,8ec81563-80a5-47be-87fe-a8582c3c910c,5b0fa12a-3dd7-45bb-9766-cc326314d9f1,1.5032801999768708,1.805090038469644e-06,1.2007675205842644e-06,1.5000925965000007,0.0,10.0,4.175967354039786e-07,0.0,2.783167222191373e-06,3.2007639575953514e-06,0.0,Tunisia,TUN,,,,Windows-11-10.0.26200-SP0,3.13.3,3.2.6,8,Intel(R) Core(TM) i7-8650U CPU @ 1.90GHz,0,,,,7.87811279296875,machine,0.0,0,0.0,0.0,N,1.0,0.0
2026-05-07T10:20:18,codecarbon,da78c745-0b0e-41c7-b973-91bbd202a2a8,5b0fa12a-3dd7-45bb-9766-cc326314d9f1,1.5027128999936394,1.8053272261794776e-06,1.201378670660989e-06,1.501000188,0.0,10.0,4.178581471338904e-07,0.0,2.7833263888573533e-06,3.201184535991244e-06,0.0,Tunisia,TUN,,,,Windows-11-10.0.26200-SP0,3.13.3,3.2.6,8,Intel(R) Core(TM) i7-8650U CPU @ 1.90GHz,0,,,,7.87811279296875,machine,0.0,0,0.0,0.0,N,1.0,0.0
2026-05-07T10:20:21,codecarbon,7f01b304-187f-4109-a259-c7d4138ceca3,5b0fa12a-3dd7-45bb-9766-cc326314d9f1,1.5031008000078143,1.805538918627566e-06,1.2012094721912055e-06,1.5008008065,0.0,10.0,4.178818509615497e-07,0.0,2.783678055533932e-06,3.2015599064954817e-06,0.0,Tunisia,TUN,,,,Windows-11-10.0.26200-SP0,3.13.3,3.2.6,8,Intel(R) Core(TM) i7-8650U CPU @ 1.90GHz,0,,,,7.87811279296875,machine,0.0,0,0.0,0.0,N,1.0,0.0
2026-05-07T10:20:24,codecarbon,13c1bff5-2668-4a8c-bf13-db84235e2ef0,5b0fa12a-3dd7-45bb-9766-cc326314d9f1,1.5037109999975655,1.8066741702822425e-06,1.2014769927766488e-06,1.500055296,0.0,10.0,4.179631988872665e-07,0.0,2.785609722195659e-06,3.203572921082925e-06,0.0,Tunisia,TUN,,,,Windows-11-10.0.26200-SP0,3.13.3,3.2.6,8,Intel(R) Core(TM) i7-8650U CPU @ 1.90GHz,0,,,,7.87811279296875,machine,0.0,0,0.0,0.0,N,1.0,0.0
2026-05-07T10:20:27,codecarbon,8f962fbb-a93d-4044-861f-240a676b3ff5,5b0fa12a-3dd7-45bb-9766-cc326314d9f1,1.5042098999838345,1.807319047352092e-06,1.201507214765383e-06,1.5082906875,0.0,10.0,4.201211315634919e-07,0.0,2.784595277787756e-06,3.204716409351248e-06,0.0,Tunisia,TUN,,,,Windows-11-10.0.26200-SP0,3.13.3,3.2.6,8,Intel(R) Core(TM) i7-8650U CPU @ 1.90GHz,0,,,,7.87811279296875,machine,0.0,0,0.0,0.0,N,1.0,0.0
2026-05-07T10:20:30,codecarbon,7e58303e-a7e2-4851-b4c1-9d5ce8c28c7c,5b0fa12a-3dd7-45bb-9766-cc326314d9f1,1.5076995999843348,1.8127557361958547e-06,1.2023321729439269e-06,1.5014016105,0.0,10.0,4.198202918110923e-07,0.0,2.794536388844588e-06,3.21435668065568e-06,0.0,Tunisia,TUN,,,,Windows-11-10.0.26200-SP0,3.13.3,3.2.6,8,Intel(R) Core(TM) i7-8650U CPU @ 1.90GHz,0,,,,7.87811279296875,machine,0.0,0,0.0,0.0,N,1.0,0.0
2026-05-07T10:20:33,codecarbon,8f97268a-c534-40f2-a90a-aad71ba47450,5b0fa12a-3dd7-45bb-9766-cc326314d9f1,1.507763800007524,1.8264102027998e-06,1.2113370826323632e-06,1.584098304,0.0,10.0,4.429750055867704e-07,0.0,2.7955936111134687e-06,3.238568616700239e-06,0.0,Tunisia,TUN,,,,Windows-11-10.0.26200-SP0,3.13.3,3.2.6,8,Intel(R) Core(TM) i7-8650U CPU @ 1.90GHz,0,,,,7.87811279296875,machine,0.0,0,0.0,0.0,N,1.0,0.0
2026-05-07T10:20:36,codecarbon,2020dd6c-a9c5-47d8-80f4-d7f33841bb20,5b0fa12a-3dd7-45bb-9766-cc326314d9f1,1.5038014999881852,1.82289370305191e-06,1.2121903742390414e-06,1.6047922920000002,0.0,10.0,4.470587572473323e-07,0.0,2.785274444371074e-06,3.2323332016184065e-06,0.0,Tunisia,TUN,,,,Windows-11-10.0.26200-SP0,3.13.3,3.2.6,8,Intel(R) Core(TM) i7-8650U CPU @ 1.90GHz,0,,,,7.87811279296875,machine,0.0,0,0.0,0.0,N,1.0,0.0
2026-05-07T10:20:39,codecarbon,fd0cb5e0-a666-4a69-9872-69367fe60788,5b0fa12a-3dd7-45bb-9766-cc326314d9f1,1.5039634999993725,1.8227599622266075e-06,1.2119708771039777e-06,1.6047922920000002,0.0,10.0,4.470316095248973e-07,0.0,2.785064444469753e-06,3.232096053994651e-06,0.0,Tunisia,TUN,,,,Windows-11-10.0.26200-SP0,3.13.3,3.2.6,8,Intel(R) Core(TM) i7-8650U CPU @ 1.90GHz,0,,,,7.87811279296875,machine,0.0,0,0.0,0.0,N,1.0,0.0
2026-05-07T10:20:42,codecarbon,af71e6fa-9e21-4234-8cb8-2b3aa2cb8235,5b0fa12a-3dd7-45bb-9766-cc326314d9f1,1.504162000026554,1.831145945649623e-06,1.2173861230487784e-06,1.6621213515000002,0.0,10.0,4.628509789224187e-07,0.0,2.7841150000717284e-06,3.246965978994147e-06,0.0,Tunisia,TUN,,,,Windows-11-10.0.26200-SP0,3.13.3,3.2.6,8,Intel(R) Core(TM) i7-8650U CPU @ 1.90GHz,0,,,,7.87811279296875,machine,0.0,0,0.0,0.0,N,1.0,0.0
2026-05-07T10:20:45,codecarbon,59264f91-d518-4977-ae4c-63f8b2490428,5b0fa12a-3dd7-45bb-9766-cc326314d9f1,1.503477300022496,1.852338836120377e-06,1.2320364504955686e-06,1.7995385535,0.0,10.0,5.010485686823178e-07,0.0,2.7834963889391577e-06,3.284544957621476e-06,0.0,Tunisia,TUN,,,,Windows-11-10.0.26200-SP0,3.13.3,3.2.6,8,Intel(R) Core(TM) i7-8650U CPU @ 1.90GHz,0,,,,7.87811279296875,machine,0.0,0,0.0,0.0,N,1.0,0.0
2026-05-07T10:20:48,codecarbon,b317ac1b-e2fa-4175-95ed-4f15fb75f15a,5b0fa12a-3dd7-45bb-9766-cc326314d9f1,1.503906600002665,1.8192245254064848e-06,1.209665896408235e-06,1.581385668,0.0,10.0,4.405937265728318e-07,0.0,2.7852333333511423e-06,3.225827059923974e-06,0.0,Tunisia,TUN,,,,Windows-11-10.0.26200-SP0,3.13.3,3.2.6,8,Intel(R) Core(TM) i7-8650U CPU @ 1.90GHz,0,,,,7.87811279296875,machine,0.0,0,0.0,0.0,N,1.0,0.0
2026-05-07T10:20:51,codecarbon,4b3223b1-30a3-4c50-bd72-04325db834c6,5b0fa12a-3dd7-45bb-9766-cc326314d9f1,1.503601300006267,1.8263328232880208e-06,1.2146390291631229e-06,1.6304585595,0.0,10.0,4.541391860919e-07,0.0,2.7842922221882164e-06,3.238431408280116e-06,0.0,Tunisia,TUN,,,,Windows-11-10.0.26200-SP0,3.13.3,3.2.6,8,Intel(R) Core(TM) i7-8650U CPU @ 1.90GHz,0,,,,7.87811279296875,machine,0.0,0,0.0,0.0,N,1.0,0.0
2026-05-07T10:20:54,codecarbon,3075ef7d-815e-457c-b287-57d3b415d205,5b0fa12a-3dd7-45bb-9766-cc326314d9f1,1.5040394999959972,1.817774321426537e-06,1.208594801819616e-06,1.5735989760000002,0.0,10.0,4.384277978797789e-07,0.0,2.7848277777795573e-06,3.2232555756593364e-06,0.0,Tunisia,TUN,,,,Windows-11-10.0.26200-SP0,3.13.3,3.2.6,8,Intel(R) Core(TM) i7-8650U CPU @ 1.90GHz,0,,,,7.87811279296875,machine,0.0,0,0.0,0.0,N,1.0,0.0
2026-05-07T10:20:57,codecarbon,e8e57ba3-e459-4535-8678-962c167ba487,5b0fa12a-3dd7-45bb-9766-cc326314d9f1,1.504150299995672,1.8272902449392664e-06,1.214832217860492e-06,1.632304644,0.0,10.0,4.547690968309501e-07,0.0,2.785360000012184e-06,3.240129096843134e-06,0.0,Tunisia,TUN,,,,Windows-11-10.0.26200-SP0,3.13.3,3.2.6,8,Intel(R) Core(TM) i7-8650U CPU @ 1.90GHz,0,,,,7.87811279296875,machine,0.0,0,0.0,0.0,N,1.0,0.0
2026-05-07T10:21:00,codecarbon,e406a8ec-65e2-4844-aa7f-dbaf775a6a3e,5b0fa12a-3dd7-45bb-9766-cc326314d9f1,1.504359900020063,1.8380579591736728e-06,1.2218206289260702e-06,1.7009736360000005,0.0,10.0,4.7390755599322973e-07,0.0,2.7853147222938587e-06,3.2592222782870885e-06,0.0,Tunisia,TUN,,,,Windows-11-10.0.26200-SP0,3.13.3,3.2.6,8,Intel(R) Core(TM) i7-8650U CPU @ 1.90GHz,0,,,,7.87811279296875,machine,0.0,0,0.0,0.0,N,1.0,0.0
2026-05-07T10:21:03,codecarbon,9356e9d4-4cf2-4b94-94c6-bf82ab3eb8e2,5b0fa12a-3dd7-45bb-9766-cc326314d9f1,1.503487900015898,1.81676878832382e-06,1.2083694110904443e-06,1.5723515625000002,0.0,10.0,4.378045208294314e-07,0.0,2.7836680556194754e-06,3.2214725764489067e-06,0.0,Tunisia,TUN,,,,Windows-11-10.0.26200-SP0,3.13.3,3.2.6,8,Intel(R) Core(TM) i7-8650U CPU @ 1.90GHz,0,,,,7.87811279296875,machine,0.0,0,0.0,0.0,N,1.0,0.0
2026-05-07T10:21:06,codecarbon,dac8259e-1312-4e30-8a2e-03236aeb7563,5b0fa12a-3dd7-45bb-9766-cc326314d9f1,1.503746400005184,1.838954924249324e-06,1.222915595503992e-06,1.705915392,0.0,10.0,4.753069325720053e-07,0.0,2.7855058334049924e-06,3.2608127659769977e-06,0.0,Tunisia,TUN,,,,Windows-11-10.0.26200-SP0,3.13.3,3.2.6,8,Intel(R) Core(TM) i7-8650U CPU @ 1.90GHz,0,,,,7.87811279296875,machine,0.0,0,0.0,0.0,N,1.0,0.0
2026-05-07T10:21:09,codecarbon,268edf92-5a3a-4e0a-8c44-1380661a9a10,5b0fa12a-3dd7-45bb-9766-cc326314d9f1,1.5043585999810605,1.8184250972787697e-06,1.2087710319212877e-06,1.5723515625000002,0.0,10.0,4.382081347373677e-07,0.0,2.786201388840305e-06,3.224409523577673e-06,0.0,Tunisia,TUN,,,,Windows-11-10.0.26200-SP0,3.13.3,3.2.6,8,Intel(R) Core(TM) i7-8650U CPU @ 1.90GHz,0,,,,7.87811279296875,machine,0.0,0,0.0,0.0,N,1.0,0.0
2026-05-07T10:21:12,codecarbon,da658549-22dc-45c1-b527-65a63824b3a8,5b0fa12a-3dd7-45bb-9766-cc326314d9f1,1.5049571999988984,1.8243910598093829e-06,1.2122544480405942e-06,1.614610464,0.0,10.0,4.501005188699734e-07,0.0,2.784887777751364e-06,3.234988296621337e-06,0.0,Tunisia,TUN,,,,Windows-11-10.0.26200-SP0,3.13.3,3.2.6,8,Intel(R) Core(TM) i7-8650U CPU @ 1.90GHz,0,,,,7.87811279296875,machine,0.0,0,0.0,0.0,N,1.0,0.0
2026-05-07T10:21:15,codecarbon,7e83aca3-ac5f-464f-b4bc-daa511122b02,5b0fa12a-3dd7-45bb-9766-cc326314d9f1,1.5036392000038177,1.8162457474548568e-06,1.2078999719149687e-06,1.5651619215000006,0.0,10.0,4.359620711141189e-07,0.0,2.784583055553311e-06,3.22054512666743e-06,0.0,Tunisia,TUN,,,,Windows-11-10.0.26200-SP0,3.13.3,3.2.6,8,Intel(R) Core(TM) i7-8650U CPU @ 1.90GHz,0,,,,7.87811279296875,machine,0.0,0,0.0,0.0,N,1.0,0.0
2026-05-07T10:21:17,codecarbon,51f7fc4b-2d11-4df6-b461-9e3218e471e0,5b0fa12a-3dd7-45bb-9766-cc326314d9f1,1.5031326999887824,1.8250563692070705e-06,1.2141684957161072e-06,1.6268180685000002,0.0,10.0,4.529282930702526e-07,0.0,2.783239722177516e-06,3.2361680152477683e-06,0.0,Tunisia,TUN,,,,Windows-11-10.0.26200-SP0,3.13.3,3.2.6,8,Intel(R) Core(TM) i7-8650U CPU @ 1.90GHz,0,,,,7.87811279296875,machine,0.0,0,0.0,0.0,N,1.0,0.0
2026-05-07T10:21:20,codecarbon,60585034-1b0f-49b2-b7ab-f0d1391e001c,5b0fa12a-3dd7-45bb-9766-cc326314d9f1,1.5032162000134122,1.8240894632654847e-06,1.2134578267911226e-06,1.6163041875,0.0,10.0,4.501862870147414e-07,0.0,2.7842672222403863e-06,3.2344535092551275e-06,0.0,Tunisia,TUN,,,,Windows-11-10.0.26200-SP0,3.13.3,3.2.6,8,Intel(R) Core(TM) i7-8650U CPU @ 1.90GHz,0,,,,7.87811279296875,machine,0.0,0,0.0,0.0,N,1.0,0.0
2026-05-07T10:21:23,codecarbon,2042faaf-bcaf-4f71-a321-d0f068e4ea4b,5b0fa12a-3dd7-45bb-9766-cc326314d9f1,1.504662899998948,1.850556928323968e-06,1.2298814095338307e-06,1.777706124,0.0,10.0,4.956378001652593e-07,0.0,2.785747499971573e-06,3.2813853001368323e-06,0.0,Tunisia,TUN,,,,Windows-11-10.0.26200-SP0,3.13.3,3.2.6,8,Intel(R) Core(TM) i7-8650U CPU @ 1.90GHz,0,,,,7.87811279296875,machine,0.0,0,0.0,0.0,N,1.0,0.0
2026-05-07T10:21:26,codecarbon,fc853535-2f23-41cf-8807-d71c861fcffe,5b0fa12a-3dd7-45bb-9766-cc326314d9f1,1.5039380000089295,1.819219249169889e-06,1.2096371320886152e-06,1.584098304,0.0,10.0,4.412196486588272e-07,0.0,2.7845980555058403e-06,3.225817704164668e-06,0.0,Tunisia,TUN,,,,Windows-11-10.0.26200-SP0,3.13.3,3.2.6,8,Intel(R) Core(TM) i7-8650U CPU @ 1.90GHz,0,,,,7.87811279296875,machine,0.0,0,0.0,0.0,N,1.0,0.0
2026-05-07T10:21:29,codecarbon,ecd1fe5e-952f-48c1-959b-36dfb513ebd0,5b0fa12a-3dd7-45bb-9766-cc326314d9f1,1.5035061999806203,1.84131582914974e-06,1.2246812345525903e-06,1.726492416,0.0,10.0,4.808129830888972e-07,0.0,2.7841861110775625e-06,3.26499909416646e-06,0.0,Tunisia,TUN,,,,Windows-11-10.0.26200-SP0,3.13.3,3.2.6,8,Intel(R) Core(TM) i7-8650U CPU @ 1.90GHz,0,,,,7.87811279296875,machine,0.0,0,0.0,0.0,N,1.0,0.0
2026-05-07T10:21:32,codecarbon,8015a2ac-4dc1-43ac-af1b-11d0164fdfc1,5b0fa12a-3dd7-45bb-9766-cc326314d9f1,1.5035589000035543,1.8273367470955367e-06,1.2153409800515418e-06,1.6379472255,0.0,10.0,4.561359983381752e-07,0.0,2.7840755555694663e-06,3.2402115539076413e-06,0.0,Tunisia,TUN,,,,Windows-11-10.0.26200-SP0,3.13.3,3.2.6,8,Intel(R) Core(TM) i7-8650U CPU @ 1.90GHz,0,,,,7.87811279296875,machine,0.0,0,0.0,0.0,N,1.0,0.0
2026-05-07T10:21:35,codecarbon,35824790-792d-4f4a-8b76-600facd3b9cd,5b0fa12a-3dd7-45bb-9766-cc326314d9f1,1.5030918999982532,1.8194694455012416e-06,1.2104844989872914e-06,1.5897030720000005,0.0,10.0,4.426363493132569e-07,0.0,2.7836249999786056e-06,3.2262613492918624e-06,0.0,Tunisia,TUN,,,,Windows-11-10.0.26200-SP0,3.13.3,3.2.6,8,Intel(R) Core(TM) i7-8650U CPU @ 1.90GHz,0,,,,7.87811279296875,machine,0.0,0,0.0,0.0,N,1.0,0.0
2026-05-07T10:21:38,codecarbon,72d6461f-cb63-4287-b064-5b0a3b9357b8,5b0fa12a-3dd7-45bb-9766-cc326314d9f1,1.502589599986095,1.818310285496424e-06,1.2101177097946444e-06,1.5882792405,0.0,10.0,4.420067740839793e-07,0.0,2.7821991666213664e-06,3.224205940705346e-06,0.0,Tunisia,TUN,,,,Windows-11-10.0.26200-SP0,3.13.3,3.2.6,8,Intel(R) Core(TM) i7-8650U CPU @ 1.90GHz,0,,,,7.87811279296875,machine,0.0,0,0.0,0.0,N,1.0,0.0
2026-05-07T10:21:41,codecarbon,6d552856-5439-42e3-a466-96f070f54577,5b0fa12a-3dd7-45bb-9766-cc326314d9f1,1.503391800011741,1.8189004492051568e-06,1.2098645537317362e-06,1.581385668,0.0,10.0,4.404996341250543e-07,0.0,2.784752777774379e-06,3.225252411899433e-06,0.0,Tunisia,TUN,,,,Windows-11-10.0.26200-SP0,3.13.3,3.2.6,8,Intel(R) Core(TM) i7-8650U CPU @ 1.90GHz,0,,,,7.87811279296875,machine,0.0,0,0.0,0.0,N,1.0,0.0
2026-05-07T10:21:44,codecarbon,782e2f45-4b13-4867-9955-0c47a4a05188,5b0fa12a-3dd7-45bb-9766-cc326314d9f1,1.5032392000139223,1.8175335831923245e-06,1.2090780916140898e-06,1.5774270765,0.0,10.0,4.3920981261449094e-07,0.0,2.7836188889018053e-06,3.2228287015162963e-06,0.0,Tunisia,TUN,,,,Windows-11-10.0.26200-SP0,3.13.3,3.2.6,8,Intel(R) Core(TM) i7-8650U CPU @ 1.90GHz,0,,,,7.87811279296875,machine,0.0,0,0.0,0.0,N,1.0,0.0
2026-05-07T10:21:47,codecarbon,d7d0e684-b2fc-43bc-a3bb-593d36819d46,5b0fa12a-3dd7-45bb-9766-cc326314d9f1,1.5033966000191867,1.817237323957589e-06,1.2087544457227035e-06,1.5774270765,0.0,10.0,4.391508781837995e-07,0.0,2.783152500018736e-06,3.222303378202536e-06,0.0,Tunisia,TUN,,,,Windows-11-10.0.26200-SP0,3.13.3,3.2.6,8,Intel(R) Core(TM) i7-8650U CPU @ 1.90GHz,0,,,,7.87811279296875,machine,0.0,0,0.0,0.0,N,1.0,0.0
2026-05-07T10:21:50,codecarbon,d8eef450-dfac-4644-8c64-d61c12b27fc6,5b0fa12a-3dd7-45bb-9766-cc326314d9f1,1.503936799999792,1.8265973123514784e-06,1.2145439305373275e-06,1.6286297280000002,0.0,10.0,4.537387304033911e-07,0.0,2.785161666704678e-06,3.238900397108069e-06,0.0,Tunisia,TUN,,,,Windows-11-10.0.26200-SP0,3.13.3,3.2.6,8,Intel(R) Core(TM) i7-8650U CPU @ 1.90GHz,0,,,,7.87811279296875,machine,0.0,0,0.0,0.0,N,1.0,0.0
2026-05-07T10:21:53,codecarbon,a3fb3a7d-e60b-4a9c-8ded-cf2d76654b65,5b0fa12a-3dd7-45bb-9766-cc326314d9f1,1.503300499985926,1.830623492521508e-06,1.2177362360610183e-06,1.6621213515000002,0.0,10.0,4.62739293597725e-07,0.0,2.783300277789951e-06,3.246039571387676e-06,0.0,Tunisia,TUN,,,,Windows-11-10.0.26200-SP0,3.13.3,3.2.6,8,Intel(R) Core(TM) i7-8650U CPU @ 1.90GHz,0,,,,7.87811279296875,machine,0.0,0,0.0,0.0,N,1.0,0.0
2026-05-07T10:21:56,codecarbon,498ba5f7-500c-4263-92ef-2f444e5367cf,5b0fa12a-3dd7-45bb-9766-cc326314d9f1,1.5034172000014223,1.812186041103276e-06,1.205378015564516e-06,1.540310784,0.0,10.0,4.289890041877195e-07,0.0,2.784357499977988e-06,3.213346504165707e-06,0.0,Tunisia,TUN,,,,Windows-11-10.0.26200-SP0,3.13.3,3.2.6,8,Intel(R) Core(TM) i7-8650U CPU @ 1.90GHz,0,,,,7.87811279296875,machine,0.0,0,0.0,0.0,N,1.0,0.0
2026-05-07T10:21:59,codecarbon,297d39c6-d295-4ecc-aaa7-2f0377ba9e12,5b0fa12a-3dd7-45bb-9766-cc326314d9f1,1.5035960999957751,1.8145324519050285e-06,1.2067951306272522e-06,1.5552960000000002,0.0,10.0,4.3316129829032043e-07,0.0,2.784345833303329e-06,3.2175071315936496e-06,0.0,Tunisia,TUN,,,,Windows-11-10.0.26200-SP0,3.13.3,3.2.6,8,Intel(R) Core(TM) i7-8650U CPU @ 1.90GHz,0,,,,7.87811279296875,machine,0.0,0,0.0,0.0,N,1.0,0.0
2026-05-07T10:22:02,codecarbon,e6feb6e0-1a36-4323-97c5-20bf8ae68c8e,5b0fa12a-3dd7-45bb-9766-cc326314d9f1,1.5031565999961458,1.8149003846301505e-06,1.2073927524482838e-06,1.5606436875,0.0,10.0,4.345656566058611e-07,0.0,2.783593888873131e-06,3.218159545478992e-06,0.0,Tunisia,TUN,,,,Windows-11-10.0.26200-SP0,3.13.3,3.2.6,8,Intel(R) Core(TM) i7-8650U CPU @ 1.90GHz,0,,,,7.87811279296875,machine,0.0,0,0.0,0.0,N,1.0,0.0
2026-05-07T10:22:04,codecarbon,ebe67515-dfce-41d8-9114-f16fd4a61e95,5b0fa12a-3dd7-45bb-9766-cc326314d9f1,1.5036165000055917,1.823966743746749e-06,1.213053157996049e-06,1.611272508,0.0,10.0,4.489109044914833e-07,0.0,2.7853249999882083e-06,3.234235904479692e-06,0.0,Tunisia,TUN,,,,Windows-11-10.0.26200-SP0,3.13.3,3.2.6,8,Intel(R) Core(TM) i7-8650U CPU @ 1.90GHz,0,,,,7.87811279296875,machine,0.0,0,0.0,0.0,N,1.0,0.0
2026-05-07T10:22:07,codecarbon,d943feec-f939-4df5-8ee7-abf3ae6845de,5b0fa12a-3dd7-45bb-9766-cc326314d9f1,1.504164900019532,1.9168906266347588e-06,1.2743886169726918e-06,2.2119140625,0.0,10.0,6.157932499277763e-07,0.0,2.783214166669899e-06,3.3990074165976755e-06,0.0,Tunisia,TUN,,,,Windows-11-10.0.26200-SP0,3.13.3,3.2.6,8,Intel(R) Core(TM) i7-8650U CPU @ 1.90GHz,0,,,,7.87811279296875,machine,0.0,0,0.0,0.0,N,1.0,0.0
2026-05-07T10:22:10,codecarbon,c0a2e094-d0ab-4a5a-84ec-fc2625644902,5b0fa12a-3dd7-45bb-9766-cc326314d9f1,1.5031805000035092,1.8203900295838424e-06,1.211025575158534e-06,1.5925965000000006,0.0,10.0,4.43549273436268e-07,0.0,2.7843444444847087e-06,3.227893717920977e-06,0.0,Tunisia,TUN,,,,Windows-11-10.0.26200-SP0,3.13.3,3.2.6,8,Intel(R) Core(TM) i7-8650U CPU @ 1.90GHz,0,,,,7.87811279296875,machine,0.0,0,0.0,0.0,N,1.0,0.0
2026-05-07T10:22:13,codecarbon,1c0662cd-64e5-4c26-ae8f-65cea867aa3a,5b0fa12a-3dd7-45bb-9766-cc326314d9f1,1.5034908000088762,1.8144102079084208e-06,1.2067983441586134e-06,1.5563392935,0.0,10.0,4.333795366218639e-07,0.0,2.7839108333864714e-06,3.217290370008336e-06,0.0,Tunisia,TUN,,,,Windows-11-10.0.26200-SP0,3.13.3,3.2.6,8,Intel(R) Core(TM) i7-8650U CPU @ 1.90GHz,0,,,,7.87811279296875,machine,0.0,0,0.0,0.0,N,1.0,0.0
2026-05-07T10:22:16,codecarbon,df6fdbcf-b107-45de-a4ca-eb1c883765eb,5b0fa12a-3dd7-45bb-9766-cc326314d9f1,1.5041411999845875,1.814738933825905e-06,1.206495064322751e-06,1.5542656665,0.0,10.0,4.3297826282509204e-07,0.0,2.784895000028579e-06,3.217873262853671e-06,0.0,Tunisia,TUN,,,,Windows-11-10.0.26200-SP0,3.13.3,3.2.6,8,Intel(R) Core(TM) i7-8650U CPU @ 1.90GHz,0,,,,7.87811279296875,machine,0.0,0,0.0,0.0,N,1.0,0.0
2026-05-07T10:22:19,codecarbon,98bc5055-f351-4494-a3e5-43e561cd0e2c,5b0fa12a-3dd7-45bb-9766-cc326314d9f1,1.5032192999788094,1.9005242886694263e-06,1.2643027459108713e-06,2.1039748125,0.0,10.0,5.859357117533796e-07,0.0,2.784051111100578e-06,3.3699868228539576e-06,0.0,Tunisia,TUN,,,,Windows-11-10.0.26200-SP0,3.13.3,3.2.6,8,Intel(R) Core(TM) i7-8650U CPU @ 1.90GHz,0,,,,7.87811279296875,machine,0.0,0,0.0,0.0,N,1.0,0.0
2026-05-07T10:22:22,codecarbon,6d205150-b26a-4542-ba3b-b9bb28df5232,5b0fa12a-3dd7-45bb-9766-cc326314d9f1,1.5036844999995085,1.822981512020669e-06,1.2123430892725603e-06,1.6047922920000002,0.0,10.0,4.471114033616827e-07,0.0,2.7853775000645936e-06,3.232488903426276e-06,0.0,Tunisia,TUN,,,,Windows-11-10.0.26200-SP0,3.13.3,3.2.6,8,Intel(R) Core(TM) i7-8650U CPU @ 1.90GHz,0,,,,7.87811279296875,machine,0.0,0,0.0,0.0,N,1.0,0.0
2026-05-07T10:22:25,codecarbon,c3268f83-422d-4ea1-b8c9-78f68806977a,5b0fa12a-3dd7-45bb-9766-cc326314d9f1,1.5036764000251424,1.8152654152088288e-06,1.207218132291281e-06,1.5584650845,0.0,10.0,4.3413347994139083e-07,0.0,2.7846733333717563e-06,3.218806813313148e-06,0.0,Tunisia,TUN,,,,Windows-11-10.0.26200-SP0,3.13.3,3.2.6,8,Intel(R) Core(TM) i7-8650U CPU @ 1.90GHz,0,,,,7.87811279296875,machine,0.0,0,0.0,0.0,N,1.0,0.0
2026-05-07T10:22:28,codecarbon,d1358061-0193-44eb-9252-7468cf6bd484,5b0fa12a-3dd7-45bb-9766-cc326314d9f1,1.5031855999841357,1.8142428183350151e-06,1.2069320104943544e-06,1.5552960000000002,0.0,10.0,4.330916123990304e-07,0.0,2.783901944429898e-06,3.216993556828928e-06,0.0,Tunisia,TUN,,,,Windows-11-10.0.26200-SP0,3.13.3,3.2.6,8,Intel(R) Core(TM) i7-8650U CPU @ 1.90GHz,0,,,,7.87811279296875,machine,0.0,0,0.0,0.0,N,1.0,0.0
2026-05-07T10:22:31,codecarbon,e75ac96e-ab98-4c84-be96-b48e2b5274b0,5b0fa12a-3dd7-45bb-9766-cc326314d9f1,1.503883900004439,1.8251778938488008e-06,1.2136428176692455e-06,1.618014516,0.0,10.0,4.508518345891611e-07,0.0,2.7855316666925013e-06,3.2363835012816624e-06,0.0,Tunisia,TUN,,,,Windows-11-10.0.26200-SP0,3.13.3,3.2.6,8,Intel(R) Core(TM) i7-8650U CPU @ 1.90GHz,0,,,,7.87811279296875,machine,0.0,0,0.0,0.0,N,1.0,0.0
2026-05-07T10:22:34,codecarbon,84760cf1-cd8c-418c-bc22-c861d3e5f06b,5b0fa12a-3dd7-45bb-9766-cc326314d9f1,1.5034242999972776,1.8268048636437565e-06,1.2150960069270294e-06,1.6341680625000006,0.0,10.0,4.551098134539088e-07,0.0,2.784158611110696e-06,3.239268424564605e-06,0.0,Tunisia,TUN,,,,Windows-11-10.0.26200-SP0,3.13.3,3.2.6,8,Intel(R) Core(TM) i7-8650U CPU @ 1.90GHz,0,,,,7.87811279296875,machine,0.0,0,0.0,0.0,N,1.0,0.0
2026-05-07T10:22:37,codecarbon,6f1cfb46-cfe1-4759-8d06-60b27bb519d0,5b0fa12a-3dd7-45bb-9766-cc326314d9f1,1.5038894999888726,1.9595890132979147e-06,1.3030139603424411e-06,2.4718824960000005,0.0,10.0,6.888291269947376e-07,0.0,2.7858905555654525e-06,3.4747196825601903e-06,0.0,Tunisia,TUN,,,,Windows-11-10.0.26200-SP0,3.13.3,3.2.6,8,Intel(R) Core(TM) i7-8650U CPU @ 1.90GHz,0,,,,7.87811279296875,machine,0.0,0,0.0,0.0,N,1.0,0.0
2026-05-07T10:22:40,codecarbon,c5ca3872-7f78-47a2-baec-dcb405014eab,5b0fa12a-3dd7-45bb-9766-cc326314d9f1,1.5039819000230636,2.5278585867042214e-06,1.680777266445465e-06,6.090923292,0.0,10.0,1.6969615145809568e-06,0.0,2.78540694449071e-06,4.482368459071667e-06,0.0,Tunisia,TUN,,,,Windows-11-10.0.26200-SP0,3.13.3,3.2.6,8,Intel(R) Core(TM) i7-8650U CPU @ 1.90GHz,0,,,,7.87811279296875,machine,0.0,0,0.0,0.0,N,1.0,0.0
2026-05-07T10:22:43,codecarbon,629a0114-da46-4352-8b5d-1027c42beb76,5b0fa12a-3dd7-45bb-9766-cc326314d9f1,1.506419699988328,1.928241761898269e-06,1.2800162942061958e-06,2.2525300680000004,0.0,10.0,6.287606687973684e-07,0.0,2.7903744443998826e-06,3.419135113197251e-06,0.0,Tunisia,TUN,,,,Windows-11-10.0.26200-SP0,3.13.3,3.2.6,8,Intel(R) Core(TM) i7-8650U CPU @ 1.90GHz,0,,,,7.87811279296875,machine,0.0,0,0.0,0.0,N,1.0,0.0
2026-05-07T10:22:46,codecarbon,4981cf09-ad20-4010-bf46-d5eaf6952fdc,5b0fa12a-3dd7-45bb-9766-cc326314d9f1,1.5048698999744374,1.861702443977756e-06,1.237118533641599e-06,1.8395757195,0.0,10.0,5.130397834021738e-07,0.0,2.788108611113987e-06,3.3011483945161607e-06,0.0,Tunisia,TUN,,,,Windows-11-10.0.26200-SP0,3.13.3,3.2.6,8,Intel(R) Core(TM) i7-8650U CPU @ 1.90GHz,0,,,,7.87811279296875,machine,0.0,0,0.0,0.0,N,1.0,0.0
2026-05-07T10:22:49,codecarbon,af236f4f-9646-440d-9853-917f8bc4b1b0,5b0fa12a-3dd7-45bb-9766-cc326314d9f1,1.5041203000000678,1.8179764270598045e-06,1.2086642451802043e-06,1.5735989760000002,0.0,10.0,4.3848978019626505e-07,0.0,2.785124166742511e-06,3.223613946938776e-06,0.0,Tunisia,TUN,,,,Windows-11-10.0.26200-SP0,3.13.3,3.2.6,8,Intel(R) Core(TM) i7-8650U CPU @ 1.90GHz,0,,,,7.87811279296875,machine,0.0,0,0.0,0.0,N,1.0,0.0
2026-05-07T10:22:52,codecarbon,68416e71-d67b-49c2-b965-7c2aece2b7cb,5b0fa12a-3dd7-45bb-9766-cc326314d9f1,1.504052500007674,1.825099437680368e-06,1.2134546085798571e-06,1.618014516,0.0,10.0,4.508702170410231e-07,0.0,2.7853741667058784e-06,3.2362443837469016e-06,0.0,Tunisia,TUN,,,,Windows-11-10.0.26200-SP0,3.13.3,3.2.6,8,Intel(R) Core(TM) i7-8650U CPU @ 1.90GHz,0,,,,7.87811279296875,machine,0.0,0,0.0,0.0,N,1.0,0.0
2026-05-07T10:22:55,codecarbon,9b752a31-b7ad-4781-ace6-3e256d8b2e9f,5b0fa12a-3dd7-45bb-9766-cc326314d9f1,1.5025848999794107,1.81566935643353e-06,1.2083639044012815e-06,1.5723515625000002,0.0,10.0,4.375352992973539e-07,0.0,2.781987777739738e-06,3.219523077037092e-06,0.0,Tunisia,TUN,,,,Windows-11-10.0.26200-SP0,3.13.3,3.2.6,8,Intel(R) Core(TM) i7-8650U CPU @ 1.90GHz,0,,,,7.87811279296875,machine,0.0,0,0.0,0.0,N,1.0,0.0
2026-05-07T10:22:58,codecarbon,2cdafb98-6550-4c81-a611-acdd284c9167,5b0fa12a-3dd7-45bb-9766-cc326314d9f1,1.504287599993404,1.822750072354984e-06,1.211703182531702e-06,1.598568684,0.0,10.0,4.455674063167414e-07,0.0,2.78651111107643e-06,3.232078517393172e-06,0.0,Tunisia,TUN,,,,Windows-11-10.0.26200-SP0,3.13.3,3.2.6,8,Intel(R) Core(TM) i7-8650U CPU @ 1.90GHz,0,,,,7.87811279296875,machine,0.0,0,0.0,0.0,N,1.0,0.0
2026-05-07T10:23:01,codecarbon,d350fddf-3fa7-44e6-b01a-0305b230292f,5b0fa12a-3dd7-45bb-9766-cc326314d9f1,1.5042116999975406,1.8506113934280587e-06,1.230286530433904e-06,1.777706124,0.0,10.0,4.954154881413729e-07,0.0,2.78606638886332e-06,3.281481877004693e-06,0.0,Tunisia,TUN,,,,Windows-11-10.0.26200-SP0,3.13.3,3.2.6,8,Intel(R) Core(TM) i7-8650U CPU @ 1.90GHz,0,,,,7.87811279296875,machine,0.0,0,0.0,0.0,N,1.0,0.0
2026-05-07T10:23:04,codecarbon,2f019088-33ed-40d1-83f8-276963e3aaa7,5b0fa12a-3dd7-45bb-9766-cc326314d9f1,1.5040552999998908,1.8332616085835013e-06,1.2188791253776603e-06,1.6707660495000003,0.0,10.0,4.65470780371389e-07,0.0,2.7852466667051584e-06,3.250717447076548e-06,0.0,Tunisia,TUN,,,,Windows-11-10.0.26200-SP0,3.13.3,3.2.6,8,Intel(R) Core(TM) i7-8650U CPU @ 1.90GHz,0,,,,7.87811279296875,machine,0.0,0,0.0,0.0,N,1.0,0.0
2026-05-07T10:23:07,codecarbon,a342283f-acd1-4451-80f2-6fa5ba1b3a35,5b0fa12a-3dd7-45bb-9766-cc326314d9f1,1.5036695999733638,1.8307511668113127e-06,1.2175222315086658e-06,1.6579106205,0.0,10.0,4.61766239752266e-07,0.0,2.7844997221513447e-06,3.2462659619036108e-06,0.0,Tunisia,TUN,,,,Windows-11-10.0.26200-SP0,3.13.3,3.2.6,8,Intel(R) Core(TM) i7-8650U CPU @ 1.90GHz,0,,,,7.87811279296875,machine,0.0,0,0.0,0.0,N,1.0,0.0
2026-05-07T10:23:10,codecarbon,d7a47470-8c37-421a-9cbf-6e51373e9864,5b0fa12a-3dd7-45bb-9766-cc326314d9f1,1.5027048999909312,1.8988519157416448e-06,1.2636226286033303e-06,2.098885164,0.0,10.0,5.84250280145522e-07,0.0,2.782771111136147e-06,3.3670213912816693e-06,0.0,Tunisia,TUN,,,,Windows-11-10.0.26200-SP0,3.13.3,3.2.6,8,Intel(R) Core(TM) i7-8650U CPU @ 1.90GHz,0,,,,7.87811279296875,machine,0.0,0,0.0,0.0,N,1.0,0.0
2026-05-07T10:23:13,codecarbon,650c6700-4a78-4a15-b715-e70822f65ef3,5b0fa12a-3dd7-45bb-9766-cc326314d9f1,1.5029446999833451,1.8708022925136723e-06,1.2447579026256942e-06,1.9179484440000008,0.0,10.0,5.33995525437332e-07,0.0,2.783288611115293e-06,3.317284136552625e-06,0.0,Tunisia,TUN,,,,Windows-11-10.0.26200-SP0,3.13.3,3.2.6,8,Intel(R) Core(TM) i7-8650U CPU @ 1.90GHz,0,,,,7.87811279296875,machine,0.0,0,0.0,0.0,N,1.0,0.0
2026-05-07T10:23:16,codecarbon,58b24195-10c6-45c4-9c64-81a0d1002a57,5b0fa12a-3dd7-45bb-9766-cc326314d9f1,1.5035621999995783,1.8416545191892104e-06,1.2248608798423683e-06,1.726492416,0.0,10.0,4.809013219535377e-07,0.0,2.784698333319587e-06,3.2655996552731248e-06,0.0,Tunisia,TUN,,,,Windows-11-10.0.26200-SP0,3.13.3,3.2.6,8,Intel(R) Core(TM) i7-8650U CPU @ 1.90GHz,0,,,,7.87811279296875,machine,0.0,0,0.0,0.0,N,1.0,0.0
2026-05-07T10:23:19,codecarbon,72811e06-ac4c-4e12-818f-267c96cbdd95,5b0fa12a-3dd7-45bb-9766-cc326314d9f1,1.50434139999561,1.841076908807658e-06,1.2238424793820276e-06,1.721225364,0.0,10.0,4.796026657360488e-07,0.0,2.784972777751844e-06,3.2645754434878927e-06,0.0,Tunisia,TUN,,,,Windows-11-10.0.26200-SP0,3.13.3,3.2.6,8,Intel(R) Core(TM) i7-8650U CPU @ 1.90GHz,0,,,,7.87811279296875,machine,0.0,0,0.0,0.0,N,1.0,0.0
2026-05-07T10:23:22,codecarbon,71f7b981-134b-4491-ac36-a92eca3dfaee,5b0fa12a-3dd7-45bb-9766-cc326314d9f1,1.5034700999967754,1.8316590506461185e-06,1.2182876471238415e-06,1.6621213515000002,0.0,10.0,4.629971994294166e-07,0.0,2.784878611176585e-06,3.247875810606002e-06,0.0,Tunisia,TUN,,,,Windows-11-10.0.26200-SP0,3.13.3,3.2.6,8,Intel(R) Core(TM) i7-8650U CPU @ 1.90GHz,0,,,,7.87811279296875,machine,0.0,0,0.0,0.0,N,1.0,0.0
2026-05-07T10:23:25,codecarbon,ee426d07-2f89-4767-b5e0-a1a925e0ed9d,5b0fa12a-3dd7-45bb-9766-cc326314d9f1,1.505081799987238,2.171230338039828e-06,1.4425995570860257e-06,3.820374816000001,0.0,10.0,1.064911757676301e-06,0.0,2.7850877778190705e-06,3.849999535495371e-06,0.0,Tunisia,TUN,,,,Windows-11-10.0.26200-SP0,3.13.3,3.2.6,8,Intel(R) Core(TM) i7-8650U CPU @ 1.90GHz,0,,,,7.87811279296875,machine,0.0,0,0.0,0.0,N,1.0,0.0
2026-05-07T10:23:28,codecarbon,265af9e4-df3f-40d9-9f65-2b0444b5768d,5b0fa12a-3dd7-45bb-9766-cc326314d9f1,1.503561500023352,1.821811108667421e-06,1.2116638452362117e-06,1.601648736,0.0,10.0,4.460880026557984e-07,0.0,2.7843255556136786e-06,3.2304135582694766e-06,0.0,Tunisia,TUN,,,,Windows-11-10.0.26200-SP0,3.13.3,3.2.6,8,Intel(R) Core(TM) i7-8650U CPU @ 1.90GHz,0,,,,7.87811279296875,machine,0.0,0,0.0,0.0,N,1.0,0.0
2026-05-07T10:23:31,codecarbon,7daae3cd-6e7d-4c49-b421-cc21de95b0a8,5b0fa12a-3dd7-45bb-9766-cc326314d9f1,1.5049616000032984,1.830116784286517e-06,1.2160554689784153e-06,1.6457171235,0.0,10.0,4.589124713283038e-07,0.0,2.7862286111081227e-06,3.2451410824364263e-06,0.0,Tunisia,TUN,,,,Windows-11-10.0.26200-SP0,3.13.3,3.2.6,8,Intel(R) Core(TM) i7-8650U CPU @ 1.90GHz,0,,,,7.87811279296875,machine,0.0,0,0.0,0.0,N,1.0,0.0
2026-05-07T10:23:34,codecarbon,c43e9677-4b70-4ba1-8d11-4e0b4c60b530,5b0fa12a-3dd7-45bb-9766-cc326314d9f1,1.504438200005097,1.8213282360354275e-06,1.2106367918796908e-06,1.595551488,0.0,10.0,4.445003899102942e-07,0.0,2.785056944412645e-06,3.22955733432294e-06,0.0,Tunisia,TUN,,,,Windows-11-10.0.26200-SP0,3.13.3,3.2.6,8,Intel(R) Core(TM) i7-8650U CPU @ 1.90GHz,0,,,,7.87811279296875,machine,0.0,0,0.0,0.0,N,1.0,0.0
2026-05-07T10:23:36,codecarbon,fa4ae44b-ae26-455e-9226-0020a6c14b79,5b0fa12a-3dd7-45bb-9766-cc326314d9f1,1.503056799992919,1.821595423559304e-06,1.2119272029958452e-06,1.6032125355000002,0.0,10.0,4.4639221913606294e-07,0.0,2.783638888892407e-06,3.23003110802847e-06,0.0,Tunisia,TUN,,,,Windows-11-10.0.26200-SP0,3.13.3,3.2.6,8,Intel(R) Core(TM) i7-8650U CPU @ 1.90GHz,0,,,,7.87811279296875,machine,0.0,0,0.0,0.0,N,1.0,0.0
2026-05-07T10:23:39,codecarbon,39127117-e947-4f64-91a3-3c7189ea9027,5b0fa12a-3dd7-45bb-9766-cc326314d9f1,1.5027593999984674,1.840785409556816e-06,1.2249368791562329e-06,1.7318424120000002,0.0,10.0,4.819732826849534e-07,0.0,2.782085277835399e-06,3.264058560520352e-06,0.0,Tunisia,TUN,,,,Windows-11-10.0.26200-SP0,3.13.3,3.2.6,8,Intel(R) Core(TM) i7-8650U CPU @ 1.90GHz,0,,,,7.87811279296875,machine,0.0,0,0.0,0.0,N,1.0,0.0
2026-05-07T10:23:42,codecarbon,3edee3db-21e9-471d-bd4f-c4936451922d,5b0fa12a-3dd7-45bb-9766-cc326314d9f1,1.504545700008748,1.8146303459855904e-06,1.2060985226138625e-06,1.5483512895000002,0.0,10.0,4.315118272843273e-07,0.0,2.78616888891621e-06,3.217680716200537e-06,0.0,Tunisia,TUN,,,,Windows-11-10.0.26200-SP0,3.13.3,3.2.6,8,Intel(R) Core(TM) i7-8650U CPU @ 1.90GHz,0,,,,7.87811279296875,machine,0.0,0,0.0,0.0,N,1.0,0.0
2026-05-07T10:23:45,codecarbon,334f6408-a76f-4af0-a6ef-2c7c1f8b1efb,5b0fa12a-3dd7-45bb-9766-cc326314d9f1,1.5045442999980878,1.8181243002378704e-06,1.2084219123625545e-06,1.5675028485000002,0.0,10.0,4.369617094716981e-07,0.0,2.786914444408871e-06,3.223876153880569e-06,0.0,Tunisia,TUN,,,,Windows-11-10.0.26200-SP0,3.13.3,3.2.6,8,Intel(R) Core(TM) i7-8650U CPU @ 1.90GHz,0,,,,7.87811279296875,machine,0.0,0,0.0,0.0,N,1.0,0.0
2026-05-07T10:23:48,codecarbon,fe184637-e7d5-444f-b168-a0b4b795c532,5b0fa12a-3dd7-45bb-9766-cc326314d9f1,1.50349709999864,1.841317425983494e-06,1.2246897090690496e-06,1.721225364,0.0,10.0,4.795588700994633e-07,0.0,2.7854430555534137e-06,3.265001925652877e-06,0.0,Tunisia,TUN,,,,Windows-11-10.0.26200-SP0,3.13.3,3.2.6,8,Intel(R) Core(TM) i7-8650U CPU @ 1.90GHz,0,,,,7.87811279296875,machine,0.0,0,0.0,0.0,N,1.0,0.0
2026-05-07T10:23:51,codecarbon,a2e42962-2a00-4142-ad36-abe75def0b6d,5b0fa12a-3dd7-45bb-9766-cc326314d9f1,1.504234499996528,1.8138998286425297e-06,1.2058624028678483e-06,1.5455625,0.0,10.0,4.30666482744088e-07,0.0,2.7857188888851344e-06,3.2163853716292225e-06,0.0,Tunisia,TUN,,,,Windows-11-10.0.26200-SP0,3.13.3,3.2.6,8,Intel(R) Core(TM) i7-8650U CPU @ 1.90GHz,0,,,,7.87811279296875,machine,0.0,0,0.0,0.0,N,1.0,0.0
2026-05-07T10:23:54,codecarbon,335a44cc-3ce1-4c23-bbd9-d25d417e1ada,5b0fa12a-3dd7-45bb-9766-cc326314d9f1,1.5041447000112385,1.81722867881734e-06,1.2081475132038575e-06,1.5651619215000006,0.0,10.0,4.361847153972213e-07,0.0,2.7861033333465458e-06,3.2222880487437672e-06,0.0,Tunisia,TUN,,,,Windows-11-10.0.26200-SP0,3.13.3,3.2.6,8,Intel(R) Core(TM) i7-8650U CPU @ 1.90GHz,0,,,,7.87811279296875,machine,0.0,0,0.0,0.0,N,1.0,0.0
2026-05-07T10:23:57,codecarbon,9a33b414-93c4-4c10-840a-800bf1b1ed3d,5b0fa12a-3dd7-45bb-9766-cc326314d9f1,1.50312069998472,1.8345605274444075e-06,1.2205011397042543e-06,1.686624,0.0,10.0,4.695848410599448e-07,0.0,2.7834358333267224e-06,3.253020674386667e-06,0.0,Tunisia,TUN,,,,Windows-11-10.0.26200-SP0,3.13.3,3.2.6,8,Intel(R) Core(TM) i7-8650U CPU @ 1.90GHz,0,,,,7.87811279296875,machine,0.0,0,0.0,0.0,N,1.0,0.0
2026-05-07T10:24:00,codecarbon,69a2e31c-2a6e-4f41-b8ea-f408d1387c72,5b0fa12a-3dd7-45bb-9766-cc326314d9f1,1.5039090999925977,1.8325263727466608e-06,1.2185087335103436e-06,1.6642545,0.0,10.0,4.637401246428161e-07,0.0,2.7856736110859653e-06,3.2494137357287814e-06,0.0,Tunisia,TUN,,,,Windows-11-10.0.26200-SP0,3.13.3,3.2.6,8,Intel(R) Core(TM) i7-8650U CPU @ 1.90GHz,0,,,,7.87811279296875,machine,0.0,0,0.0,0.0,N,1.0,0.0
2026-05-07T10:24:03,codecarbon,e510e86e-1b61-4b42-b6e7-aaea6e5f1771,5b0fa12a-3dd7-45bb-9766-cc326314d9f1,1.5048660999746062,2.222939868570516e-06,1.477167881320489e-06,4.1476597035,0.0,10.0,1.1558277534847171e-06,0.0,2.785862499957956e-06,3.941690253442673e-06,0.0,Tunisia,TUN,,,,Windows-11-10.0.26200-SP0,3.13.3,3.2.6,8,Intel(R) Core(TM) i7-8650U CPU @ 1.90GHz,0,,,,7.87811279296875,machine,0.0,0,0.0,0.0,N,1.0,0.0
2026-05-07T10:24:06,codecarbon,cdab0e11-c006-46c7-993a-8f24f66ab60f,5b0fa12a-3dd7-45bb-9766-cc326314d9f1,1.5037070999969728,1.8165922654502824e-06,1.20807587159357e-06,1.5698991795,0.0,10.0,4.371559570683871e-07,0.0,2.784003611143109e-06,3.221159568211496e-06,0.0,Tunisia,TUN,,,,Windows-11-10.0.26200-SP0,3.13.3,3.2.6,8,Intel(R) Core(TM) i7-8650U CPU @ 1.90GHz,0,,,,7.87811279296875,machine,0.0,0,0.0,0.0,N,1.0,0.0
2026-05-07T10:24:09,codecarbon,3cd58487-2db3-44f4-abd0-494c3d7255ab,5b0fa12a-3dd7-45bb-9766-cc326314d9f1,1.5032981999975163,1.8617887369808151e-06,1.2384693449269686e-06,1.8572584920000008,0.0,10.0,5.172077971310564e-07,0.0,2.784093611100818e-06,3.3013014082318745e-06,0.0,Tunisia,TUN,,,,Windows-11-10.0.26200-SP0,3.13.3,3.2.6,8,Intel(R) Core(TM) i7-8650U CPU @ 1.90GHz,0,,,,7.87811279296875,machine,0.0,0,0.0,0.0,N,1.0,0.0
2026-05-07T10:24:12,codecarbon,3e0ab3d5-0c7d-478e-b5c0-2f5598a8846f,5b0fa12a-3dd7-45bb-9766-cc326314d9f1,1.503943400020944,1.8162799525650904e-06,1.207678395702788e-06,1.5675028485000002,0.0,10.0,4.365205009728479e-07,0.0,2.7840852777848743e-06,3.2206057787577223e-06,0.0,Tunisia,TUN,,,,Windows-11-10.0.26200-SP0,3.13.3,3.2.6,8,Intel(R) Core(TM) i7-8650U CPU @ 1.90GHz,0,,,,7.87811279296875,machine,0.0,0,0.0,0.0,N,1.0,0.0
2026-05-07T10:24:15,codecarbon,a2422fb3-cd12-4dd5-8c48-e594ccadfd04,5b0fa12a-3dd7-45bb-9766-cc326314d9f1,1.5044864999945275,1.821996762396612e-06,1.2110422808069325e-06,1.5940662585,0.0,10.0,4.443433127816102e-07,0.0,2.7863994444487617e-06,3.230742757230372e-06,0.0,Tunisia,TUN,,,,Windows-11-10.0.26200-SP0,3.13.3,3.2.6,8,Intel(R) Core(TM) i7-8650U CPU @ 1.90GHz,0,,,,7.87811279296875,machine,0.0,0,0.0,0.0,N,1.0,0.0
2026-05-07T10:24:18,codecarbon,6a6d8241-3ceb-4d1f-8e7a-a885c8889cf2,5b0fa12a-3dd7-45bb-9766-cc326314d9f1,1.5057178999995813,1.826931634243228e-06,1.2133292924549385e-06,1.614610464,0.0,10.0,4.505296015916877e-07,0.0,2.7889636110760167e-06,3.239493212667704e-06,0.0,Tunisia,TUN,,,,Windows-11-10.0.26200-SP0,3.13.3,3.2.6,8,Intel(R) Core(TM) i7-8650U CPU @ 1.90GHz,0,,,,7.87811279296875,machine,0.0,0,0.0,0.0,N,1.0,0.0
2026-05-07T10:24:21,codecarbon,f2f99c43-c80a-4069-a9b7-ec4786b17d6c,5b0fa12a-3dd7-45bb-9766-cc326314d9f1,1.505104100011522,1.8228996886769287e-06,1.2111452547787051e-06,1.5925965000000006,0.0,10.0,4.442310374443568e-07,0.0,2.788112777812381e-06,3.2323438152567376e-06,0.0,Tunisia,TUN,,,,Windows-11-10.0.26200-SP0,3.13.3,3.2.6,8,Intel(R) Core(TM) i7-8650U CPU @ 1.90GHz,0,,,,7.87811279296875,machine,0.0,0,0.0,0.0,N,1.0,0.0
2026-05-07T10:24:24,codecarbon,c0b6226d-2121-4351-85e9-b3961a0dd79f,5b0fa12a-3dd7-45bb-9766-cc326314d9f1,1.5043202000088058,1.8183431914369344e-06,1.2087474404892593e-06,1.5723515625000002,0.0,10.0,4.3818040020777373e-07,0.0,2.7860838889157297e-06,3.2242642891235035e-06,0.0,Tunisia,TUN,,,,Windows-11-10.0.26200-SP0,3.13.3,3.2.6,8,Intel(R) Core(TM) i7-8650U CPU @ 1.90GHz,0,,,,7.87811279296875,machine,0.0,0,0.0,0.0,N,1.0,0.0
2026-05-07T10:24:27,codecarbon,8c5c0831-6db9-4806-8856-ba8a54b6937c,5b0fa12a-3dd7-45bb-9766-cc326314d9f1,1.5038035000034142,1.822484943036512e-06,1.2119169446223357e-06,1.6047922920000002,0.0,10.0,4.469889487959729e-07,0.0,2.784619444476751e-06,3.231608393272724e-06,0.0,Tunisia,TUN,,,,Windows-11-10.0.26200-SP0,3.13.3,3.2.6,8,Intel(R) Core(TM) i7-8650U CPU @ 1.90GHz,0,,,,7.87811279296875,machine,0.0,0,0.0,0.0,N,1.0,0.0
2026-05-07T10:24:30,codecarbon,20ef5e88-5bc2-447e-829c-13364ae8d98d,5b0fa12a-3dd7-45bb-9766-cc326314d9f1,1.5041841000202112,1.822915599301552e-06,1.211896601803634e-06,1.6047922920000002,0.0,10.0,4.471084166681225e-07,0.0,2.785263611116938e-06,3.23237202778506e-06,0.0,Tunisia,TUN,,,,Windows-11-10.0.26200-SP0,3.13.3,3.2.6,8,Intel(R) Core(TM) i7-8650U CPU @ 1.90GHz,0,,,,7.87811279296875,machine,0.0,0,0.0,0.0,N,1.0,0.0
2026-05-07T10:24:32,codecarbon,e237a0bf-34d5-4d58-a20a-78668af66752,5b0fa12a-3dd7-45bb-9766-cc326314d9f1,1.5038671000220347,1.826915771098564e-06,1.2148119811064394e-06,1.6304585595,0.0,10.0,4.542384176157168e-07,0.0,2.785226666714557e-06,3.239465084330273e-06,0.0,Tunisia,TUN,,,,Windows-11-10.0.26200-SP0,3.13.3,3.2.6,8,Intel(R) Core(TM) i7-8650U CPU @ 1.90GHz,0,,,,7.87811279296875,machine,0.0,0,0.0,0.0,N,1.0,0.0
2026-05-07T10:24:35,codecarbon,2b1d63f2-71ab-4997-835c-63705f1926f7,5b0fa12a-3dd7-45bb-9766-cc326314d9f1,1.503851899993606,1.8222304547468275e-06,1.2117087159676927e-06,1.601648736,0.0,10.0,4.4618685996379844e-07,0.0,2.784970277732808e-06,3.231157137696606e-06,0.0,Tunisia,TUN,,,,Windows-11-10.0.26200-SP0,3.13.3,3.2.6,8,Intel(R) Core(TM) i7-8650U CPU @ 1.90GHz,0,,,,7.87811279296875,machine,0.0,0,0.0,0.0,N,1.0,0.0
2026-05-07T10:24:38,codecarbon,30603725-95ac-44f0-98b6-1a3dcf6db153,5b0fa12a-3dd7-45bb-9766-cc326314d9f1,1.5041910999862012,1.8224563787896387e-06,1.211585668075258e-06,1.608,0.0,10.0,4.477563546572736e-07,0.0,2.783801388836259e-06,3.2315577434935325e-06,0.0,Tunisia,TUN,,,,Windows-11-10.0.26200-SP0,3.13.3,3.2.6,8,Intel(R) Core(TM) i7-8650U CPU @ 1.90GHz,0,,,,7.87811279296875,machine,0.0,0,0.0,0.0,N,1.0,0.0
2026-05-07T10:24:41,codecarbon,e9aa6288-9b87-4661-b134-a290abbb8f51,5b0fa12a-3dd7-45bb-9766-cc326314d9f1,1.504138599993894,1.8254380655105608e-06,1.213610278679087e-06,1.6197415305000002,0.0,10.0,4.51303723416808e-07,0.0,2.7855411111280167e-06,3.2368448345448246e-06,0.0,Tunisia,TUN,,,,Windows-11-10.0.26200-SP0,3.13.3,3.2.6,8,Intel(R) Core(TM) i7-8650U CPU @ 1.90GHz,0,,,,7.87811279296875,machine,0.0,0,0.0,0.0,N,1.0,0.0
2026-05-07T10:24:44,codecarbon,d801f1ad-b122-489e-81d0-ce0c07b6e5a1,5b0fa12a-3dd7-45bb-9766-cc326314d9f1,1.5040833999810277,1.8205289353161773e-06,1.2103909499560609e-06,1.586870556,0.0,10.0,4.422030794924467e-07,0.0,2.785936944403349e-06,3.2281400238957963e-06,0.0,Tunisia,TUN,,,,Windows-11-10.0.26200-SP0,3.13.3,3.2.6,8,Intel(R) Core(TM) i7-8650U CPU @ 1.90GHz,0,,,,7.87811279296875,machine,0.0,0,0.0,0.0,N,1.0,0.0
2026-05-07T10:24:47,codecarbon,f2d16079-2162-41e6-84f4-87098292421b,5b0fa12a-3dd7-45bb-9766-cc326314d9f1,1.5041791000112426,1.8420554329366283e-06,1.22462506820023e-06,1.7238485625000002,0.0,10.0,4.803772173651593e-07,0.0,2.785933333345585e-06,3.2663105507107444e-06,0.0,Tunisia,TUN,,,,Windows-11-10.0.26200-SP0,3.13.3,3.2.6,8,Intel(R) Core(TM) i7-8650U CPU @ 1.90GHz,0,,,,7.87811279296875,machine,0.0,0,0.0,0.0,N,1.0,0.0
2026-05-07T10:24:50,codecarbon,eaace903-03a7-4f1f-8dbd-3c0e31735736,5b0fa12a-3dd7-45bb-9766-cc326314d9f1,1.5036159999726806,1.8257043699933363e-06,1.2142091930562777e-06,1.6250235000000002,0.0,10.0,4.526525980373066e-07,0.0,2.784664444415184e-06,3.23731704245249e-06,0.0,Tunisia,TUN,,,,Windows-11-10.0.26200-SP0,3.13.3,3.2.6,8,Intel(R) Core(TM) i7-8650U CPU @ 1.90GHz,0,,,,7.87811279296875,machine,0.0,0,0.0,0.0,N,1.0,0.0
2026-05-07T10:24:53,codecarbon,123ae117-3cb6-43c7-96d2-d8b59cc936b6,5b0fa12a-3dd7-45bb-9766-cc326314d9f1,1.5034767999895848,1.890407169033292e-06,1.257357060013422e-06,2.040022788000001,0.0,10.0,5.680800457113253e-07,0.0,2.7839672222196694e-06,3.3520472679309945e-06,0.0,Tunisia,TUN,,,,Windows-11-10.0.26200-SP0,3.13.3,3.2.6,8,Intel(R) Core(TM) i7-8650U CPU @ 1.90GHz,0,,,,7.87811279296875,machine,0.0,0,0.0,0.0,N,1.0,0.0
2026-05-07T10:24:56,codecarbon,7949f150-78df-422f-8f03-84f69451f5f7,5b0fa12a-3dd7-45bb-9766-cc326314d9f1,1.5051954000082333,1.8911291681203188e-06,1.2564011078627895e-06,2.0259359565,0.0,10.0,5.65148341311383e-07,0.0,2.788179166721724e-06,3.3533275080331067e-06,0.0,Tunisia,TUN,,,,Windows-11-10.0.26200-SP0,3.13.3,3.2.6,8,Intel(R) Core(TM) i7-8650U CPU @ 1.90GHz,0,,,,7.87811279296875,machine,0.0,0,0.0,0.0,N,1.0,0.0
2026-05-07T10:24:59,codecarbon,600299ed-5ee8-446a-b998-4f672c78acd3,5b0fa12a-3dd7-45bb-9766-cc326314d9f1,1.5038219999987632,1.8162170020510777e-06,1.2077340283973578e-06,1.5606436875,0.0,10.0,4.348569334196217e-07,0.0,2.7856372222433693e-06,3.220494155662991e-06,0.0,Tunisia,TUN,,,,Windows-11-10.0.26200-SP0,3.13.3,3.2.6,8,Intel(R) Core(TM) i7-8650U CPU @ 1.90GHz,0,,,,7.87811279296875,machine,0.0,0,0.0,0.0,N,1.0,0.0
2026-05-07T10:25:02,codecarbon,983c700d-a4bf-4b81-8627-ad6135bfe1a5,5b0fa12a-3dd7-45bb-9766-cc326314d9f1,1.503682000009576,1.820516765613517e-06,1.2107059641612545e-06,1.5940662585,0.0,10.0,4.439317780071355e-07,0.0,2.7841866667181925e-06,3.228118444725328e-06,0.0,Tunisia,TUN,,,,Windows-11-10.0.26200-SP0,3.13.3,3.2.6,8,Intel(R) Core(TM) i7-8650U CPU @ 1.90GHz,0,,,,7.87811279296875,machine,0.0,0,0.0,0.0,N,1.0,0.0
2026-05-07T10:25:05,codecarbon,603ecd3e-9034-4806-86fb-03d068446b13,5b0fa12a-3dd7-45bb-9766-cc326314d9f1,1.5040781999996398,1.8174018292530053e-06,1.2083160498260268e-06,1.5723515625000002,0.0,10.0,4.379542436480658e-07,0.0,2.7846408333668176e-06,3.222595077014884e-06,0.0,Tunisia,TUN,,,,Windows-11-10.0.26200-SP0,3.13.3,3.2.6,8,Intel(R) Core(TM) i7-8650U CPU @ 1.90GHz,0,,,,7.87811279296875,machine,0.0,0,0.0,0.0,N,1.0,0.0
2026-05-07T10:25:08,codecarbon,f54a8e5c-f4f0-41a9-8c30-ba10f9cffd89,5b0fa12a-3dd7-45bb-9766-cc326314d9f1,1.5029949999880046,1.812808215850788e-06,1.2061305698723254e-06,1.5483512895000002,0.0,10.0,4.310775147326517e-07,0.0,2.783372222216308e-06,3.21444973694896e-06,0.0,Tunisia,TUN,,,,Windows-11-10.0.26200-SP0,3.13.3,3.2.6,8,Intel(R) Core(TM) i7-8650U CPU @ 1.90GHz,0,,,,7.87811279296875,machine,0.0,0,0.0,0.0,N,1.0,0.0
2026-05-07T10:25:11,codecarbon,9d38f8d8-3e98-4775-bce8-a9687d75f3b8,5b0fa12a-3dd7-45bb-9766-cc326314d9f1,1.5033327999990431,1.8144224236719627e-06,1.2069333042378356e-06,1.5552960000000002,0.0,10.0,4.331361975510357e-07,0.0,2.784175833302369e-06,3.2173120308534047e-06,0.0,Tunisia,TUN,,,,Windows-11-10.0.26200-SP0,3.13.3,3.2.6,8,Intel(R) Core(TM) i7-8650U CPU @ 1.90GHz,0,,,,7.87811279296875,machine,0.0,0,0.0,0.0,N,1.0,0.0
2026-05-07T10:25:14,codecarbon,31d5e9cf-6428-4078-8ed5-2d7e7d664dc7,5b0fa12a-3dd7-45bb-9766-cc326314d9f1,1.503724800015334,1.8257180106779167e-06,1.214130411800949e-06,1.6250235000000002,0.0,10.0,4.526481743679512e-07,0.0,2.7846930555824657e-06,3.237341229950417e-06,0.0,Tunisia,TUN,,,,Windows-11-10.0.26200-SP0,3.13.3,3.2.6,8,Intel(R) Core(TM) i7-8650U CPU @ 1.90GHz,0,,,,7.87811279296875,machine,0.0,0,0.0,0.0,N,1.0,0.0
2026-05-07T10:25:17,codecarbon,c0413f26-fb65-4c87-9923-aa74d0fcb8d7,5b0fa12a-3dd7-45bb-9766-cc326314d9f1,1.503509700007271,1.8145409176528456e-06,1.2068701104117057e-06,1.557395628,0.0,10.0,4.336751985405927e-07,0.0,2.7838469444153214e-06,3.217522142955914e-06,0.0,Tunisia,TUN,,,,Windows-11-10.0.26200-SP0,3.13.3,3.2.6,8,Intel(R) Core(TM) i7-8650U CPU @ 1.90GHz,0,,,,7.87811279296875,machine,0.0,0,0.0,0.0,N,1.0,0.0
2026-05-07T10:25:20,codecarbon,85371d2b-5ed9-44eb-9e1b-4c64cac37608,5b0fa12a-3dd7-45bb-9766-cc326314d9f1,1.50371200000518,1.812559834737118e-06,1.2053902839977827e-06,1.5394767945000003,0.0,10.0,4.288768105663295e-07,0.0,2.78513249997761e-06,3.21400931054394e-06,0.0,Tunisia,TUN,,,,Windows-11-10.0.26200-SP0,3.13.3,3.2.6,8,Intel(R) Core(TM) i7-8650U CPU @ 1.90GHz,0,,,,7.87811279296875,machine,0.0,0,0.0,0.0,N,1.0,0.0
2026-05-07T10:25:23,codecarbon,7f3361cd-94e9-44b6-9a45-0dd42d025aa1,5b0fa12a-3dd7-45bb-9766-cc326314d9f1,1.5034376000112388,1.821669594873317e-06,1.2116695730236486e-06,1.601648736,0.0,10.0,4.460367943850148e-07,0.0,2.7841258333258643e-06,3.2301626277108792e-06,0.0,Tunisia,TUN,,,,Windows-11-10.0.26200-SP0,3.13.3,3.2.6,8,Intel(R) Core(TM) i7-8650U CPU @ 1.90GHz,0,,,,7.87811279296875,machine,0.0,0,0.0,0.0,N,1.0,0.0
2026-05-07T10:25:26,codecarbon,3f01a5cb-3b14-43ef-aa82-c64f1182c8d9,5b0fa12a-3dd7-45bb-9766-cc326314d9f1,1.5032987000013236,1.811938512746976e-06,1.2053083746732307e-06,1.5394767945000003,0.0,10.0,4.2873008987807777e-07,0.0,2.7841774999817266e-06,3.212907589859804e-06,0.0,Tunisia,TUN,,,,Windows-11-10.0.26200-SP0,3.13.3,3.2.6,8,Intel(R) Core(TM) i7-8650U CPU @ 1.90GHz,0,,,,7.87811279296875,machine,0.0,0,0.0,0.0,N,1.0,0.0
2026-05-07T10:25:28,codecarbon,a8380d14-4838-4d33-950e-eff3562a36b7,5b0fa12a-3dd7-45bb-9766-cc326314d9f1,1.5036488000187092,1.8149040612131804e-06,1.2069999731257711e-06,1.5584650845,0.0,10.0,4.340135647179296e-07,0.0,2.784152500033896e-06,3.2181660647518253e-06,0.0,Tunisia,TUN,,,,Windows-11-10.0.26200-SP0,3.13.3,3.2.6,8,Intel(R) Core(TM) i7-8650U CPU @ 1.90GHz,0,,,,7.87811279296875,machine,0.0,0,0.0,0.0,N,1.0,0.0
2026-05-07T10:25:31,codecarbon,43c65d94-b042-436a-a117-7287192e708e,5b0fa12a-3dd7-45bb-9766-cc326314d9f1,1.504247300006682,1.816270316615729e-06,1.2074280050944155e-06,1.5584650845,0.0,10.0,4.343464701661153e-07,0.0,2.786242222242032e-06,3.220588692408147e-06,0.0,Tunisia,TUN,,,,Windows-11-10.0.26200-SP0,3.13.3,3.2.6,8,Intel(R) Core(TM) i7-8650U CPU @ 1.90GHz,0,,,,7.87811279296875,machine,0.0,0,0.0,0.0,N,1.0,0.0
2026-05-07T10:25:34,codecarbon,c4454987-8b0f-4482-b15d-069c76a4fb74,5b0fa12a-3dd7-45bb-9766-cc326314d9f1,1.503664599993499,1.814059409555716e-06,1.2064255616335977e-06,1.5502723125000002,0.0,10.0,4.318433386055661e-07,0.0,2.7848249999806284e-06,3.2166683385861944e-06,0.0,Tunisia,TUN,,,,Windows-11-10.0.26200-SP0,3.13.3,3.2.6,8,Intel(R) Core(TM) i7-8650U CPU @ 1.90GHz,0,,,,7.87811279296875,machine,0.0,0,0.0,0.0,N,1.0,0.0
2026-05-07T10:25:37,codecarbon,a7b12415-437b-4fc7-8d1e-ecfc1108b7a1,5b0fa12a-3dd7-45bb-9766-cc326314d9f1,1.5040039000159595,1.8146665182131567e-06,1.2065570562642164e-06,1.5493055640000004,0.0,10.0,4.317484674634263e-07,0.0,2.785996388896213e-06,3.2177448563596394e-06,0.0,Tunisia,TUN,,,,Windows-11-10.0.26200-SP0,3.13.3,3.2.6,8,Intel(R) Core(TM) i7-8650U CPU @ 1.90GHz,0,,,,7.87811279296875,machine,0.0,0,0.0,0.0,N,1.0,0.0
2026-05-07T10:25:40,codecarbon,090946b2-128f-4bd9-b98a-69cf96eebb1e,5b0fa12a-3dd7-45bb-9766-cc326314d9f1,1.503452600009041,1.816308650842016e-06,1.208091728885296e-06,1.5640120320000002,0.0,10.0,4.357041662160421e-07,0.0,2.7849524999813484e-06,3.2206566661973905e-06,0.0,Tunisia,TUN,,,,Windows-11-10.0.26200-SP0,3.13.3,3.2.6,8,Intel(R) Core(TM) i7-8650U CPU @ 1.90GHz,0,,,,7.87811279296875,machine,0.0,0,0.0,0.0,N,1.0,0.0
2026-05-07T10:25:43,codecarbon,8aed1b51-e6e2-4cea-ba6d-4d6dac9af613,5b0fa12a-3dd7-45bb-9766-cc326314d9f1,1.5032191000063904,1.8157013255820733e-06,1.2078753693153275e-06,1.5651619215000006,0.0,10.0,4.358255976883102e-07,0.0,2.783754166658684e-06,3.2195797643469937e-06,0.0,Tunisia,TUN,,,,Windows-11-10.0.26200-SP0,3.13.3,3.2.6,8,Intel(R) Core(TM) i7-8650U CPU @ 1.90GHz,0,,,,7.87811279296875,machine,0.0,0,0.0,0.0,N,1.0,0.0
2026-05-07T10:25:46,codecarbon,7feba06d-e173-44cd-9f64-ef717203e02d,5b0fa12a-3dd7-45bb-9766-cc326314d9f1,1.50341100001242,1.8136444724836305e-06,1.2063530681022335e-06,1.5502723125000002,0.0,10.0,4.31746188219546e-07,0.0,2.7841863889383e-06,3.215932577157846e-06,0.0,Tunisia,TUN,,,,Windows-11-10.0.26200-SP0,3.13.3,3.2.6,8,Intel(R) Core(TM) i7-8650U CPU @ 1.90GHz,0,,,,7.87811279296875,machine,0.0,0,0.0,0.0,N,1.0,0.0
2026-05-07T10:25:49,codecarbon,3caa29a8-0431-4be7-a667-182ae1526faa,5b0fa12a-3dd7-45bb-9766-cc326314d9f1,1.5031018999870869,1.8124912628665688e-06,1.2058339244213184e-06,1.5455625,0.0,10.0,4.303357752946932e-07,0.0,2.783551944432677e-06,3.21388771972737e-06,0.0,Tunisia,TUN,,,,Windows-11-10.0.26200-SP0,3.13.3,3.2.6,8,Intel(R) Core(TM) i7-8650U CPU @ 1.90GHz,0,,,,7.87811279296875,machine,0.0,0,0.0,0.0,N,1.0,0.0
2026-05-07T10:25:52,codecarbon,cbd33381-8892-4468-b480-56ab507a8af1,5b0fa12a-3dd7-45bb-9766-cc326314d9f1,1.5036794999905396,1.8142554455480303e-06,1.2065439779949416e-06,1.5493055640000004,0.0,10.0,4.316509472818458e-07,0.0,2.785364999969412e-06,3.2170159472512577e-06,0.0,Tunisia,TUN,,,,Windows-11-10.0.26200-SP0,3.13.3,3.2.6,8,Intel(R) Core(TM) i7-8650U CPU @ 1.90GHz,0,,,,7.87811279296875,machine,0.0,0,0.0,0.0,N,1.0,0.0
2026-05-07T10:25:55,codecarbon,5390c2ea-1caf-44df-b3e9-f5b0b6a5cabf,5b0fa12a-3dd7-45bb-9766-cc326314d9f1,1.502931199996965,1.816930554848732e-06,1.2089246366383244e-06,1.5735989760000002,0.0,10.0,4.381444189230141e-07,0.0,2.7836149999833047e-06,3.2217594189063187e-06,0.0,Tunisia,TUN,,,,Windows-11-10.0.26200-SP0,3.13.3,3.2.6,8,Intel(R) Core(TM) i7-8650U CPU @ 1.90GHz,0,,,,7.87811279296875,machine,0.0,0,0.0,0.0,N,1.0,0.0
2026-05-07T10:25:58,codecarbon,3115fafa-603d-4a81-ae42-32a1c325852f,5b0fa12a-3dd7-45bb-9766-cc326314d9f1,1.503682000009576,1.814595860983292e-06,1.206768359913689e-06,1.5532482120000002,0.0,10.0,4.326901233970739e-07,0.0,2.784929444411925e-06,3.217619567808999e-06,0.0,Tunisia,TUN,,,,Windows-11-10.0.26200-SP0,3.13.3,3.2.6,8,Intel(R) Core(TM) i7-8650U CPU @ 1.90GHz,0,,,,7.87811279296875,machine,0.0,0,0.0,0.0,N,1.0,0.0
2026-05-07T10:26:00,codecarbon,94ab6c18-ce70-4b54-acd6-fcc67dd8a286,5b0fa12a-3dd7-45bb-9766-cc326314d9f1,1.503064099990297,1.813367297323427e-06,1.2064470818876806e-06,1.5532482120000002,0.0,10.0,4.32390260190115e-07,0.0,2.7830508333055247e-06,3.21544109349564e-06,0.0,Tunisia,TUN,,,,Windows-11-10.0.26200-SP0,3.13.3,3.2.6,8,Intel(R) Core(TM) i7-8650U CPU @ 1.90GHz,0,,,,7.87811279296875,machine,0.0,0,0.0,0.0,N,1.0,0.0
2026-05-07T10:26:03,codecarbon,6924a283-4614-4412-a703-73d8178583b3,5b0fa12a-3dd7-45bb-9766-cc326314d9f1,1.5030449999903794,1.8130606278956256e-06,1.2062583807585472e-06,1.5493055640000004,0.0,10.0,4.313756442857921e-07,0.0,2.783521666666881e-06,3.2148973109526733e-06,0.0,Tunisia,TUN,,,,Windows-11-10.0.26200-SP0,3.13.3,3.2.6,8,Intel(R) Core(TM) i7-8650U CPU @ 1.90GHz,0,,,,7.87811279296875,machine,0.0,0,0.0,0.0,N,1.0,0.0
2026-05-07T10:26:06,codecarbon,2731a7ea-a205-4b80-9128-62dee693825e,5b0fa12a-3dd7-45bb-9766-cc326314d9f1,1.5034043999912683,1.8132442818619184e-06,1.20609217444917e-06,1.5483512895000002,0.0,10.0,4.311812972929736e-07,0.0,2.784041666665063e-06,3.2152229639580363e-06,0.0,Tunisia,TUN,,,,Windows-11-10.0.26200-SP0,3.13.3,3.2.6,8,Intel(R) Core(TM) i7-8650U CPU @ 1.90GHz,0,,,,7.87811279296875,machine,0.0,0,0.0,0.0,N,1.0,0.0
2026-05-07T10:26:09,codecarbon,2cd03a36-dc1c-4c65-8a00-5c5d00d97430,5b0fa12a-3dd7-45bb-9766-cc326314d9f1,1.5036325000110082,1.812872691212756e-06,1.2056620824566402e-06,1.5446573115000002,0.0,10.0,4.302015638696976e-07,0.0,2.78436250001606e-06,3.214564063885757e-06,0.0,Tunisia,TUN,,,,Windows-11-10.0.26200-SP0,3.13.3,3.2.6,8,Intel(R) Core(TM) i7-8650U CPU @ 1.90GHz,0,,,,7.87811279296875,machine,0.0,0,0.0,0.0,N,1.0,0.0
2026-05-07T10:26:12,codecarbon,93fbb76f-e8e2-4fc0-a8dc-a99ed0165301,5b0fa12a-3dd7-45bb-9766-cc326314d9f1,1.5032984999998007,1.8227551701048287e-06,1.2125038175086789e-06,1.6129332645,0.0,10.0,4.490631122845322e-07,0.0,2.783024444377386e-06,3.2320875566619182e-06,0.0,Tunisia,TUN,,,,Windows-11-10.0.26200-SP0,3.13.3,3.2.6,8,Intel(R) Core(TM) i7-8650U CPU @ 1.90GHz,0,,,,7.87811279296875,machine,0.0,0,0.0,0.0,N,1.0,0.0
2026-05-07T10:26:15,codecarbon,01b4d586-176c-4bfa-b2e9-2e0e6f9d6adc,5b0fa12a-3dd7-45bb-9766-cc326314d9f1,1.5035448000126053,1.816061789265536e-06,1.207853460203055e-06,1.5651619215000006,0.0,10.0,4.358733786131685e-07,0.0,2.7843455556042804e-06,3.220218934217449e-06,0.0,Tunisia,TUN,,,,Windows-11-10.0.26200-SP0,3.13.3,3.2.6,8,Intel(R) Core(TM) i7-8650U CPU @ 1.90GHz,0,,,,7.87811279296875,machine,0.0,0,0.0,0.0,N,1.0,0.0
2026-05-07T10:26:18,codecarbon,5b03725b-3467-4a4d-891a-ee2d3d87cec9,5b0fa12a-3dd7-45bb-9766-cc326314d9f1,1.504224299977068,1.816051219554031e-06,1.2073008125062977e-06,1.559547744,0.0,10.0,4.345451921372368e-07,0.0,2.7856549999948285e-06,3.220200192132065e-06,0.0,Tunisia,TUN,,,,Windows-11-10.0.26200-SP0,3.13.3,3.2.6,8,Intel(R) Core(TM) i7-8650U CPU @ 1.90GHz,0,,,,7.87811279296875,machine,0.0,0,0.0,0.0,N,1.0,0.0
2026-05-07T10:26:21,codecarbon,d054cd49-3ac3-4bb4-bb70-8451b8dc276d,5b0fa12a-3dd7-45bb-9766-cc326314d9f1,1.5035098000080325,1.8303242042958265e-06,1.2173676581862303e-06,1.6537734375000006,0.0,10.0,4.606397104433535e-07,0.0,2.784869166660226e-06,3.2455088771035794e-06,0.0,Tunisia,TUN,,,,Windows-11-10.0.26200-SP0,3.13.3,3.2.6,8,Intel(R) Core(TM) i7-8650U CPU @ 1.90GHz,0,,,,7.87811279296875,machine,0.0,0,0.0,0.0,N,1.0,0.0
2026-05-07T10:26:24,codecarbon,7b9bb9d7-34da-4d99-bbe4-f45d84706c13,5b0fa12a-3dd7-45bb-9766-cc326314d9f1,1.5038873000012245,1.816727485028306e-06,1.2080210299181507e-06,1.5675028485000002,0.0,10.0,4.366157267609962e-07,0.0,2.784783611180804e-06,3.2213993379418005e-06,0.0,Tunisia,TUN,,,,Windows-11-10.0.26200-SP0,3.13.3,3.2.6,8,Intel(R) Core(TM) i7-8650U CPU @ 1.90GHz,0,,,,7.87811279296875,machine,0.0,0,0.0,0.0,N,1.0,0.0
2026-05-07T10:34:34,codecarbon,13343e51-29d9-4952-90ec-c9f1138627f4,5b0fa12a-3dd7-45bb-9766-cc326314d9f1,1.5045597999996971,1.8213908242781544e-06,1.2105805460697018e-06,1.5854769375000006,0.0,10.0,4.4208914836229213e-07,0.0,2.78757916668029e-06,3.229668315042582e-06,0.0,Tunisia,TUN,,,,Windows-11-10.0.26200-SP0,3.13.3,3.2.6,8,Intel(R) Core(TM) i7-8650U CPU @ 1.90GHz,0,,,,7.87811279296875,machine,0.0,0,0.0,0.0,N,1.0,0.0
2026-05-07T10:34:37,codecarbon,64b9e0b1-219e-4921-9f97-3d0373a70086,5b0fa12a-3dd7-45bb-9766-cc326314d9f1,1.5034752000065057,1.8174081956732728e-06,1.2088049045740226e-06,1.5735989760000002,0.0,10.0,4.382296992458617e-07,0.0,2.784376666628911e-06,3.222606365874773e-06,0.0,Tunisia,TUN,,,,Windows-11-10.0.26200-SP0,3.13.3,3.2.6,8,Intel(R) Core(TM) i7-8650U CPU @ 1.90GHz,0,,,,7.87811279296875,machine,0.0,0,0.0,0.0,N,1.0,0.0
2026-05-07T10:34:39,codecarbon,3f95298d-61a2-481f-9d36-37f0cf8e7730,5b0fa12a-3dd7-45bb-9766-cc326314d9f1,1.5037883000040893,1.8230161494118363e-06,1.2122824398932212e-06,1.608,0.0,10.0,4.478569886695671e-07,0.0,2.784693333362358e-06,3.2325503220319253e-06,0.0,Tunisia,TUN,,,,Windows-11-10.0.26200-SP0,3.13.3,3.2.6,8,Intel(R) Core(TM) i7-8650U CPU @ 1.90GHz,0,,,,7.87811279296875,machine,0.0,0,0.0,0.0,N,1.0,0.0
2026-05-07T10:34:42,codecarbon,fc75bb91-d4fa-4145-aacf-77a05c6a6256,5b0fa12a-3dd7-45bb-9766-cc326314d9f1,1.503617799986387,1.8228278646826616e-06,1.212294683329211e-06,1.6047922920000002,0.0,10.0,4.470403467160626e-07,0.0,2.785176111097422e-06,3.2322164578134845e-06,0.0,Tunisia,TUN,,,,Windows-11-10.0.26200-SP0,3.13.3,3.2.6,8,Intel(R) Core(TM) i7-8650U CPU @ 1.90GHz,0,,,,7.87811279296875,machine,0.0,0,0.0,0.0,N,1.0,0.0
2026-05-07T10:34:45,codecarbon,ef8b6096-d904-46a0-aa19-15fd9515e89f,5b0fa12a-3dd7-45bb-9766-cc326314d9f1,1.503491400013445,1.8164363360001368e-06,1.2081454779082167e-06,1.5651619215000006,0.0,10.0,4.359608537693416e-07,0.0,2.784922222215553e-06,3.220883075984895e-06,0.0,Tunisia,TUN,,,,Windows-11-10.0.26200-SP0,3.13.3,3.2.6,8,Intel(R) Core(TM) i7-8650U CPU @ 1.90GHz,0,,,,7.87811279296875,machine,0.0,0,0.0,0.0,N,1.0,0.0
2026-05-07T10:34:48,codecarbon,f01ae7c9-393c-4d16-82c3-bcfea9fdc920,5b0fa12a-3dd7-45bb-9766-cc326314d9f1,1.5036205000069458,1.8155056179011784e-06,1.2074227625207235e-06,1.5606436875,0.0,10.0,4.346549601044473e-07,0.0,2.784577777735346e-06,3.219232737839793e-06,0.0,Tunisia,TUN,,,,Windows-11-10.0.26200-SP0,3.13.3,3.2.6,8,Intel(R) Core(TM) i7-8650U CPU @ 1.90GHz,0,,,,7.87811279296875,machine,0.0,0,0.0,0.0,N,1.0,0.0
2026-05-07T10:34:51,codecarbon,03e487f0-722c-4420-8ade-a0c62401a15b,5b0fa12a-3dd7-45bb-9766-cc326314d9f1,1.50366070002201,1.816792671185451e-06,1.2082464289708825e-06,1.5675028485000002,0.0,10.0,4.366093696683938e-07,0.0,2.7849055555836664e-06,3.2215149252520603e-06,0.0,Tunisia,TUN,,,,Windows-11-10.0.26200-SP0,3.13.3,3.2.6,8,Intel(R) Core(TM) i7-8650U CPU @ 1.90GHz,0,,,,7.87811279296875,machine,0.0,0,0.0,0.0,N,1.0,0.0
2026-05-07T10:34:54,codecarbon,60ea0e07-e156-462b-9b93-9ccfa36173ba,5b0fa12a-3dd7-45bb-9766-cc326314d9f1,1.5041053000022655,1.820956853910614e-06,1.2106578268874337e-06,1.5897030720000005,0.0,10.0,4.429624150791216e-07,0.0,2.7859363889244074e-06,3.2288988040035288e-06,0.0,Tunisia,TUN,,,,Windows-11-10.0.26200-SP0,3.13.3,3.2.6,8,Intel(R) Core(TM) i7-8650U CPU @ 1.90GHz,0,,,,7.87811279296875,machine,0.0,0,0.0,0.0,N,1.0,0.0
2026-05-07T10:34:57,codecarbon,5dd61ffa-da28-4330-a814-d4f17c2b0eaf,5b0fa12a-3dd7-45bb-9766-cc326314d9f1,1.5035766000219155,1.817032431121712e-06,1.2084734699218037e-06,1.5735989760000002,0.0,10.0,4.381695090974113e-07,0.0,2.783770555591521e-06,3.2219400646889326e-06,0.0,Tunisia,TUN,,,,Windows-11-10.0.26200-SP0,3.13.3,3.2.6,8,Intel(R) Core(TM) i7-8650U CPU @ 1.90GHz,0,,,,7.87811279296875,machine,0.0,0,0.0,0.0,N,1.0,0.0
2026-05-07T10:35:00,codecarbon,37c11e91-54ef-4749-90fd-4dfd5d61451f,5b0fa12a-3dd7-45bb-9766-cc326314d9f1,1.5039887000166343,1.820960195063596e-06,1.2107539072889684e-06,1.5925965000000006,0.0,10.0,4.436688951256553e-07,0.0,2.7852358333701783e-06,3.228904728495833e-06,0.0,Tunisia,TUN,,,,Windows-11-10.0.26200-SP0,3.13.3,3.2.6,8,Intel(R) Core(TM) i7-8650U CPU @ 1.90GHz,0,,,,7.87811279296875,machine,0.0,0,0.0,0.0,N,1.0,0.0
2026-05-07T10:35:03,codecarbon,7b413bf7-ba61-46f5-b585-1ca171e2e3f7,5b0fa12a-3dd7-45bb-9766-cc326314d9f1,1.5037771000061184,1.8161214012633644e-06,1.2077065153179784e-06,1.5651619215000006,0.0,10.0,4.359296374744166e-07,0.0,2.784395000020999e-06,3.2203246374954154e-06,0.0,Tunisia,TUN,,,,Windows-11-10.0.26200-SP0,3.13.3,3.2.6,8,Intel(R) Core(TM) i7-8650U CPU @ 1.90GHz,0,,,,7.87811279296875,machine,0.0,0,0.0,0.0,N,1.0,0.0
2026-05-07T10:35:06,codecarbon,5c7edb75-5341-48f7-8e78-ef185147e8a2,5b0fa12a-3dd7-45bb-9766-cc326314d9f1,1.5031208999862429,1.8188783471609625e-06,1.210067897517498e-06,1.5854769375000006,0.0,10.0,4.414698874966486e-07,0.0,2.7837433333237035e-06,3.225213220820352e-06,0.0,Tunisia,TUN,,,,Windows-11-10.0.26200-SP0,3.13.3,3.2.6,8,Intel(R) Core(TM) i7-8650U CPU @ 1.90GHz,0,,,,7.87811279296875,machine,0.0,0,0.0,0.0,N,1.0,0.0
2026-05-07T10:35:09,codecarbon,4d2aa921-6c87-443b-ba4d-2a2fe363bba1,5b0fa12a-3dd7-45bb-9766-cc326314d9f1,1.5033285999961663,1.872088577393926e-06,1.2452956575153962e-06,1.925985696,0.0,10.0,5.362077391763441e-07,0.0,2.7833572222637787e-06,3.3195649614401228e-06,0.0,Tunisia,TUN,,,,Windows-11-10.0.26200-SP0,3.13.3,3.2.6,8,Intel(R) Core(TM) i7-8650U CPU @ 1.90GHz,0,,,,7.87811279296875,machine,0.0,0,0.0,0.0,N,1.0,0.0
2026-05-07T10:35:12,codecarbon,c5a21d24-2795-4367-a259-9ddd63085781,5b0fa12a-3dd7-45bb-9766-cc326314d9f1,1.5031447000219489,1.815005351933064e-06,1.207472142839316e-06,1.5606436875,0.0,10.0,4.345306721877153e-07,0.0,2.7838150000510114e-06,3.2183456722387267e-06,0.0,Tunisia,TUN,,,,Windows-11-10.0.26200-SP0,3.13.3,3.2.6,8,Intel(R) Core(TM) i7-8650U CPU @ 1.90GHz,0,,,,7.87811279296875,machine,0.0,0,0.0,0.0,N,1.0,0.0
2026-05-07T10:35:15,codecarbon,a7265bc2-754a-4084-818c-aa5c90fb4f5d,5b0fa12a-3dd7-45bb-9766-cc326314d9f1,1.5034618999925442,1.8223015896821087e-06,1.2120703489001923e-06,1.6047922920000002,0.0,10.0,4.4691160671791053e-07,0.0,2.784371666590839e-06,3.231283273308749e-06,0.0,Tunisia,TUN,,,,Windows-11-10.0.26200-SP0,3.13.3,3.2.6,8,Intel(R) Core(TM) i7-8650U CPU @ 1.90GHz,0,,,,7.87811279296875,machine,0.0,0,0.0,0.0,N,1.0,0.0
2026-05-07T10:35:18,codecarbon,23f05872-7148-4052-bdb0-008cfb8646c6,5b0fa12a-3dd7-45bb-9766-cc326314d9f1,1.5033988999784924,1.805785369075003e-06,1.2011352204001457e-06,1.500108,0.0,10.0,4.17754409474742e-07,0.0,2.7842424999916046e-06,3.2019969094663464e-06,0.0,Tunisia,TUN,,,,Windows-11-10.0.26200-SP0,3.13.3,3.2.6,8,Intel(R) Core(TM) i7-8650U CPU @ 1.90GHz,0,,,,7.87811279296875,machine,0.0,0,0.0,0.0,N,1.0,0.0
2026-05-07T10:35:21,codecarbon,9b96e7ea-d403-49b1-8a56-826c04a629dc,5b0fa12a-3dd7-45bb-9766-cc326314d9f1,1.502985200000694,1.8069886039721269e-06,1.2022663988782406e-06,1.5095170815,0.0,10.0,4.203154710710738e-07,0.0,2.7838150000510114e-06,3.204130471122085e-06,0.0,Tunisia,TUN,,,,Windows-11-10.0.26200-SP0,3.13.3,3.2.6,8,Intel(R) Core(TM) i7-8650U CPU @ 1.90GHz,0,,,,7.87811279296875,machine,0.0,0,0.0,0.0,N,1.0,0.0
2026-05-07T10:35:24,codecarbon,948c2096-5d5c-4ead-9f76-0544e66c33f4,5b0fa12a-3dd7-45bb-9766-cc326314d9f1,1.503218199999537,1.8057959754315405e-06,1.201286663128544e-06,1.500006912,0.0,10.0,4.177365499161678e-07,0.0,2.7842791666140936e-06,3.202015716530261e-06,0.0,Tunisia,TUN,,,,Windows-11-10.0.26200-SP0,3.13.3,3.2.6,8,Intel(R) Core(TM) i7-8650U CPU @ 1.90GHz,0,,,,7.87811279296875,machine,0.0,0,0.0,0.0,N,1.0,0.0
2026-05-07T10:35:26,codecarbon,e9f50ebd-986b-46c9-8cf3-93cc92b29f85,5b0fa12a-3dd7-45bb-9766-cc326314d9f1,1.5027177000010852,1.8049576499460008e-06,1.201128894631838e-06,1.5001642545000002,0.0,10.0,4.1758476344166514e-07,0.0,2.7829444444149783e-06,3.2005292078566432e-06,0.0,Tunisia,TUN,,,,Windows-11-10.0.26200-SP0,3.13.3,3.2.6,8,Intel(R) Core(TM) i7-8650U CPU @ 1.90GHz,0,,,,7.87811279296875,machine,0.0,0,0.0,0.0,N,1.0,0.0
2026-05-07T10:35:29,codecarbon,eb961e0d-8fe7-4d45-9235-63d49242f52a,5b0fa12a-3dd7-45bb-9766-cc326314d9f1,1.5031932999845594,1.8057625229811648e-06,1.2012843078795749e-06,1.500055296,0.0,10.0,4.177405656829654e-07,0.0,2.784215833364417e-06,3.201956399047382e-06,0.0,Tunisia,TUN,,,,Windows-11-10.0.26200-SP0,3.13.3,3.2.6,8,Intel(R) Core(TM) i7-8650U CPU @ 1.90GHz,0,,,,7.87811279296875,machine,0.0,0,0.0,0.0,N,1.0,0.0
2026-05-07T10:35:32,codecarbon,e20df950-7d2f-4709-8465-aa7c22834bb5,5b0fa12a-3dd7-45bb-9766-cc326314d9f1,1.503066100005526,1.8058677333738868e-06,1.2014559661529506e-06,1.5071744535,0.0,10.0,4.194876790409572e-07,0.0,2.7826552778100857e-06,3.202142956851043e-06,0.0,Tunisia,TUN,,,,Windows-11-10.0.26200-SP0,3.13.3,3.2.6,8,Intel(R) Core(TM) i7-8650U CPU @ 1.90GHz,0,,,,7.87811279296875,machine,0.0,0,0.0,0.0,N,1.0,0.0
2026-05-07T10:35:35,codecarbon,f2eab439-5fdd-40ee-8f29-83572c714e23,5b0fa12a-3dd7-45bb-9766-cc326314d9f1,1.503460100007942,1.806809580966676e-06,1.2017675633408107e-06,1.5010733445,0.0,10.0,4.182127519206757e-07,0.0,2.785600277760144e-06,3.203813029680819e-06,0.0,Tunisia,TUN,,,,Windows-11-10.0.26200-SP0,3.13.3,3.2.6,8,Intel(R) Core(TM) i7-8650U CPU @ 1.90GHz,0,,,,7.87811279296875,machine,0.0,0,0.0,0.0,N,1.0,0.0
2026-05-07T10:35:38,codecarbon,21906e7d-0782-4dc5-92f7-5f1263e3a83d,5b0fa12a-3dd7-45bb-9766-cc326314d9f1,1.5055669999856036,1.8098206816144724e-06,1.202085780062779e-06,1.5088897905,0.0,10.0,4.209586660391976e-07,0.0,2.7881936111144672e-06,3.209152277153665e-06,0.0,Tunisia,TUN,,,,Windows-11-10.0.26200-SP0,3.13.3,3.2.6,8,Intel(R) Core(TM) i7-8650U CPU @ 1.90GHz,0,,,,7.87811279296875,machine,0.0,0,0.0,0.0,N,1.0,0.0
2026-05-07T10:35:41,codecarbon,55d95789-8ed1-42d7-bd33-c87a2f0ed3da,5b0fa12a-3dd7-45bb-9766-cc326314d9f1,1.50295080000069,1.804864357642829e-06,1.200880532910326e-06,1.500108,0.0,10.0,4.175415608338825e-07,0.0,2.782822222232224e-06,3.200363783066106e-06,0.0,Tunisia,TUN,,,,Windows-11-10.0.26200-SP0,3.13.3,3.2.6,8,Intel(R) Core(TM) i7-8650U CPU @ 1.90GHz,0,,,,7.87811279296875,machine,0.0,0,0.0,0.0,N,1.0,0.0
2026-05-07T10:35:44,codecarbon,ee3549c1-bdf0-4fa1-a25e-b8d98b9f0d58,5b0fa12a-3dd7-45bb-9766-cc326314d9f1,1.5032096999930218,1.8059325404270984e-06,1.2013843048215308e-06,1.5000233280000006,0.0,10.0,4.177653719837925e-07,0.0,2.784492499954973e-06,3.2022578719387653e-06,0.0,Tunisia,TUN,,,,Windows-11-10.0.26200-SP0,3.13.3,3.2.6,8,Intel(R) Core(TM) i7-8650U CPU @ 1.90GHz,0,,,,7.87811279296875,machine,0.0,0,0.0,0.0,N,1.0,0.0
2026-05-07T10:35:47,codecarbon,2f96614e-f445-4422-ae3c-ca75c11cd10e,5b0fa12a-3dd7-45bb-9766-cc326314d9f1,1.5034261999826413,1.805617496899553e-06,1.2010017498167855e-06,1.5000008640000002,0.0,10.0,4.176950739207446e-07,0.0,2.784004166622052e-06,3.201699240542796e-06,0.0,Tunisia,TUN,,,,Windows-11-10.0.26200-SP0,3.13.3,3.2.6,8,Intel(R) Core(TM) i7-8650U CPU @ 1.90GHz,0,,,,7.87811279296875,machine,0.0,0,0.0,0.0,N,1.0,0.0
2026-05-07T10:35:50,codecarbon,3ede11a8-e3f7-43fe-8731-bbc355fb249a,5b0fa12a-3dd7-45bb-9766-cc326314d9f1,1.5034955999872182,1.8060072726553448e-06,1.20120555901241e-06,1.5000233280000006,0.0,10.0,4.177906640423527e-07,0.0,2.7845997221851983e-06,3.202390386227551e-06,0.0,Tunisia,TUN,,,,Windows-11-10.0.26200-SP0,3.13.3,3.2.6,8,Intel(R) Core(TM) i7-8650U CPU @ 1.90GHz,0,,,,7.87811279296875,machine,0.0,0,0.0,0.0,N,1.0,0.0
2026-05-07T10:35:53,codecarbon,e8d22def-59b0-4414-b5ac-1fd501e9ccdf,5b0fa12a-3dd7-45bb-9766-cc326314d9f1,1.5035499000223354,1.806511246876382e-06,1.2014973675629562e-06,1.5000233280000006,0.0,10.0,4.179254161454037e-07,0.0,2.78535861111272e-06,3.2032840272581228e-06,0.0,Tunisia,TUN,,,,Windows-11-10.0.26200-SP0,3.13.3,3.2.6,8,Intel(R) Core(TM) i7-8650U CPU @ 1.90GHz,0,,,,7.87811279296875,machine,0.0,0,0.0,0.0,N,1.0,0.0
2026-05-07T10:35:56,codecarbon,792436e4-f4d8-42d4-8b10-987e1350fbd7,5b0fa12a-3dd7-45bb-9766-cc326314d9f1,1.5034759999834932,1.805564847386204e-06,1.2009269502180466e-06,1.500055296,0.0,10.0,4.1768560531747226e-07,0.0,2.7839202777411427e-06,3.201605883058615e-06,0.0,Tunisia,TUN,,,,Windows-11-10.0.26200-SP0,3.13.3,3.2.6,8,Intel(R) Core(TM) i7-8650U CPU @ 1.90GHz,0,,,,7.87811279296875,machine,0.0,0,0.0,0.0,N,1.0,0.0
2026-05-07T10:35:59,codecarbon,e22f7706-0d6d-4f64-987b-7854e556c398,5b0fa12a-3dd7-45bb-9766-cc326314d9f1,1.5032173999934455,1.8060046819815336e-06,1.201426142346016e-06,1.501314036,0.0,10.0,4.181002369242607e-07,0.0,2.7842855555516306e-06,3.2023857924758912e-06,0.0,Tunisia,TUN,,,,Windows-11-10.0.26200-SP0,3.13.3,3.2.6,8,Intel(R) Core(TM) i7-8650U CPU @ 1.90GHz,0,,,,7.87811279296875,machine,0.0,0,0.0,0.0,N,1.0,0.0
2026-05-07T10:36:02,codecarbon,8dde4546-2681-4185-a085-a2aa42a4bfab,5b0fa12a-3dd7-45bb-9766-cc326314d9f1,1.50798679998843,1.828241362112732e-06,1.2123722582497131e-06,1.639863132,0.0,10.0,4.567856063763724e-07,0.0,2.785030000005564e-06,3.241815606381937e-06,0.0,Tunisia,TUN,,,,Windows-11-10.0.26200-SP0,3.13.3,3.2.6,8,Intel(R) Core(TM) i7-8650U CPU @ 1.90GHz,0,,,,7.87811279296875,machine,0.0,0,0.0,0.0,N,1.0,0.0
2026-05-07T10:36:05,codecarbon,89eb77be-26a3-42dd-aec7-4194e1b4c06b,5b0fa12a-3dd7-45bb-9766-cc326314d9f1,1.5029666999762412,1.860363515331296e-06,1.2377942341375254e-06,1.8572584920000008,0.0,10.0,5.167714445621344e-07,0.0,2.7820027777731107e-06,3.298774222335245e-06,0.0,Tunisia,TUN,,,,Windows-11-10.0.26200-SP0,3.13.3,3.2.6,8,Intel(R) Core(TM) i7-8650U CPU @ 1.90GHz,0,,,,7.87811279296875,machine,0.0,0,0.0,0.0,N,1.0,0.0
2026-05-07T10:36:08,codecarbon,46581a2d-a260-4bc0-8940-580d775db4bf,5b0fa12a-3dd7-45bb-9766-cc326314d9f1,1.5035823000071105,1.820652197267552e-06,1.2108763166864507e-06,1.5911421315,0.0,10.0,4.432316460456706e-07,0.0,2.7851269444605955e-06,3.228358590506266e-06,0.0,Tunisia,TUN,,,,Windows-11-10.0.26200-SP0,3.13.3,3.2.6,8,Intel(R) Core(TM) i7-8650U CPU @ 1.90GHz,0,,,,7.87811279296875,machine,0.0,0,0.0,0.0,N,1.0,0.0
2026-05-07T10:36:10,codecarbon,4a3bc076-8d3e-49e4-ad6f-cdba9a72d31b,5b0fa12a-3dd7-45bb-9766-cc326314d9f1,1.5035189000191167,1.820159319878698e-06,1.2105995607075876e-06,1.5940662585,0.0,10.0,4.43814348467354e-07,0.0,2.783670277777775e-06,3.227484626245129e-06,0.0,Tunisia,TUN,,,,Windows-11-10.0.26200-SP0,3.13.3,3.2.6,8,Intel(R) Core(TM) i7-8650U CPU @ 1.90GHz,0,,,,7.87811279296875,machine,0.0,0,0.0,0.0,N,1.0,0.0
2026-05-07T10:36:13,codecarbon,44cff5ba-d9e0-4954-aadc-d088806b88c2,5b0fa12a-3dd7-45bb-9766-cc326314d9f1,1.5030843999993522,1.816382554816073e-06,1.208436834829006e-06,1.5698991795,0.0,10.0,4.37089934091163e-07,0.0,2.783697777744641e-06,3.2207877118358044e-06,0.0,Tunisia,TUN,,,,Windows-11-10.0.26200-SP0,3.13.3,3.2.6,8,Intel(R) Core(TM) i7-8650U CPU @ 1.90GHz,0,,,,7.87811279296875,machine,0.0,0,0.0,0.0,N,1.0,0.0
2026-05-07T10:36:16,codecarbon,0e7cd743-d0ac-4739-a2fd-a64bba1ee4f3,5b0fa12a-3dd7-45bb-9766-cc326314d9f1,1.503612999978941,1.81581986153642e-06,1.2076377775144614e-06,1.5628757505000006,0.0,10.0,4.352632842370755e-07,0.0,2.784526666639269e-06,3.2197899508763448e-06,0.0,Tunisia,TUN,,,,Windows-11-10.0.26200-SP0,3.13.3,3.2.6,8,Intel(R) Core(TM) i7-8650U CPU @ 1.90GHz,0,,,,7.87811279296875,machine,0.0,0,0.0,0.0,N,1.0,0.0
2026-05-07T10:36:19,codecarbon,72142033-e2fd-44dc-9d55-e773e291336d,5b0fa12a-3dd7-45bb-9766-cc326314d9f1,1.5037069000245538,1.8144707092226849e-06,1.2066651481037008e-06,1.5584650845,0.0,10.0,4.338907057172703e-07,0.0,2.783506944494244e-06,3.2173976502115143e-06,0.0,Tunisia,TUN,,,,Windows-11-10.0.26200-SP0,3.13.3,3.2.6,8,Intel(R) Core(TM) i7-8650U CPU @ 1.90GHz,0,,,,7.87811279296875,machine,0.0,0,0.0,0.0,N,1.0,0.0
2026-05-07T10:36:22,codecarbon,bc2f0e30-9496-4c76-9c35-43cad66d60ef,5b0fa12a-3dd7-45bb-9766-cc326314d9f1,1.5036531000223476,1.815018195146102e-06,1.207072425893397e-06,1.5584650845,0.0,10.0,4.340092789315116e-07,0.0,2.784359166738189e-06,3.2183684456697013e-06,0.0,Tunisia,TUN,,,,Windows-11-10.0.26200-SP0,3.13.3,3.2.6,8,Intel(R) Core(TM) i7-8650U CPU @ 1.90GHz,0,,,,7.87811279296875,machine,0.0,0,0.0,0.0,N,1.0,0.0
2026-05-07T10:36:25,codecarbon,6f6517c0-fdeb-46b6-b41d-174f500a56a8,5b0fa12a-3dd7-45bb-9766-cc326314d9f1,1.5033179999736603,1.821467631596944e-06,1.211631625264154e-06,1.5970522695000002,0.0,10.0,4.448653422296414e-07,0.0,2.7849391666273327e-06,3.229804508856974e-06,0.0,Tunisia,TUN,,,,Windows-11-10.0.26200-SP0,3.13.3,3.2.6,8,Intel(R) Core(TM) i7-8650U CPU @ 1.90GHz,0,,,,7.87811279296875,machine,0.0,0,0.0,0.0,N,1.0,0.0
2026-05-07T10:36:28,codecarbon,c8dd82d9-35e9-429a-b450-2aa6cce9cfab,5b0fa12a-3dd7-45bb-9766-cc326314d9f1,1.5029170000052543,1.8329996240454136e-06,1.2196279794819045e-06,1.6752013125,0.0,10.0,4.664309547753826e-07,0.0,2.7838219444674905e-06,3.250252899242873e-06,0.0,Tunisia,TUN,,,,Windows-11-10.0.26200-SP0,3.13.3,3.2.6,8,Intel(R) Core(TM) i7-8650U CPU @ 1.90GHz,0,,,,7.87811279296875,machine,0.0,0,0.0,0.0,N,1.0,0.0
2026-05-07T10:36:31,codecarbon,015c1447-6a10-44f3-94cf-a39a17a161d6,5b0fa12a-3dd7-45bb-9766-cc326314d9f1,1.502716799994232,1.821013021495332e-06,1.2118138437677152e-06,1.6001008125000002,0.0,10.0,4.454711775056751e-07,0.0,2.7835272221838955e-06,3.2289983996895705e-06,0.0,Tunisia,TUN,,,,Windows-11-10.0.26200-SP0,3.13.3,3.2.6,8,Intel(R) Core(TM) i7-8650U CPU @ 1.90GHz,0,,,,7.87811279296875,machine,0.0,0,0.0,0.0,N,1.0,0.0
2026-05-07T10:36:34,codecarbon,168e0236-1f97-440c-a6f9-2b1b619e669f,5b0fa12a-3dd7-45bb-9766-cc326314d9f1,1.503682199981995,1.817877092139836e-06,1.2089503301705662e-06,1.5761366520000006,0.0,10.0,4.389500296751355e-07,0.0,2.784487777777637e-06,3.223437807452773e-06,0.0,Tunisia,TUN,,,,Windows-11-10.0.26200-SP0,3.13.3,3.2.6,8,Intel(R) Core(TM) i7-8650U CPU @ 1.90GHz,0,,,,7.87811279296875,machine,0.0,0,0.0,0.0,N,1.0,0.0
2026-05-07T10:36:37,codecarbon,65d70a5b-c7c9-4085-9fbf-adee8bb98983,5b0fa12a-3dd7-45bb-9766-cc326314d9f1,1.5041194000223186,1.8189139341256548e-06,1.2092882613565554e-06,1.5774270765,0.0,10.0,4.395538231746181e-07,0.0,2.7857225000237425e-06,3.2252763231983608e-06,0.0,Tunisia,TUN,,,,Windows-11-10.0.26200-SP0,3.13.3,3.2.6,8,Intel(R) Core(TM) i7-8650U CPU @ 1.90GHz,0,,,,7.87811279296875,machine,0.0,0,0.0,0.0,N,1.0,0.0
2026-05-07T10:36:40,codecarbon,a3fe279f-ddba-4ab1-b05b-95ad93155151,5b0fa12a-3dd7-45bb-9766-cc326314d9f1,1.5030786000133958,1.8174859853739367e-06,1.2091756115466875e-06,1.5774270765,0.0,10.0,4.391787460703099e-07,0.0,2.783565555566586e-06,3.222744301636896e-06,0.0,Tunisia,TUN,,,,Windows-11-10.0.26200-SP0,3.13.3,3.2.6,8,Intel(R) Core(TM) i7-8650U CPU @ 1.90GHz,0,,,,7.87811279296875,machine,0.0,0,0.0,0.0,N,1.0,0.0
2026-05-07T10:36:43,codecarbon,c2d6caaa-aef5-4235-942b-e247a6dacbe2,5b0fa12a-3dd7-45bb-9766-cc326314d9f1,1.5038779000169598,1.81436866685947e-06,1.2064600901702251e-06,1.5532482120000002,0.0,10.0,4.325986543424063e-07,0.0,2.7846180555772864e-06,3.2172167099196925e-06,0.0,Tunisia,TUN,,,,Windows-11-10.0.26200-SP0,3.13.3,3.2.6,8,Intel(R) Core(TM) i7-8650U CPU @ 1.90GHz,0,,,,7.87811279296875,machine,0.0,0,0.0,0.0,N,1.0,0.0
2026-05-07T10:36:46,codecarbon,b69b11ac-eeda-4ba0-be26-6bf1df8f200e,5b0fa12a-3dd7-45bb-9766-cc326314d9f1,1.5029153000214135,1.8071448286227583e-06,1.2024262635406067e-06,1.5112128840000003,0.0,10.0,4.207591533858746e-07,0.0,2.7836483334087665e-06,3.204407486794641e-06,0.0,Tunisia,TUN,,,,Windows-11-10.0.26200-SP0,3.13.3,3.2.6,8,Intel(R) Core(TM) i7-8650U CPU @ 1.90GHz,0,,,,7.87811279296875,machine,0.0,0,0.0,0.0,N,1.0,0.0
2026-05-07T10:36:48,codecarbon,e49fc1dd-3985-4125-aa3e-39153ee70e8e,5b0fa12a-3dd7-45bb-9766-cc326314d9f1,1.5032154000073206,1.8051843862129392e-06,1.2008820467140957e-06,1.5000455625000004,0.0,10.0,4.176059760610021e-07,0.0,2.7833252778186254e-06,3.2009312538796275e-06,0.0,Tunisia,TUN,,,,Windows-11-10.0.26200-SP0,3.13.3,3.2.6,8,Intel(R) Core(TM) i7-8650U CPU @ 1.90GHz,0,,,,7.87811279296875,machine,0.0,0,0.0,0.0,N,1.0,0.0
2026-05-07T10:36:51,codecarbon,bfbd1ae2-e10e-4b2d-a686-968483e7b8c1,5b0fa12a-3dd7-45bb-9766-cc326314d9f1,1.5030365000129675,1.8055036737585728e-06,1.2012374108965386e-06,1.500006912,0.0,10.0,4.1766963295305627e-07,0.0,2.783827777764398e-06,3.201497410717454e-06,0.0,Tunisia,TUN,,,,Windows-11-10.0.26200-SP0,3.13.3,3.2.6,8,Intel(R) Core(TM) i7-8650U CPU @ 1.90GHz,0,,,,7.87811279296875,machine,0.0,0,0.0,0.0,N,1.0,0.0
2026-05-07T10:36:54,codecarbon,983b1ba4-4db9-4940-8604-aa1471844ac0,5b0fa12a-3dd7-45bb-9766-cc326314d9f1,1.5032831999997145,1.805732776427974e-06,1.2011926804133228e-06,1.5022460625,0.0,10.0,4.182636528048614e-07,0.0,2.783640000011979e-06,3.2019036528168404e-06,0.0,Tunisia,TUN,,,,Windows-11-10.0.26200-SP0,3.13.3,3.2.6,8,Intel(R) Core(TM) i7-8650U CPU @ 1.90GHz,0,,,,7.87811279296875,machine,0.0,0,0.0,0.0,N,1.0,0.0
2026-05-07T10:36:57,codecarbon,47c14361-438d-4225-adc3-2447c1350544,5b0fa12a-3dd7-45bb-9766-cc326314d9f1,1.5029906000127085,1.8053721523761528e-06,1.2011865891648874e-06,1.5004021785,0.0,10.0,4.177486429930586e-07,0.0,2.7835155555900807e-06,3.201264198583139e-06,0.0,Tunisia,TUN,,,,Windows-11-10.0.26200-SP0,3.13.3,3.2.6,8,Intel(R) Core(TM) i7-8650U CPU @ 1.90GHz,0,,,,7.87811279296875,machine,0.0,0,0.0,0.0,N,1.0,0.0
2026-05-07T10:37:00,codecarbon,da112cb3-e1aa-4ea3-b852-b4a2ee7bb9ef,5b0fa12a-3dd7-45bb-9766-cc326314d9f1,1.503031900007045,1.8053193383331912e-06,1.2011184448744764e-06,1.500006912,0.0,10.0,4.1762054938360003e-07,0.0,2.7835499999734263e-06,3.2011705493570262e-06,0.0,Tunisia,TUN,,,,Windows-11-10.0.26200-SP0,3.13.3,3.2.6,8,Intel(R) Core(TM) i7-8650U CPU @ 1.90GHz,0,,,,7.87811279296875,machine,0.0,0,0.0,0.0,N,1.0,0.0
2026-05-07T10:37:03,codecarbon,0e60077a-62a5-4126-9d7a-16557160d9e2,5b0fa12a-3dd7-45bb-9766-cc326314d9f1,1.5031297999958042,1.8053567612358303e-06,1.2010651117693691e-06,1.5000008640000002,0.0,10.0,4.176327405498078e-07,0.0,2.783604166648325e-06,3.201236907198133e-06,0.0,Tunisia,TUN,,,,Windows-11-10.0.26200-SP0,3.13.3,3.2.6,8,Intel(R) Core(TM) i7-8650U CPU @ 1.90GHz,0,,,,7.87811279296875,machine,0.0,0,0.0,0.0,N,1.0,0.0
2026-05-07T10:37:06,codecarbon,33b3ed99-df86-4b27-86ec-63c9553b8317,5b0fa12a-3dd7-45bb-9766-cc326314d9f1,1.5044758999720216,1.8072675726254967e-06,1.201260566991539e-06,1.500055296,0.0,10.0,4.181145794681718e-07,0.0,2.786510555516644e-06,3.204625134984816e-06,0.0,Tunisia,TUN,,,,Windows-11-10.0.26200-SP0,3.13.3,3.2.6,8,Intel(R) Core(TM) i7-8650U CPU @ 1.90GHz,0,,,,7.87811279296875,machine,0.0,0,0.0,0.0,N,1.0,0.0
2026-05-07T10:37:09,codecarbon,58dcf43f-9541-4180-acf8-eed17ee56258,5b0fa12a-3dd7-45bb-9766-cc326314d9f1,1.5034181000082754,1.8053220791610005e-06,1.2008117230669652e-06,1.5002963520000006,0.0,10.0,4.176934648943805e-07,0.0,2.78348194446557e-06,3.2011754093599505e-06,0.0,Tunisia,TUN,,,,Windows-11-10.0.26200-SP0,3.13.3,3.2.6,8,Intel(R) Core(TM) i7-8650U CPU @ 1.90GHz,0,,,,7.87811279296875,machine,0.0,0,0.0,0.0,N,1.0,0.0
2026-05-07T10:37:12,codecarbon,3e108a5b-7117-4195-bb88-57f397fd8785,5b0fa12a-3dd7-45bb-9766-cc326314d9f1,1.5027313999889884,1.8049469858938704e-06,1.2011108478248986e-06,1.500108,0.0,10.0,4.175633540535815e-07,0.0,2.7829469444340143e-06,3.200510298487596e-06,0.0,Tunisia,TUN,,,,Windows-11-10.0.26200-SP0,3.13.3,3.2.6,8,Intel(R) Core(TM) i7-8650U CPU @ 1.90GHz,0,,,,7.87811279296875,machine,0.0,0,0.0,0.0,N,1.0,0.0
2026-05-07T10:37:15,codecarbon,cb6f7616-14a6-46ce-8e1c-d27e977bb5e4,5b0fa12a-3dd7-45bb-9766-cc326314d9f1,1.5029329000099096,1.8052431139716144e-06,1.2011468469149298e-06,1.5004021785,0.0,10.0,4.177345558856185e-07,0.0,2.783300833349737e-06,3.201035389235356e-06,0.0,Tunisia,TUN,,,,Windows-11-10.0.26200-SP0,3.13.3,3.2.6,8,Intel(R) Core(TM) i7-8650U CPU @ 1.90GHz,0,,,,7.87811279296875,machine,0.0,0,0.0,0.0,N,1.0,0.0
2026-05-07T10:37:18,codecarbon,940d9e95-80a3-4192-a72f-9693855b0f98,5b0fa12a-3dd7-45bb-9766-cc326314d9f1,1.502943299972685,1.805236378349281e-06,1.20113405368126e-06,1.5010733445,0.0,10.0,4.178623346770736e-07,0.0,2.7831611110337284e-06,3.201023445710802e-06,0.0,Tunisia,TUN,,,,Windows-11-10.0.26200-SP0,3.13.3,3.2.6,8,Intel(R) Core(TM) i7-8650U CPU @ 1.90GHz,0,,,,7.87811279296875,machine,0.0,0,0.0,0.0,N,1.0,0.0
2026-05-07T10:37:21,codecarbon,7c9cf661-f433-462f-9991-01dba6d3f42b,5b0fa12a-3dd7-45bb-9766-cc326314d9f1,1.5031216999923345,1.805147641033008e-06,1.2009324601209692e-06,1.5004021785,0.0,10.0,4.176838756243766e-07,0.0,2.7831822221439024e-06,3.200866097768279e-06,0.0,Tunisia,TUN,,,,Windows-11-10.0.26200-SP0,3.13.3,3.2.6,8,Intel(R) Core(TM) i7-8650U CPU @ 1.90GHz,0,,,,7.87811279296875,machine,0.0,0,0.0,0.0,N,1.0,0.0
2026-05-07T10:37:24,codecarbon,de01372d-897b-410d-9440-aa4697b24a8e,5b0fa12a-3dd7-45bb-9766-cc326314d9f1,1.5031975000165405,1.8057024111923293e-06,1.2012409621306984e-06,1.5014016105,0.0,10.0,4.1805397622676473e-07,0.0,2.783795833319245e-06,3.201849809546009e-06,0.0,Tunisia,TUN,,,,Windows-11-10.0.26200-SP0,3.13.3,3.2.6,8,Intel(R) Core(TM) i7-8650U CPU @ 1.90GHz,0,,,,7.87811279296875,machine,0.0,0,0.0,0.0,N,1.0,0.0
2026-05-07T10:37:26,codecarbon,5612f790-d1b3-4c30-baa9-10fb82106854,5b0fa12a-3dd7-45bb-9766-cc326314d9f1,1.503337099973578,1.8057201064274893e-06,1.20114118547279e-06,1.500108,0.0,10.0,4.177442420835481e-07,0.0,2.784136944440737e-06,3.201881186524285e-06,0.0,Tunisia,TUN,,,,Windows-11-10.0.26200-SP0,3.13.3,3.2.6,8,Intel(R) Core(TM) i7-8650U CPU @ 1.90GHz,0,,,,7.87811279296875,machine,0.0,0,0.0,0.0,N,1.0,0.0
2026-05-07T10:37:29,codecarbon,c46c545f-1df7-4394-a26f-1f1cb0d5712d,5b0fa12a-3dd7-45bb-9766-cc326314d9f1,1.5032187000033446,1.8162020575254863e-06,1.208208797243838e-06,1.5675028485000002,0.0,10.0,4.364696006646069e-07,0.0,2.783998055545251e-06,3.220467656209858e-06,0.0,Tunisia,TUN,,,,Windows-11-10.0.26200-SP0,3.13.3,3.2.6,8,Intel(R) Core(TM) i7-8650U CPU @ 1.90GHz,0,,,,7.87811279296875,machine,0.0,0,0.0,0.0,N,1.0,0.0
2026-05-07T10:37:32,codecarbon,8e0747ad-ebcd-4680-95fe-cd7bccf00fe7,5b0fa12a-3dd7-45bb-9766-cc326314d9f1,1.5035747999791056,1.817541090114164e-06,1.2088132164355385e-06,1.5723515625000002,0.0,10.0,4.379597905463577e-07,0.0,2.784882222153505e-06,3.222842012699863e-06,0.0,Tunisia,TUN,,,,Windows-11-10.0.26200-SP0,3.13.3,3.2.6,8,Intel(R) Core(TM) i7-8650U CPU @ 1.90GHz,0,,,,7.87811279296875,machine,0.0,0,0.0,0.0,N,1.0,0.0
2026-05-07T10:37:35,codecarbon,25a6ab99-8367-4e76-9615-da62d2270acc,5b0fa12a-3dd7-45bb-9766-cc326314d9f1,1.50334510000539,1.818405009151296e-06,1.2095725786080497e-06,1.5800515035,0.0,10.0,4.400211257508586e-07,0.0,2.7843527778006525e-06,3.224373903551511e-06,0.0,Tunisia,TUN,,,,Windows-11-10.0.26200-SP0,3.13.3,3.2.6,8,Intel(R) Core(TM) i7-8650U CPU @ 1.90GHz,0,,,,7.87811279296875,machine,0.0,0,0.0,0.0,N,1.0,0.0
2026-05-07T10:37:38,codecarbon,94357a6d-f83b-4b7f-b1f2-68cfec3bb638,5b0fa12a-3dd7-45bb-9766-cc326314d9f1,1.5038237000117078,1.8146760167125084e-06,1.2067079516690556e-06,1.5552960000000002,0.0,10.0,4.331647545173976e-07,0.0,2.7845969444671127e-06,3.2177616989845103e-06,0.0,Tunisia,TUN,,,,Windows-11-10.0.26200-SP0,3.13.3,3.2.6,8,Intel(R) Core(TM) i7-8650U CPU @ 1.90GHz,0,,,,7.87811279296875,machine,0.0,0,0.0,0.0,N,1.0,0.0
2026-05-07T10:37:41,codecarbon,94012b17-abba-4fe9-b8f0-16750e594a4d,5b0fa12a-3dd7-45bb-9766-cc326314d9f1,1.5050512000161689,1.815788426062908e-06,1.206462893782883e-06,1.5563392935,0.0,10.0,4.336989320339033e-07,0.0,2.7860352778386897e-06,3.2197342098725928e-06,0.0,Tunisia,TUN,,,,Windows-11-10.0.26200-SP0,3.13.3,3.2.6,8,Intel(R) Core(TM) i7-8650U CPU @ 1.90GHz,0,,,,7.87811279296875,machine,0.0,0,0.0,0.0,N,1.0,0.0
2026-05-07T10:37:44,codecarbon,3d22414c-6040-4d94-a52d-30f7f87033a7,5b0fa12a-3dd7-45bb-9766-cc326314d9f1,1.5040827000048012,1.8181895430104809e-06,1.2088361517652432e-06,1.5748606455,0.0,10.0,4.387193415880245e-07,0.0,2.785272499992668e-06,3.223991841580692e-06,0.0,Tunisia,TUN,,,,Windows-11-10.0.26200-SP0,3.13.3,3.2.6,8,Intel(R) Core(TM) i7-8650U CPU @ 1.90GHz,0,,,,7.87811279296875,machine,0.0,0,0.0,0.0,N,1.0,0.0
2026-05-07T10:37:47,codecarbon,eb0bbd05-02c5-4e8f-b14e-4a79044888a2,5b0fa12a-3dd7-45bb-9766-cc326314d9f1,1.5037680999957956,1.817811760428396e-06,1.2088378257481838e-06,1.5735989760000002,0.0,10.0,4.383252953864387e-07,0.0,2.7849966666609466e-06,3.223321962047385e-06,0.0,Tunisia,TUN,,,,Windows-11-10.0.26200-SP0,3.13.3,3.2.6,8,Intel(R) Core(TM) i7-8650U CPU @ 1.90GHz,0,,,,7.87811279296875,machine,0.0,0,0.0,0.0,N,1.0,0.0
2026-05-07T10:37:50,codecarbon,4b6b368e-701d-48c5-9714-b69deedb80b0,5b0fa12a-3dd7-45bb-9766-cc326314d9f1,1.5032855000172276,1.8175660560077235e-06,1.209062454195756e-06,1.5774270765,0.0,10.0,4.391871151972631e-07,0.0,2.78369916672495e-06,3.222886281922213e-06,0.0,Tunisia,TUN,,,,Windows-11-10.0.26200-SP0,3.13.3,3.2.6,8,Intel(R) Core(TM) i7-8650U CPU @ 1.90GHz,0,,,,7.87811279296875,machine,0.0,0,0.0,0.0,N,1.0,0.0
2026-05-07T10:37:53,codecarbon,6a34f6fe-69c3-40ad-87ba-ffa75068eb4e,5b0fa12a-3dd7-45bb-9766-cc326314d9f1,1.5033143000036944,1.8169782374211336e-06,1.208648276289708e-06,1.5723515625000002,0.0,10.0,4.3782452463520164e-07,0.0,2.784019444435317e-06,3.22184396907052e-06,0.0,Tunisia,TUN,,,,Windows-11-10.0.26200-SP0,3.13.3,3.2.6,8,Intel(R) Core(TM) i7-8650U CPU @ 1.90GHz,0,,,,7.87811279296875,machine,0.0,0,0.0,0.0,N,1.0,0.0
2026-05-07T10:37:56,codecarbon,42af493d-16ec-49f5-97fc-e4a956d33348,5b0fa12a-3dd7-45bb-9766-cc326314d9f1,1.5043889000080526,1.8171009984450016e-06,1.2078665286850195e-06,1.5651619215000006,0.0,10.0,4.361263696375208e-07,0.0,2.785935277804836e-06,3.222061647442357e-06,0.0,Tunisia,TUN,,,,Windows-11-10.0.26200-SP0,3.13.3,3.2.6,8,Intel(R) Core(TM) i7-8650U CPU @ 1.90GHz,0,,,,7.87811279296875,machine,0.0,0,0.0,0.0,N,1.0,0.0
2026-05-07T10:37:59,codecarbon,3c2ed4f2-1571-49f2-8083-fae25f791826,5b0fa12a-3dd7-45bb-9766-cc326314d9f1,1.503496699995594,1.818340594031752e-06,1.20940777192067e-06,1.5774270765,0.0,10.0,4.393741279236354e-07,0.0,2.7848855555122203e-06,3.224259683435856e-06,0.0,Tunisia,TUN,,,,Windows-11-10.0.26200-SP0,3.13.3,3.2.6,8,Intel(R) Core(TM) i7-8650U CPU @ 1.90GHz,0,,,,7.87811279296875,machine,0.0,0,0.0,0.0,N,1.0,0.0
2026-05-07T10:38:02,codecarbon,6c9ee3d6-c129-45cf-bd21-c844b1971eb6,5b0fa12a-3dd7-45bb-9766-cc326314d9f1,1.5044717999990098,1.8219440301028365e-06,1.2110190633709688e-06,1.5970522695000002,0.0,10.0,4.449678641188106e-07,0.0,2.7856813888421232e-06,3.230649252960934e-06,0.0,Tunisia,TUN,,,,Windows-11-10.0.26200-SP0,3.13.3,3.2.6,8,Intel(R) Core(TM) i7-8650U CPU @ 1.90GHz,0,,,,7.87811279296875,machine,0.0,0,0.0,0.0,N,1.0,0.0
2026-05-07T10:38:04,codecarbon,004b370a-c76a-4ccf-b5fa-04cca2de636d,5b0fa12a-3dd7-45bb-9766-cc326314d9f1,1.5033594999986235,1.816252757947752e-06,1.2081293648986915e-06,1.5698991795,0.0,10.0,4.370608909509521e-07,0.0,2.783496666638207e-06,3.220557557589159e-06,0.0,Tunisia,TUN,,,,Windows-11-10.0.26200-SP0,3.13.3,3.2.6,8,Intel(R) Core(TM) i7-8650U CPU @ 1.90GHz,0,,,,7.87811279296875,machine,0.0,0,0.0,0.0,N,1.0,0.0
2026-05-07T10:38:07,codecarbon,76ba15a5-cdb4-4098-a15b-1c63c0ed683a,5b0fa12a-3dd7-45bb-9766-cc326314d9f1,1.504014999984065,1.8174238210083245e-06,1.2083814463469976e-06,1.571118324,0.0,10.0,4.376351837118104e-07,0.0,2.784998888819246e-06,3.222634072531056e-06,0.0,Tunisia,TUN,,,,Windows-11-10.0.26200-SP0,3.13.3,3.2.6,8,Intel(R) Core(TM) i7-8650U CPU @ 1.90GHz,0,,,,7.87811279296875,machine,0.0,0,0.0,0.0,N,1.0,0.0
2026-05-07T10:38:10,codecarbon,8d1b9e8f-e4b6-418f-a4ce-78957b034304,5b0fa12a-3dd7-45bb-9766-cc326314d9f1,1.5043435999832582,1.821933706543994e-06,1.2111154037975567e-06,1.6001008125000002,0.0,10.0,4.456981695798518e-07,0.0,2.78493277777064e-06,3.230630947350492e-06,0.0,Tunisia,TUN,,,,Windows-11-10.0.26200-SP0,3.13.3,3.2.6,8,Intel(R) Core(TM) i7-8650U CPU @ 1.90GHz,0,,,,7.87811279296875,machine,0.0,0,0.0,0.0,N,1.0,0.0
2026-05-07T10:38:13,codecarbon,6beb50b9-0a2c-470d-8451-74af0b6ea5c0,5b0fa12a-3dd7-45bb-9766-cc326314d9f1,1.5037668000150006,1.8145677982777449e-06,1.206681646555599e-06,1.5563392935,0.0,10.0,4.333900851359892e-07,0.0,2.7841797222208696e-06,3.217569807356859e-06,0.0,Tunisia,TUN,,,,Windows-11-10.0.26200-SP0,3.13.3,3.2.6,8,Intel(R) Core(TM) i7-8650U CPU @ 1.90GHz,0,,,,7.87811279296875,machine,0.0,0,0.0,0.0,N,1.0,0.0
2026-05-07T10:38:16,codecarbon,1b0b149b-50c3-4e2a-b73b-71ab055be958,5b0fa12a-3dd7-45bb-9766-cc326314d9f1,1.5039197000151034,1.8185011858363053e-06,1.2091743899744398e-06,1.578732,0.0,10.0,4.39726942888885e-07,0.0,2.784817500004364e-06,3.224544442893249e-06,0.0,Tunisia,TUN,,,,Windows-11-10.0.26200-SP0,3.13.3,3.2.6,8,Intel(R) Core(TM) i7-8650U CPU @ 1.90GHz,0,,,,7.87811279296875,machine,0.0,0,0.0,0.0,N,1.0,0.0
2026-05-07T10:38:19,codecarbon,2938c70b-2f37-4f5e-9d95-19e7f5665d29,5b0fa12a-3dd7-45bb-9766-cc326314d9f1,1.5036286999820732,1.8152635136665968e-06,1.207255164581681e-06,1.561752996,0.0,10.0,4.348620526700024e-07,0.0,2.7839413888513163e-06,3.218803441521319e-06,0.0,Tunisia,TUN,,,,Windows-11-10.0.26200-SP0,3.13.3,3.2.6,8,Intel(R) Core(TM) i7-8650U CPU @ 1.90GHz,0,,,,7.87811279296875,machine,0.0,0,0.0,0.0,N,1.0,0.0
2026-05-07T10:38:22,codecarbon,b2267a3a-2882-420e-84f0-dfc82692c172,5b0fa12a-3dd7-45bb-9766-cc326314d9f1,1.502790900005493,1.820733759021044e-06,1.2115682621011269e-06,1.601648736,0.0,10.0,4.457759925906777e-07,0.0,2.782727222236443e-06,3.22850321482712e-06,0.0,Tunisia,TUN,,,,Windows-11-10.0.26200-SP0,3.13.3,3.2.6,8,Intel(R) Core(TM) i7-8650U CPU @ 1.90GHz,0,,,,7.87811279296875,machine,0.0,0,0.0,0.0,N,1.0,0.0
2026-05-07T10:38:25,codecarbon,b0f4ff33-b873-45d0-911a-6958162e2da9,5b0fa12a-3dd7-45bb-9766-cc326314d9f1,1.503622699994594,1.861054595588073e-06,1.2377138198264529e-06,1.850113536,0.0,10.0,5.152968597413545e-07,0.0,2.7847027777978737e-06,3.299999637539228e-06,0.0,Tunisia,TUN,,,,Windows-11-10.0.26200-SP0,3.13.3,3.2.6,8,Intel(R) Core(TM) i7-8650U CPU @ 1.90GHz,0,,,,7.87811279296875,machine,0.0,0,0.0,0.0,N,1.0,0.0
2026-05-07T10:38:28,codecarbon,6ceb90ca-b2e5-4376-9281-b0648429a000,5b0fa12a-3dd7-45bb-9766-cc326314d9f1,1.503395100007765,1.8173206936496304e-06,1.208811106036094e-06,1.5723515625000002,0.0,10.0,4.379075972064003e-07,0.0,2.784543611131893e-06,3.222451208338293e-06,0.0,Tunisia,TUN,,,,Windows-11-10.0.26200-SP0,3.13.3,3.2.6,8,Intel(R) Core(TM) i7-8650U CPU @ 1.90GHz,0,,,,7.87811279296875,machine,0.0,0,0.0,0.0,N,1.0,0.0
2026-05-07T10:38:31,codecarbon,f8800c2e-baeb-405b-bd29-6cb3b7e56b10,5b0fa12a-3dd7-45bb-9766-cc326314d9f1,1.5031807999766895,1.817910345677577e-06,1.2093757089671234e-06,1.578732,0.0,10.0,4.39584550021069e-07,0.0,2.783912222205092e-06,3.223496772226161e-06,0.0,Tunisia,TUN,,,,Windows-11-10.0.26200-SP0,3.13.3,3.2.6,8,Intel(R) Core(TM) i7-8650U CPU @ 1.90GHz,0,,,,7.87811279296875,machine,0.0,0,0.0,0.0,N,1.0,0.0
2026-05-07T10:38:34,codecarbon,3a1ca459-76a1-4423-b96f-c5d54e68af8c,5b0fa12a-3dd7-45bb-9766-cc326314d9f1,1.5032598999969196,1.8155210166063223e-06,1.2077226410483264e-06,1.5651619215000006,0.0,10.0,4.357442092686767e-07,0.0,2.783515833369973e-06,3.21926004263865e-06,0.0,Tunisia,TUN,,,,Windows-11-10.0.26200-SP0,3.13.3,3.2.6,8,Intel(R) Core(TM) i7-8650U CPU @ 1.90GHz,0,,,,7.87811279296875,machine,0.0,0,0.0,0.0,N,1.0,0.0
2026-05-07T10:38:37,codecarbon,8242cfaf-1bb0-46fb-9e8f-15f32d5f7ef3,5b0fa12a-3dd7-45bb-9766-cc326314d9f1,1.503470900002867,1.819026728679938e-06,1.2098848928013634e-06,1.5827345745000003,0.0,10.0,4.408154958695598e-07,0.0,2.784660833276576e-06,3.2254763291461355e-06,0.0,Tunisia,TUN,,,,Windows-11-10.0.26200-SP0,3.13.3,3.2.6,8,Intel(R) Core(TM) i7-8650U CPU @ 1.90GHz,0,,,,7.87811279296875,machine,0.0,0,0.0,0.0,N,1.0,0.0
2026-05-07T10:38:39,codecarbon,377d8ac1-40b8-4d55-b281-c1cc544b2bad,5b0fa12a-3dd7-45bb-9766-cc326314d9f1,1.503633499989519,1.8187681788497604e-06,1.2095821081815735e-06,1.584098304,0.0,10.0,4.410823161408304e-07,0.0,2.783935555554409e-06,3.22501787169524e-06,0.0,Tunisia,TUN,,,,Windows-11-10.0.26200-SP0,3.13.3,3.2.6,8,Intel(R) Core(TM) i7-8650U CPU @ 1.90GHz,0,,,,7.87811279296875,machine,0.0,0,0.0,0.0,N,1.0,0.0
2026-05-07T10:38:42,codecarbon,7a75d16a-073f-4cd1-a1cc-34f686d4eaa1,5b0fa12a-3dd7-45bb-9766-cc326314d9f1,1.5034312000207135,1.8138280056197195e-06,1.2064589357961502e-06,1.5502723125000002,0.0,10.0,4.317532936382837e-07,0.0,2.7845047222702613e-06,3.2162580159085448e-06,0.0,Tunisia,TUN,,,,Windows-11-10.0.26200-SP0,3.13.3,3.2.6,8,Intel(R) Core(TM) i7-8650U CPU @ 1.90GHz,0,,,,7.87811279296875,machine,0.0,0,0.0,0.0,N,1.0,0.0
2026-05-07T10:38:45,codecarbon,ec1660cc-c204-4b89-923c-cc749bc5e1d5,5b0fa12a-3dd7-45bb-9766-cc326314d9f1,1.5037702999834437,1.8155709434944728e-06,1.207345924782836e-06,1.5606436875,0.0,10.0,4.34668572388215e-07,0.0,2.784680000008343e-06,3.219348572396558e-06,0.0,Tunisia,TUN,,,,Windows-11-10.0.26200-SP0,3.13.3,3.2.6,8,Intel(R) Core(TM) i7-8650U CPU @ 1.90GHz,0,,,,7.87811279296875,machine,0.0,0,0.0,0.0,N,1.0,0.0
2026-05-07T10:38:48,codecarbon,2dd0a21f-f579-4356-9115-0b472f8d7ae5,5b0fa12a-3dd7-45bb-9766-cc326314d9f1,1.504097800003365,1.8209930224071204e-06,1.2106879103227508e-06,1.595551488,0.0,10.0,4.443757152950542e-07,0.0,2.784587222251705e-06,3.22896293754676e-06,0.0,Tunisia,TUN,,,,Windows-11-10.0.26200-SP0,3.13.3,3.2.6,8,Intel(R) Core(TM) i7-8650U CPU @ 1.90GHz,0,,,,7.87811279296875,machine,0.0,0,0.0,0.0,N,1.0,0.0
2026-05-07T10:38:51,codecarbon,d30fd9ff-becb-4d91-96fb-b9086d1f63a7,5b0fa12a-3dd7-45bb-9766-cc326314d9f1,1.5035444000095597,1.8149259481679733e-06,1.2070983392019776e-06,1.559547744,0.0,10.0,4.342498744517401e-07,0.0,2.7839549999852254e-06,3.2182048744369653e-06,0.0,Tunisia,TUN,,,,Windows-11-10.0.26200-SP0,3.13.3,3.2.6,8,Intel(R) Core(TM) i7-8650U CPU @ 1.90GHz,0,,,,7.87811279296875,machine,0.0,0,0.0,0.0,N,1.0,0.0
2026-05-07T10:38:54,codecarbon,f7710b76-1831-41f4-99e2-7cd0d9133da1,5b0fa12a-3dd7-45bb-9766-cc326314d9f1,1.5042423999984749,1.816539375085116e-06,1.2076108046728092e-06,1.5663255,0.0,10.0,4.363602280549641e-07,0.0,2.784705555596803e-06,3.221065783651767e-06,0.0,Tunisia,TUN,,,,Windows-11-10.0.26200-SP0,3.13.3,3.2.6,8,Intel(R) Core(TM) i7-8650U CPU @ 1.90GHz,0,,,,7.87811279296875,machine,0.0,0,0.0,0.0,N,1.0,0.0
2026-05-07T10:38:57,codecarbon,c4361b65-558b-44a2-b608-1a52d756a40f,5b0fa12a-3dd7-45bb-9766-cc326314d9f1,1.5053955999901518,1.823017447702784e-06,1.2109889571317397e-06,1.601648736,0.0,10.0,4.4661623530226213e-07,0.0,2.7859363888435632e-06,3.232552624145825e-06,0.0,Tunisia,TUN,,,,Windows-11-10.0.26200-SP0,3.13.3,3.2.6,8,Intel(R) Core(TM) i7-8650U CPU @ 1.90GHz,0,,,,7.87811279296875,machine,0.0,0,0.0,0.0,N,1.0,0.0
2026-05-07T10:39:00,codecarbon,1190b4ab-7fde-4531-bad7-f6784bef47e8,5b0fa12a-3dd7-45bb-9766-cc326314d9f1,1.5036726000253111,1.8228205096588408e-06,1.2122456109316334e-06,1.6047922920000002,0.0,10.0,4.470411937091953e-07,0.0,2.785162222264464e-06,3.232203415973659e-06,0.0,Tunisia,TUN,,,,Windows-11-10.0.26200-SP0,3.13.3,3.2.6,8,Intel(R) Core(TM) i7-8650U CPU @ 1.90GHz,0,,,,7.87811279296875,machine,0.0,0,0.0,0.0,N,1.0,0.0
2026-05-07T10:39:03,codecarbon,f572a7a7-7548-4134-852a-196d5c0c5eb4,5b0fa12a-3dd7-45bb-9766-cc326314d9f1,1.5038944999978412,1.8193240378889445e-06,1.2097417989703106e-06,1.5854769375000006,0.0,10.0,4.415482364889538e-07,0.0,2.7844552777726982e-06,3.226003514261652e-06,0.0,Tunisia,TUN,,,,Windows-11-10.0.26200-SP0,3.13.3,3.2.6,8,Intel(R) Core(TM) i7-8650U CPU @ 1.90GHz,0,,,,7.87811279296875,machine,0.0,0,0.0,0.0,N,1.0,0.0
2026-05-07T10:39:06,codecarbon,aa72300b-00e4-40f4-b139-d2818ce929f3,5b0fa12a-3dd7-45bb-9766-cc326314d9f1,1.5035504999978002,1.8186270671261324e-06,1.2095550280012495e-06,1.5800515035,0.0,10.0,4.400743208016624e-07,0.0,2.784693333281515e-06,3.224767654083177e-06,0.0,Tunisia,TUN,,,,Windows-11-10.0.26200-SP0,3.13.3,3.2.6,8,Intel(R) Core(TM) i7-8650U CPU @ 1.90GHz,0,,,,7.87811279296875,machine,0.0,0,0.0,0.0,N,1.0,0.0
2026-05-07T10:39:09,codecarbon,3649867d-42c8-436b-ad60-1b738b40f3b3,5b0fa12a-3dd7-45bb-9766-cc326314d9f1,1.5037894999841228,1.8227556458270536e-06,1.212108241111072e-06,1.6047922920000002,0.0,10.0,4.470247891576178e-07,0.0,2.785063611049231e-06,3.2320884002068486e-06,0.0,Tunisia,TUN,,,,Windows-11-10.0.26200-SP0,3.13.3,3.2.6,8,Intel(R) Core(TM) i7-8650U CPU @ 1.90GHz,0,,,,7.87811279296875,machine,0.0,0,0.0,0.0,N,1.0,0.0
2026-05-07T10:39:12,codecarbon,3bda5701-ceeb-44e1-a58c-8801fd734534,5b0fa12a-3dd7-45bb-9766-cc326314d9f1,1.503700100001879,1.8181052780296704e-06,1.2090876884475826e-06,1.578732,0.0,10.0,4.396302017038428e-07,0.0,2.784212222225809e-06,3.2238424239296515e-06,0.0,Tunisia,TUN,,,,Windows-11-10.0.26200-SP0,3.13.3,3.2.6,8,Intel(R) Core(TM) i7-8650U CPU @ 1.90GHz,0,,,,7.87811279296875,machine,0.0,0,0.0,0.0,N,1.0,0.0
2026-05-07T10:39:15,codecarbon,77a7210f-d8e0-4f54-ae4d-0c04086507be,5b0fa12a-3dd7-45bb-9766-cc326314d9f1,1.5031634999904782,1.813545563814507e-06,1.2064858971269558e-06,1.551251616,0.0,10.0,4.319208046344833e-07,0.0,2.783836388860234e-06,3.215757193494717e-06,0.0,Tunisia,TUN,,,,Windows-11-10.0.26200-SP0,3.13.3,3.2.6,8,Intel(R) Core(TM) i7-8650U CPU @ 1.90GHz,0,,,,7.87811279296875,machine,0.0,0,0.0,0.0,N,1.0,0.0
2026-05-07T10:39:17,codecarbon,f64cb5a2-872d-44f8-b07a-1d92fe1dd553,5b0fa12a-3dd7-45bb-9766-cc326314d9f1,1.503479300008621,1.8173375577085629e-06,1.2087546251538962e-06,1.5761366520000006,0.0,10.0,4.388352781759866e-07,0.0,2.7836458333088863e-06,3.222481111484873e-06,0.0,Tunisia,TUN,,,,Windows-11-10.0.26200-SP0,3.13.3,3.2.6,8,Intel(R) Core(TM) i7-8650U CPU @ 1.90GHz,0,,,,7.87811279296875,machine,0.0,0,0.0,0.0,N,1.0,0.0
2026-05-07T10:39:20,codecarbon,7ee07600-810c-4f0d-b614-6926773cef73,5b0fa12a-3dd7-45bb-9766-cc326314d9f1,1.5035762000188695,1.814852878803901e-06,1.2070242125281875e-06,1.559547744,0.0,10.0,4.342314198016013e-07,0.0,2.783843888917344e-06,3.218075308718945e-06,0.0,Tunisia,TUN,,,,Windows-11-10.0.26200-SP0,3.13.3,3.2.6,8,Intel(R) Core(TM) i7-8650U CPU @ 1.90GHz,0,,,,7.87811279296875,machine,0.0,0,0.0,0.0,N,1.0,0.0
2026-05-07T10:39:23,codecarbon,052dd600-1420-4835-b116-3a39b1542811,5b0fa12a-3dd7-45bb-9766-cc326314d9f1,1.5034873000113294,1.8155462112574616e-06,1.207556732433843e-06,1.5606436875,0.0,10.0,4.346619396651225e-07,0.0,2.784642777826068e-06,3.21930471749119e-06,0.0,Tunisia,TUN,,,,Windows-11-10.0.26200-SP0,3.13.3,3.2.6,8,Intel(R) Core(TM) i7-8650U CPU @ 1.90GHz,0,,,,7.87811279296875,machine,0.0,0,0.0,0.0,N,1.0,0.0
2026-05-07T10:39:26,codecarbon,9641d17c-ba87-4127-8aed-fd95de7edfd7,5b0fa12a-3dd7-45bb-9766-cc326314d9f1,1.5035849999985658,1.8138453855631053e-06,1.2063470875040888e-06,1.5493055640000004,0.0,10.0,4.315230004667344e-07,0.0,2.7847658333485016e-06,3.216288833815236e-06,0.0,Tunisia,TUN,,,,Windows-11-10.0.26200-SP0,3.13.3,3.2.6,8,Intel(R) Core(TM) i7-8650U CPU @ 1.90GHz,0,,,,7.87811279296875,machine,0.0,0,0.0,0.0,N,1.0,0.0
2026-05-07T10:39:29,codecarbon,37679e17-7f95-43d4-9a0a-59779f1ec999,5b0fa12a-3dd7-45bb-9766-cc326314d9f1,1.503890499996487,1.8231282139078875e-06,1.2122745731236056e-06,1.6047922920000002,0.0,10.0,4.471140334449919e-07,0.0,2.7856350000042262e-06,3.2327490334492183e-06,0.0,Tunisia,TUN,,,,Windows-11-10.0.26200-SP0,3.13.3,3.2.6,8,Intel(R) Core(TM) i7-8650U CPU @ 1.90GHz,0,,,,7.87811279296875,machine,0.0,0,0.0,0.0,N,1.0,0.0
2026-05-07T10:39:32,codecarbon,91f6b0d0-de52-42a0-8170-dc7403b93690,5b0fa12a-3dd7-45bb-9766-cc326314d9f1,1.5034046999935526,1.8155771419565984e-06,1.20764365174885e-06,1.5628757505000006,0.0,10.0,4.3520428568310667e-07,0.0,2.7841552777519813e-06,3.219359563435088e-06,0.0,Tunisia,TUN,,,,Windows-11-10.0.26200-SP0,3.13.3,3.2.6,8,Intel(R) Core(TM) i7-8650U CPU @ 1.90GHz,0,,,,7.87811279296875,machine,0.0,0,0.0,0.0,N,1.0,0.0
2026-05-07T10:39:35,codecarbon,01fcb493-ec8e-4dea-9faf-330b57b34c2d,5b0fa12a-3dd7-45bb-9766-cc326314d9f1,1.5033875000081025,1.8164199677269027e-06,1.208218085967266e-06,1.5675028485000002,0.0,10.0,4.365207186705624e-07,0.0,2.7843333332889923e-06,3.2208540519595547e-06,0.0,Tunisia,TUN,,,,Windows-11-10.0.26200-SP0,3.13.3,3.2.6,8,Intel(R) Core(TM) i7-8650U CPU @ 1.90GHz,0,,,,7.87811279296875,machine,0.0,0,0.0,0.0,N,1.0,0.0
2026-05-07T10:39:38,codecarbon,0741f7eb-1688-4587-8174-37dcd764dfbf,5b0fa12a-3dd7-45bb-9766-cc326314d9f1,1.5040489000093658,1.81885750400028e-06,1.2093074261009422e-06,1.5774270765,0.0,10.0,4.394959841749851e-07,0.0,2.785680277803396e-06,3.2251762619783805e-06,0.0,Tunisia,TUN,,,,Windows-11-10.0.26200-SP0,3.13.3,3.2.6,8,Intel(R) Core(TM) i7-8650U CPU @ 1.90GHz,0,,,,7.87811279296875,machine,0.0,0,0.0,0.0,N,1.0,0.0
2026-05-07T10:39:41,codecarbon,fafe963f-66d5-4e76-85ca-bdbe61262de7,5b0fa12a-3dd7-45bb-9766-cc326314d9f1,1.5030765999981668,1.8194270201795848e-06,1.2104685950016144e-06,1.5897030720000005,0.0,10.0,4.425875100901759e-07,0.0,2.7835986111313105e-06,3.2261861212214865e-06,0.0,Tunisia,TUN,,,,Windows-11-10.0.26200-SP0,3.13.3,3.2.6,8,Intel(R) Core(TM) i7-8650U CPU @ 1.90GHz,0,,,,7.87811279296875,machine,0.0,0,0.0,0.0,N,1.0,0.0
2026-05-07T10:39:44,codecarbon,67dcfd20-e00e-44b4-b3af-84e5586f8a02,5b0fa12a-3dd7-45bb-9766-cc326314d9f1,1.503279600001406,1.8208077083790568e-06,1.211223586335738e-06,1.6001008125000002,0.0,10.0,4.45419618710134e-07,0.0,2.783214722229685e-06,3.228634340939819e-06,0.0,Tunisia,TUN,,,,Windows-11-10.0.26200-SP0,3.13.3,3.2.6,8,Intel(R) Core(TM) i7-8650U CPU @ 1.90GHz,0,,,,7.87811279296875,machine,0.0,0,0.0,0.0,N,1.0,0.0
2026-05-07T10:39:47,codecarbon,c77a5ee3-a1c5-4e64-966e-9b3eab01140a,5b0fa12a-3dd7-45bb-9766-cc326314d9f1,1.5034888999944087,1.83349395050085e-06,1.21949284128913e-06,1.6752013125,0.0,10.0,4.66550266336645e-07,0.0,2.7845791666348105e-06,3.2511294329714554e-06,0.0,Tunisia,TUN,,,,Windows-11-10.0.26200-SP0,3.13.3,3.2.6,8,Intel(R) Core(TM) i7-8650U CPU @ 1.90GHz,0,,,,7.87811279296875,machine,0.0,0,0.0,0.0,N,1.0,0.0
2026-05-07T10:39:50,codecarbon,7a2b8004-e63e-4d63-838c-7c8a345d5394,5b0fa12a-3dd7-45bb-9766-cc326314d9f1,1.5047960999945644,1.820321585202387e-06,1.2096798929828184e-06,1.584098304,0.0,10.0,4.414848531253353e-07,0.0,2.786287500041201e-06,3.227772353166536e-06,0.0,Tunisia,TUN,,,,Windows-11-10.0.26200-SP0,3.13.3,3.2.6,8,Intel(R) Core(TM) i7-8650U CPU @ 1.90GHz,0,,,,7.87811279296875,machine,0.0,0,0.0,0.0,N,1.0,0.0
2026-05-07T10:39:53,codecarbon,0851357d-9315-410f-b700-ba42cc51bb4d,5b0fa12a-3dd7-45bb-9766-cc326314d9f1,1.5037252999900377,1.8198134940596031e-06,1.2102034155252024e-06,1.5854769375000006,0.0,10.0,4.416661343161658e-07,0.0,2.785205277743646e-06,3.226871412059812e-06,0.0,Tunisia,TUN,,,,Windows-11-10.0.26200-SP0,3.13.3,3.2.6,8,Intel(R) Core(TM) i7-8650U CPU @ 1.90GHz,0,,,,7.87811279296875,machine,0.0,0,0.0,0.0,N,1.0,0.0
2026-05-07T10:39:55,codecarbon,3e854eb1-a3ef-4298-ab1d-79ddaf56699e,5b0fa12a-3dd7-45bb-9766-cc326314d9f1,1.5037948999961372,1.82260328030851e-06,1.2120025678456496e-06,1.6063880865000002,0.0,10.0,4.473821163791474e-07,0.0,2.7844361111217747e-06,3.231818227500922e-06,0.0,Tunisia,TUN,,,,Windows-11-10.0.26200-SP0,3.13.3,3.2.6,8,Intel(R) Core(TM) i7-8650U CPU @ 1.90GHz,0,,,,7.87811279296875,machine,0.0,0,0.0,0.0,N,1.0,0.0
2026-05-07T10:39:58,codecarbon,b6e7b106-950f-48fb-90a2-25c69081e9f0,5b0fa12a-3dd7-45bb-9766-cc326314d9f1,1.503378099994734,1.82672252783879e-06,1.2150785805947211e-06,1.6341680625000006,0.0,10.0,4.5504353885764346e-07,0.0,2.7840788888473373e-06,3.2391224277049806e-06,0.0,Tunisia,TUN,,,,Windows-11-10.0.26200-SP0,3.13.3,3.2.6,8,Intel(R) Core(TM) i7-8650U CPU @ 1.90GHz,0,,,,7.87811279296875,machine,0.0,0,0.0,0.0,N,1.0,0.0
2026-05-07T10:40:01,codecarbon,8942153a-0c94-4157-a0e5-d64f32026b3b,5b0fa12a-3dd7-45bb-9766-cc326314d9f1,1.5039790000009816,1.824941652785116e-06,1.2134089989181531e-06,1.6197415305000002,0.0,10.0,4.5114876814233467e-07,0.0,2.7848158333250067e-06,3.2359646014673414e-06,0.0,Tunisia,TUN,,,,Windows-11-10.0.26200-SP0,3.13.3,3.2.6,8,Intel(R) Core(TM) i7-8650U CPU @ 1.90GHz,0,,,,7.87811279296875,machine,0.0,0,0.0,0.0,N,1.0,0.0
2026-05-07T10:40:04,codecarbon,7207421c-f368-4372-b066-777b03da5704,5b0fa12a-3dd7-45bb-9766-cc326314d9f1,1.503595399990445,1.8173980884173528e-06,1.2087015485874073e-06,1.5761366520000006,0.0,10.0,4.388309437926736e-07,0.0,2.7837575000173984e-06,3.222588443810072e-06,0.0,Tunisia,TUN,,,,Windows-11-10.0.26200-SP0,3.13.3,3.2.6,8,Intel(R) Core(TM) i7-8650U CPU @ 1.90GHz,0,,,,7.87811279296875,machine,0.0,0,0.0,0.0,N,1.0,0.0
2026-05-07T10:40:07,codecarbon,9be4e4c4-a4ba-4cce-95d8-e1993e934409,5b0fa12a-3dd7-45bb-9766-cc326314d9f1,1.5037434000114445,1.819156316939657e-06,1.209751821305292e-06,1.584098304,0.0,10.0,4.411755579327455e-07,0.0,2.78453055555777e-06,3.2257061134905154e-06,0.0,Tunisia,TUN,,,,Windows-11-10.0.26200-SP0,3.13.3,3.2.6,8,Intel(R) Core(TM) i7-8650U CPU @ 1.90GHz,0,,,,7.87811279296875,machine,0.0,0,0.0,0.0,N,1.0,0.0
2026-05-07T10:40:10,codecarbon,5bebc09b-1379-4f84-8c3b-350f83e76326,5b0fa12a-3dd7-45bb-9766-cc326314d9f1,1.5040903000044636,1.8163113600154776e-06,1.20758132673955e-06,1.561752996,0.0,10.0,4.351181367848914e-07,0.0,2.785543333286316e-06,3.2206614700712072e-06,0.0,Tunisia,TUN,,,,Windows-11-10.0.26200-SP0,3.13.3,3.2.6,8,Intel(R) Core(TM) i7-8650U CPU @ 1.90GHz,0,,,,7.87811279296875,machine,0.0,0,0.0,0.0,N,1.0,0.0
2026-05-07T10:40:13,codecarbon,67b86527-f876-404f-822b-a752ab0a0230,5b0fa12a-3dd7-45bb-9766-cc326314d9f1,1.5032965999853332,1.81173499164655e-06,1.2051746752199309e-06,1.5411564375000004,0.0,10.0,4.290555976506672e-07,0.0,2.783491111040348e-06,3.212546708691015e-06,0.0,Tunisia,TUN,,,,Windows-11-10.0.26200-SP0,3.13.3,3.2.6,8,Intel(R) Core(TM) i7-8650U CPU @ 1.90GHz,0,,,,7.87811279296875,machine,0.0,0,0.0,0.0,N,1.0,0.0
2026-05-07T10:40:16,codecarbon,b679a8f6-c8fa-4993-89b2-ef399c7d5120,5b0fa12a-3dd7-45bb-9766-cc326314d9f1,1.5031527999963146,1.8498648572054567e-06,1.2306565621339313e-06,1.7869280955,0.0,10.0,4.973711835203806e-07,0.0,2.782786944428355e-06,3.280158127948736e-06,0.0,Tunisia,TUN,,,,Windows-11-10.0.26200-SP0,3.13.3,3.2.6,8,Intel(R) Core(TM) i7-8650U CPU @ 1.90GHz,0,,,,7.87811279296875,machine,0.0,0,0.0,0.0,N,1.0,0.0
2026-05-07T10:40:19,codecarbon,793a3ba3-2019-4c90-a6c7-597a89d9d24d,5b0fa12a-3dd7-45bb-9766-cc326314d9f1,1.503213199990569,1.8211744635493604e-06,1.2115210693737832e-06,1.598568684,0.0,10.0,4.451524445357115e-07,0.0,2.7841322222634014e-06,3.2292846667991127e-06,0.0,Tunisia,TUN,,,,Windows-11-10.0.26200-SP0,3.13.3,3.2.6,8,Intel(R) Core(TM) i7-8650U CPU @ 1.90GHz,0,,,,7.87811279296875,machine,0.0,0,0.0,0.0,N,1.0,0.0
2026-05-07T10:40:22,codecarbon,01857668-50dc-40aa-b183-abc0b74ff0d2,5b0fa12a-3dd7-45bb-9766-cc326314d9f1,1.5030079999996817,1.813699817281576e-06,1.206713349018741e-06,1.5542656665,0.0,10.0,4.326876583181898e-07,0.0,2.7833430555700846e-06,3.2160307138882743e-06,0.0,Tunisia,TUN,,,,Windows-11-10.0.26200-SP0,3.13.3,3.2.6,8,Intel(R) Core(TM) i7-8650U CPU @ 1.90GHz,0,,,,7.87811279296875,machine,0.0,0,0.0,0.0,N,1.0,0.0
2026-05-07T10:40:25,codecarbon,fc14bad9-3e5d-4726-a148-30e5db4245a6,5b0fa12a-3dd7-45bb-9766-cc326314d9f1,1.504619699990144,1.8201959038013567e-06,1.2097381842157724e-06,1.5800515035,0.0,10.0,4.40451163093387e-07,0.0,2.787098333323633e-06,3.22754949641702e-06,0.0,Tunisia,TUN,,,,Windows-11-10.0.26200-SP0,3.13.3,3.2.6,8,Intel(R) Core(TM) i7-8650U CPU @ 1.90GHz,0,,,,7.87811279296875,machine,0.0,0,0.0,0.0,N,1.0,0.0
2026-05-07T10:40:28,codecarbon,7f29bc03-6c41-4096-b6b4-e4f5f6558fbd,5b0fa12a-3dd7-45bb-9766-cc326314d9f1,1.5037167000118643,1.8209419257123004e-06,1.2109607652145736e-06,1.595551488,0.0,10.0,4.443612223747736e-07,0.0,2.784511111126954e-06,3.228872333501728e-06,0.0,Tunisia,TUN,,,,Windows-11-10.0.26200-SP0,3.13.3,3.2.6,8,Intel(R) Core(TM) i7-8650U CPU @ 1.90GHz,0,,,,7.87811279296875,machine,0.0,0,0.0,0.0,N,1.0,0.0
2026-05-07T10:40:31,codecarbon,e5fb0672-8a09-42f0-88a4-b85f91a249ea,5b0fa12a-3dd7-45bb-9766-cc326314d9f1,1.5037530999979936,1.8302243061717577e-06,1.217104261447042e-06,1.6558328760000005,0.0,10.0,4.61104794471547e-07,0.0,2.784226944479289e-06,3.245331738950836e-06,0.0,Tunisia,TUN,,,,Windows-11-10.0.26200-SP0,3.13.3,3.2.6,8,Intel(R) Core(TM) i7-8650U CPU @ 1.90GHz,0,,,,7.87811279296875,machine,0.0,0,0.0,0.0,N,1.0,0.0
2026-05-07T10:40:34,codecarbon,cab737bf-dcc1-4cb5-9c0c-5ee8f559a8cf,5b0fa12a-3dd7-45bb-9766-cc326314d9f1,1.5042567999917082,1.817448699841296e-06,1.20820374543184e-06,1.5675028485000002,0.0,10.0,4.367692985019213e-07,0.0,2.785908888876697e-06,3.222678187378618e-06,0.0,Tunisia,TUN,,,,Windows-11-10.0.26200-SP0,3.13.3,3.2.6,8,Intel(R) Core(TM) i7-8650U CPU @ 1.90GHz,0,,,,7.87811279296875,machine,0.0,0,0.0,0.0,N,1.0,0.0
2026-05-07T10:40:37,codecarbon,0ca2f13e-0c37-4daa-8315-7bdeb98e3c69,5b0fa12a-3dd7-45bb-9766-cc326314d9f1,1.5035881999938283,1.8181630736864084e-06,1.2092161096328578e-06,1.5761366520000006,0.0,10.0,4.390190732201127e-07,0.0,2.784925833273317e-06,3.223944906493429e-06,0.0,Tunisia,TUN,,,,Windows-11-10.0.26200-SP0,3.13.3,3.2.6,8,Intel(R) Core(TM) i7-8650U CPU @ 1.90GHz,0,,,,7.87811279296875,machine,0.0,0,0.0,0.0,N,1.0,0.0
2026-05-07T10:40:39,codecarbon,86f91c6d-8c01-4052-9366-5c4e61ce7b46,5b0fa12a-3dd7-45bb-9766-cc326314d9f1,1.5041590000037104,1.8198507653964584e-06,1.2098792517227032e-06,1.581385668,0.0,10.0,4.406902789470327e-07,0.0,2.78624722219926e-06,3.2269375011462927e-06,0.0,Tunisia,TUN,,,,Windows-11-10.0.26200-SP0,3.13.3,3.2.6,8,Intel(R) Core(TM) i7-8650U CPU @ 1.90GHz,0,,,,7.87811279296875,machine,0.0,0,0.0,0.0,N,1.0,0.0
2026-05-07T10:40:42,codecarbon,b316d350-758e-410d-83e3-6334fb502d35,5b0fa12a-3dd7-45bb-9766-cc326314d9f1,1.503429899981711,1.8177094465206616e-06,1.209041702937246e-06,1.5800515035,0.0,10.0,4.398527624804722e-07,0.0,2.7832877777756142e-06,3.2231405402560862e-06,0.0,Tunisia,TUN,,,,Windows-11-10.0.26200-SP0,3.13.3,3.2.6,8,Intel(R) Core(TM) i7-8650U CPU @ 1.90GHz,0,,,,7.87811279296875,machine,0.0,0,0.0,0.0,N,1.0,0.0
2026-05-07T10:40:45,codecarbon,2d3275e9-ec20-46a1-976a-34bbb3dd5b3c,5b0fa12a-3dd7-45bb-9766-cc326314d9f1,1.503513000003295,1.8183716846164808e-06,1.2094153390176844e-06,1.578732,0.0,10.0,4.396937018116996e-07,0.0,2.7846211110752644e-06,3.224314812886964e-06,0.0,Tunisia,TUN,,,,Windows-11-10.0.26200-SP0,3.13.3,3.2.6,8,Intel(R) Core(TM) i7-8650U CPU @ 1.90GHz,0,,,,7.87811279296875,machine,0.0,0,0.0,0.0,N,1.0,0.0
2026-05-07T10:40:48,codecarbon,31a9628a-fd8e-419a-a1b5-08f91754607f,5b0fa12a-3dd7-45bb-9766-cc326314d9f1,1.5042089000053238,1.8178765067149791e-06,1.20852662599493e-06,1.5723515625000002,0.0,10.0,4.38038713850317e-07,0.0,2.785398055534137e-06,3.223436769384454e-06,0.0,Tunisia,TUN,,,,Windows-11-10.0.26200-SP0,3.13.3,3.2.6,8,Intel(R) Core(TM) i7-8650U CPU @ 1.90GHz,0,,,,7.87811279296875,machine,0.0,0,0.0,0.0,N,1.0,0.0
2026-05-07T10:40:51,codecarbon,e00ccfef-a373-420b-aecf-b8e8f8e3d591,5b0fa12a-3dd7-45bb-9766-cc326314d9f1,1.5041553000046406,1.8165275082836628e-06,1.207672843540862e-06,1.5640120320000002,0.0,10.0,4.357066860197477e-07,0.0,2.785338055562331e-06,3.2210447415820782e-06,0.0,Tunisia,TUN,,,,Windows-11-10.0.26200-SP0,3.13.3,3.2.6,8,Intel(R) Core(TM) i7-8650U CPU @ 1.90GHz,0,,,,7.87811279296875,machine,0.0,0,0.0,0.0,N,1.0,0.0
2026-05-07T10:40:54,codecarbon,b8948aa1-bf42-4077-9d04-ddf3fcf673fc,5b0fa12a-3dd7-45bb-9766-cc326314d9f1,1.5036987999919802,1.8225335880631988e-06,1.2120336786016714e-06,1.6047922920000002,0.0,10.0,4.46970761141245e-07,0.0,2.784723888908048e-06,3.2316946500492924e-06,0.0,Tunisia,TUN,,,,Windows-11-10.0.26200-SP0,3.13.3,3.2.6,8,Intel(R) Core(TM) i7-8650U CPU @ 1.90GHz,0,,,,7.87811279296875,machine,0.0,0,0.0,0.0,N,1.0,0.0
2026-05-07T10:40:57,codecarbon,fa98f9f2-13e4-49a4-afbf-fdf0180205d4,5b0fa12a-3dd7-45bb-9766-cc326314d9f1,1.504055800003698,1.8203672408395845e-06,1.2103056554385208e-06,1.5897030720000005,0.0,10.0,4.428158091309239e-07,0.0,2.7850375000626733e-06,3.2278533091935974e-06,0.0,Tunisia,TUN,,,,Windows-11-10.0.26200-SP0,3.13.3,3.2.6,8,Intel(R) Core(TM) i7-8650U CPU @ 1.90GHz,0,,,,7.87811279296875,machine,0.0,0,0.0,0.0,N,1.0,0.0
2026-05-07T10:41:00,codecarbon,21d2932f-0761-48e9-bcc7-f23869a554e6,5b0fa12a-3dd7-45bb-9766-cc326314d9f1,1.502801599999657,1.81938958477197e-06,1.2106651901171686e-06,1.5882792405,0.0,10.0,4.422355745282682e-07,0.0,2.78388416667844e-06,3.226119741206708e-06,0.0,Tunisia,TUN,,,,Windows-11-10.0.26200-SP0,3.13.3,3.2.6,8,Intel(R) Core(TM) i7-8650U CPU @ 1.90GHz,0,,,,7.87811279296875,machine,0.0,0,0.0,0.0,N,1.0,0.0
2026-05-07T10:41:03,codecarbon,e30f4905-8e6b-4ec9-9273-9d3655de7495,5b0fa12a-3dd7-45bb-9766-cc326314d9f1,1.5040547999960836,1.8207005615394728e-06,1.2105280748708188e-06,1.5897030720000005,0.0,10.0,4.42909071701595e-07,0.0,2.7855352777502656e-06,3.2284443494518604e-06,0.0,Tunisia,TUN,,,,Windows-11-10.0.26200-SP0,3.13.3,3.2.6,8,Intel(R) Core(TM) i7-8650U CPU @ 1.90GHz,0,,,,7.87811279296875,machine,0.0,0,0.0,0.0,N,1.0,0.0
2026-05-07T10:41:06,codecarbon,af082f9a-1904-483c-9334-d38b4d0d76b5,5b0fa12a-3dd7-45bb-9766-cc326314d9f1,1.5036214000137988,1.8171111426866624e-06,1.208489811777078e-06,1.5686940480000002,0.0,10.0,4.369738017393047e-07,0.0,2.7851058333504223e-06,3.222079635089727e-06,0.0,Tunisia,TUN,,,,Windows-11-10.0.26200-SP0,3.13.3,3.2.6,8,Intel(R) Core(TM) i7-8650U CPU @ 1.90GHz,0,,,,7.87811279296875,machine,0.0,0,0.0,0.0,N,1.0,0.0
2026-05-07T10:41:09,codecarbon,3386d84b-c0d8-42f4-ad53-3ddd42f3d815,5b0fa12a-3dd7-45bb-9766-cc326314d9f1,1.5028343999874778,1.818077969080109e-06,1.2097660055527465e-06,1.584098304,0.0,10.0,4.409167778626073e-07,0.0,2.782877222165957e-06,3.2237940000285643e-06,0.0,Tunisia,TUN,,,,Windows-11-10.0.26200-SP0,3.13.3,3.2.6,8,Intel(R) Core(TM) i7-8650U CPU @ 1.90GHz,0,,,,7.87811279296875,machine,0.0,0,0.0,0.0,N,1.0,0.0
2026-05-07T10:41:12,codecarbon,bd436330-5bfe-4e78-8b70-5e068e4a5ddb,5b0fa12a-3dd7-45bb-9766-cc326314d9f1,1.5034459000162317,1.8160354735120885e-06,1.207915411849859e-06,1.5663255,0.0,10.0,4.3614838252616803e-07,0.0,2.7840238889136044e-06,3.2201722714397723e-06,0.0,Tunisia,TUN,,,,Windows-11-10.0.26200-SP0,3.13.3,3.2.6,8,Intel(R) Core(TM) i7-8650U CPU @ 1.90GHz,0,,,,7.87811279296875,machine,0.0,0,0.0,0.0,N,1.0,0.0
2026-05-07T10:41:15,codecarbon,130a1ddc-5fe1-4d7e-8be7-62f7d8c2f50d,5b0fa12a-3dd7-45bb-9766-cc326314d9f1,1.5037290999898687,1.815774611953533e-06,1.2075144465620614e-06,1.5628757505000006,0.0,10.0,4.352563815464581e-07,0.0,2.784453333313448e-06,3.219709714859905e-06,0.0,Tunisia,TUN,,,,Windows-11-10.0.26200-SP0,3.13.3,3.2.6,8,Intel(R) Core(TM) i7-8650U CPU @ 1.90GHz,0,,,,7.87811279296875,machine,0.0,0,0.0,0.0,N,1.0,0.0
2026-05-07T10:41:17,codecarbon,b4c8da96-f7ad-4d69-91c1-75ad61c23ab1,5b0fa12a-3dd7-45bb-9766-cc326314d9f1,1.5042827000143006,1.8174436103807104e-06,1.2081795598416655e-06,1.571118324,0.0,10.0,4.376405517021872e-07,0.0,2.7850286111061e-06,3.222669162808287e-06,0.0,Tunisia,TUN,,,,Windows-11-10.0.26200-SP0,3.13.3,3.2.6,8,Intel(R) Core(TM) i7-8650U CPU @ 1.90GHz,0,,,,7.87811279296875,machine,0.0,0,0.0,0.0,N,1.0,0.0
2026-05-07T10:41:20,codecarbon,0b3fb260-678f-4fe9-a1ac-4df9f311e0b2,5b0fa12a-3dd7-45bb-9766-cc326314d9f1,1.5030695000023115,1.821515497708768e-06,1.2118637878727273e-06,1.6032125355000002,0.0,10.0,4.463527177708167e-07,0.0,2.7835366667002548e-06,3.2298893844710712e-06,0.0,Tunisia,TUN,,,,Windows-11-10.0.26200-SP0,3.13.3,3.2.6,8,Intel(R) Core(TM) i7-8650U CPU @ 1.90GHz,0,,,,7.87811279296875,machine,0.0,0,0.0,0.0,N,1.0,0.0
2026-05-07T10:41:23,codecarbon,295462a3-4a0c-4fda-b33b-1ea09961bf95,5b0fa12a-3dd7-45bb-9766-cc326314d9f1,1.5030092000088189,1.814690365551435e-06,1.207371428957845e-06,1.5606436875,0.0,10.0,4.344551977179984e-07,0.0,2.783331944455212e-06,3.2177871421732103e-06,0.0,Tunisia,TUN,,,,Windows-11-10.0.26200-SP0,3.13.3,3.2.6,8,Intel(R) Core(TM) i7-8650U CPU @ 1.90GHz,0,,,,7.87811279296875,machine,0.0,0,0.0,0.0,N,1.0,0.0
2026-05-07T10:41:26,codecarbon,3c96e71b-69c4-4d52-b934-6688b72ec3e0,5b0fa12a-3dd7-45bb-9766-cc326314d9f1,1.5034282999986317,1.8146079118993656e-06,1.206980014877342e-06,1.5552960000000002,0.0,10.0,4.331476030538674e-07,0.0,2.7844933332946515e-06,3.217640936348519e-06,0.0,Tunisia,TUN,,,,Windows-11-10.0.26200-SP0,3.13.3,3.2.6,8,Intel(R) Core(TM) i7-8650U CPU @ 1.90GHz,0,,,,7.87811279296875,machine,0.0,0,0.0,0.0,N,1.0,0.0
2026-05-07T10:41:29,codecarbon,a31216f4-1ab3-487d-8939-ecd0e39cfd5f,5b0fa12a-3dd7-45bb-9766-cc326314d9f1,1.504225699987728,1.8163287004861417e-06,1.2074841564673172e-06,1.561752996,0.0,10.0,4.3511527357451513e-07,0.0,2.785576944410827e-06,3.220692217985342e-06,0.0,Tunisia,TUN,,,,Windows-11-10.0.26200-SP0,3.13.3,3.2.6,8,Intel(R) Core(TM) i7-8650U CPU @ 1.90GHz,0,,,,7.87811279296875,machine,0.0,0,0.0,0.0,N,1.0,0.0
2026-05-07T10:41:32,codecarbon,44859ce4-d43e-4317-a4bb-0751221be6ae,5b0fa12a-3dd7-45bb-9766-cc326314d9f1,1.5034111000131816,1.8176066930249447e-06,1.2089884749480758e-06,1.5748606455,0.0,10.0,4.385761167658923e-07,0.0,2.784382222226769e-06,3.222958338992662e-06,0.0,Tunisia,TUN,,,,Windows-11-10.0.26200-SP0,3.13.3,3.2.6,8,Intel(R) Core(TM) i7-8650U CPU @ 1.90GHz,0,,,,7.87811279296875,machine,0.0,0,0.0,0.0,N,1.0,0.0
2026-05-07T10:41:35,codecarbon,e1831577-43ea-450e-817e-e631fdaa8b7a,5b0fa12a-3dd7-45bb-9766-cc326314d9f1,1.5037182999949437,1.8159090759965584e-06,1.2076125401963018e-06,1.5651619215000006,0.0,10.0,4.3585842262147234e-07,0.0,2.784089722263161e-06,3.2199481448846336e-06,0.0,Tunisia,TUN,,,,Windows-11-10.0.26200-SP0,3.13.3,3.2.6,8,Intel(R) Core(TM) i7-8650U CPU @ 1.90GHz,0,,,,7.87811279296875,machine,0.0,0,0.0,0.0,N,1.0,0.0
2026-05-07T10:41:38,codecarbon,dbc4e7c5-92cc-4460-84ca-ff1b436aebb8,5b0fa12a-3dd7-45bb-9766-cc326314d9f1,1.503664599993499,1.8157125826101616e-06,1.207524991023937e-06,1.5584650845,0.0,10.0,4.341755584914987e-07,0.0,2.785424166682383e-06,3.2195997251738817e-06,0.0,Tunisia,TUN,,,,Windows-11-10.0.26200-SP0,3.13.3,3.2.6,8,Intel(R) Core(TM) i7-8650U CPU @ 1.90GHz,0,,,,7.87811279296875,machine,0.0,0,0.0,0.0,N,1.0,0.0
2026-05-07T10:41:41,codecarbon,a704c1ed-c0d3-4dc2-aeae-8252579bec64,5b0fa12a-3dd7-45bb-9766-cc326314d9f1,1.503806499997154,1.846712207829424e-06,1.228025153391024e-06,1.7627789715,0.0,10.0,4.908084434958595e-07,0.0,2.7837594444766485e-06,3.274567887972508e-06,0.0,Tunisia,TUN,,,,Windows-11-10.0.26200-SP0,3.13.3,3.2.6,8,Intel(R) Core(TM) i7-8650U CPU @ 1.90GHz,0,,,,7.87811279296875,machine,0.0,0,0.0,0.0,N,1.0,0.0
2026-05-07T10:41:44,codecarbon,33fda93c-ec40-49cc-a987-bb6e0a7558d2,5b0fa12a-3dd7-45bb-9766-cc326314d9f1,1.5036032999923918,1.8163778108043813e-06,1.2080166429626565e-06,1.5640120320000002,0.0,10.0,4.356717998623639e-07,0.0,2.785107499948936e-06,3.2207792998113e-06,0.0,Tunisia,TUN,,,,Windows-11-10.0.26200-SP0,3.13.3,3.2.6,8,Intel(R) Core(TM) i7-8650U CPU @ 1.90GHz,0,,,,7.87811279296875,machine,0.0,0,0.0,0.0,N,1.0,0.0
2026-05-07T10:41:47,codecarbon,407f4e22-c2f6-4cdb-85e5-d634a5c8f1b0,5b0fa12a-3dd7-45bb-9766-cc326314d9f1,1.5028640999807976,1.9855985885177773e-06,1.3212096746093992e-06,2.649984,0.0,10.0,7.37696215401984e-07,0.0,2.78314333328227e-06,3.520839548684254e-06,0.0,Tunisia,TUN,,,,Windows-11-10.0.26200-SP0,3.13.3,3.2.6,8,Intel(R) Core(TM) i7-8650U CPU @ 1.90GHz,0,,,,7.87811279296875,machine,0.0,0,0.0,0.0,N,1.0,0.0
2026-05-07T10:41:50,codecarbon,02b75148-4134-451b-a3c6-fccbd9e4bda7,5b0fa12a-3dd7-45bb-9766-cc326314d9f1,1.5052916999848094,1.97226978251579e-06,1.3102243123613138e-06,2.543668476,0.0,10.0,7.09345903474827e-07,0.0,2.787859166629561e-06,3.497205070104388e-06,0.0,Tunisia,TUN,,,,Windows-11-10.0.26200-SP0,3.13.3,3.2.6,8,Intel(R) Core(TM) i7-8650U CPU @ 1.90GHz,0,,,,7.87811279296875,machine,0.0,0,0.0,0.0,N,1.0,0.0
2026-05-07T10:41:53,codecarbon,a00540bd-e495-44b0-9a62-fb20100b2f82,5b0fa12a-3dd7-45bb-9766-cc326314d9f1,1.5095010999939404,1.855403410750045e-06,1.2291500885673374e-06,1.748396544,0.0,10.0,4.897715245485217e-07,0.0,2.800207499967655e-06,3.2899790245161768e-06,0.0,Tunisia,TUN,,,,Windows-11-10.0.26200-SP0,3.13.3,3.2.6,8,Intel(R) Core(TM) i7-8650U CPU @ 1.90GHz,0,,,,7.87811279296875,machine,0.0,0,0.0,0.0,N,1.0,0.0
2026-05-07T10:41:56,codecarbon,028763b3-f413-4b92-b609-8e1004002f4a,5b0fa12a-3dd7-45bb-9766-cc326314d9f1,1.504975599993486,1.850948063372828e-06,1.2298857625205611e-06,1.777706124,0.0,10.0,4.956280227789858e-07,0.0,2.786450833324731e-06,3.282078856103717e-06,0.0,Tunisia,TUN,,,,Windows-11-10.0.26200-SP0,3.13.3,3.2.6,8,Intel(R) Core(TM) i7-8650U CPU @ 1.90GHz,0,,,,7.87811279296875,machine,0.0,0,0.0,0.0,N,1.0,0.0
2026-05-07T10:41:59,codecarbon,1226c0b9-e662-4c46-baf5-30f21db84c8c,5b0fa12a-3dd7-45bb-9766-cc326314d9f1,1.5028520000050776,1.8367629482637328e-06,1.222184851374272e-06,1.7009736360000005,0.0,10.0,4.735815360390955e-07,0.0,2.783344444469549e-06,3.2569259805086445e-06,0.0,Tunisia,TUN,,,,Windows-11-10.0.26200-SP0,3.13.3,3.2.6,8,Intel(R) Core(TM) i7-8650U CPU @ 1.90GHz,0,,,,7.87811279296875,machine,0.0,0,0.0,0.0,N,1.0,0.0
2026-05-07T10:42:02,codecarbon,608324c0-9235-4680-9508-8c8bf2301243,5b0fa12a-3dd7-45bb-9766-cc326314d9f1,1.5042342999950051,1.8202527797378983e-06,1.2100859418934556e-06,1.5827345745000003,0.0,10.0,4.411692370534747e-07,0.0,2.7864811110905268e-06,3.227650348144001e-06,0.0,Tunisia,TUN,,,,Windows-11-10.0.26200-SP0,3.13.3,3.2.6,8,Intel(R) Core(TM) i7-8650U CPU @ 1.90GHz,0,,,,7.87811279296875,machine,0.0,0,0.0,0.0,N,1.0,0.0
2026-05-07T10:42:05,codecarbon,cc9e0dda-0905-4c46-8777-73bfe122ba0b,5b0fa12a-3dd7-45bb-9766-cc326314d9f1,1.503877699986333,1.8215138411163448e-06,1.2112114177455376e-06,1.5940662585,0.0,10.0,4.441758915329538e-07,0.0,2.7857105554883472e-06,3.229886447021301e-06,0.0,Tunisia,TUN,,,,Windows-11-10.0.26200-SP0,3.13.3,3.2.6,8,Intel(R) Core(TM) i7-8650U CPU @ 1.90GHz,0,,,,7.87811279296875,machine,0.0,0,0.0,0.0,N,1.0,0.0
2026-05-07T10:42:08,codecarbon,c9dc2cb8-1cea-4c82-8023-13e36c9598a5,5b0fa12a-3dd7-45bb-9766-cc326314d9f1,1.5038093000184745,1.8400005115926385e-06,1.2235597369759809e-06,1.7186227395,0.0,10.0,4.786359555552885e-07,0.0,2.7840308333300827e-06,3.262666788885372e-06,0.0,Tunisia,TUN,,,,Windows-11-10.0.26200-SP0,3.13.3,3.2.6,8,Intel(R) Core(TM) i7-8650U CPU @ 1.90GHz,0,,,,7.87811279296875,machine,0.0,0,0.0,0.0,N,1.0,0.0
2026-05-07T10:42:11,codecarbon,4ef07211-c4f3-49e7-8d76-8bfcfa815ef2,5b0fa12a-3dd7-45bb-9766-cc326314d9f1,1.5032891999871936,1.820565824649962e-06,1.2110549484859409e-06,1.5911421315,0.0,10.0,4.4324349120215924e-07,0.0,2.784961944416864e-06,3.228205435619024e-06,0.0,Tunisia,TUN,,,,Windows-11-10.0.26200-SP0,3.13.3,3.2.6,8,Intel(R) Core(TM) i7-8650U CPU @ 1.90GHz,0,,,,7.87811279296875,machine,0.0,0,0.0,0.0,N,1.0,0.0
2026-05-07T10:42:14,codecarbon,e55052b9-54f6-4853-a9ae-f43adffeeee2,5b0fa12a-3dd7-45bb-9766-cc326314d9f1,1.504700200021034,1.8185698618083503e-06,1.2085928225323085e-06,1.5735989760000002,0.0,10.0,4.385398293853696e-07,0.0,2.78612638891597e-06,3.2246662183013395e-06,0.0,Tunisia,TUN,,,,Windows-11-10.0.26200-SP0,3.13.3,3.2.6,8,Intel(R) Core(TM) i7-8650U CPU @ 1.90GHz,0,,,,7.87811279296875,machine,0.0,0,0.0,0.0,N,1.0,0.0
2026-05-07T10:42:17,codecarbon,a7d79cfb-3a1b-4606-aa6e-ebf65afa8dc0,5b0fa12a-3dd7-45bb-9766-cc326314d9f1,1.5033795000053942,1.8195083228627416e-06,1.2102787904559117e-06,1.5827345745000003,0.0,10.0,4.409661194513596e-07,0.0,2.785364166710577e-06,3.2263302861619373e-06,0.0,Tunisia,TUN,,,,Windows-11-10.0.26200-SP0,3.13.3,3.2.6,8,Intel(R) Core(TM) i7-8650U CPU @ 1.90GHz,0,,,,7.87811279296875,machine,0.0,0,0.0,0.0,N,1.0,0.0
2026-05-07T10:42:19,codecarbon,33c16ba1-154e-4717-b487-679facf6e078,5b0fa12a-3dd7-45bb-9766-cc326314d9f1,1.5034376000112388,1.8137523578183177e-06,1.2064034834600111e-06,1.5542656665,0.0,10.0,4.327277670110348e-07,0.0,2.783396111125411e-06,3.216123878136446e-06,0.0,Tunisia,TUN,,,,Windows-11-10.0.26200-SP0,3.13.3,3.2.6,8,Intel(R) Core(TM) i7-8650U CPU @ 1.90GHz,0,,,,7.87811279296875,machine,0.0,0,0.0,0.0,N,1.0,0.0
2026-05-07T10:42:22,codecarbon,32e4cbf2-ebdf-4fbe-a259-85caeaba1771,5b0fa12a-3dd7-45bb-9766-cc326314d9f1,1.5039109999779612,1.8161622505359952e-06,1.207626149793844e-06,1.5628757505000006,0.0,10.0,4.353798487232696e-07,0.0,2.785017222211334e-06,3.220397070934604e-06,0.0,Tunisia,TUN,,,,Windows-11-10.0.26200-SP0,3.13.3,3.2.6,8,Intel(R) Core(TM) i7-8650U CPU @ 1.90GHz,0,,,,7.87811279296875,machine,0.0,0,0.0,0.0,N,1.0,0.0
2026-05-07T10:42:25,codecarbon,a6eb9607-0460-4d97-ac55-c02a0452a655,5b0fa12a-3dd7-45bb-9766-cc326314d9f1,1.5038875000027474,1.815573366784277e-06,1.2072534460064071e-06,1.5563392935,0.0,10.0,4.336603693879127e-07,0.0,2.785692499956996e-06,3.2193528693449085e-06,0.0,Tunisia,TUN,,,,Windows-11-10.0.26200-SP0,3.13.3,3.2.6,8,Intel(R) Core(TM) i7-8650U CPU @ 1.90GHz,0,,,,7.87811279296875,machine,0.0,0,0.0,0.0,N,1.0,0.0
2026-05-07T10:42:28,codecarbon,208404fa-cabe-4999-a5e4-39eec09a1b24,5b0fa12a-3dd7-45bb-9766-cc326314d9f1,1.5053502000228036,1.8547833636567128e-06,1.2321274900874333e-06,1.7963520000000002,0.0,10.0,5.009820644514884e-07,0.0,2.787897500012252e-06,3.2888795644637395e-06,0.0,Tunisia,TUN,,,,Windows-11-10.0.26200-SP0,3.13.3,3.2.6,8,Intel(R) Core(TM) i7-8650U CPU @ 1.90GHz,0,,,,7.87811279296875,machine,0.0,0,0.0,0.0,N,1.0,0.0
2026-05-07T10:42:31,codecarbon,bde37f35-a274-4b05-b4c7-5a0bd1dd1676,5b0fa12a-3dd7-45bb-9766-cc326314d9f1,1.50571339999442,1.860677676385764e-06,1.2357449142663268e-06,1.8292515,0.0,10.0,5.105187889944755e-07,0.0,2.788812499946087e-06,3.2993312889405622e-06,0.0,Tunisia,TUN,,,,Windows-11-10.0.26200-SP0,3.13.3,3.2.6,8,Intel(R) Core(TM) i7-8650U CPU @ 1.90GHz,0,,,,7.87811279296875,machine,0.0,0,0.0,0.0,N,1.0,0.0
2026-05-07T10:42:34,codecarbon,c124534e-7473-4212-969e-1cfcdac03603,5b0fa12a-3dd7-45bb-9766-cc326314d9f1,1.5037738000100944,1.8174268504484728e-06,1.2085772809955014e-06,1.5698991795,0.0,10.0,4.373727776021508e-07,0.0,2.7852666666957603e-06,3.222639444297911e-06,0.0,Tunisia,TUN,,,,Windows-11-10.0.26200-SP0,3.13.3,3.2.6,8,Intel(R) Core(TM) i7-8650U CPU @ 1.90GHz,0,,,,7.87811279296875,machine,0.0,0,0.0,0.0,N,1.0,0.0
2026-05-07T10:42:37,codecarbon,dd2bf4e4-9faf-4056-9292-7a9e75465ab3,5b0fa12a-3dd7-45bb-9766-cc326314d9f1,1.503624699980719,1.8121100190471768e-06,1.205161114386066e-06,1.5420138360000002,0.0,10.0,4.293836472253888e-07,0.0,2.783828055544291e-06,3.21321170276968e-06,0.0,Tunisia,TUN,,,,Windows-11-10.0.26200-SP0,3.13.3,3.2.6,8,Intel(R) Core(TM) i7-8650U CPU @ 1.90GHz,0,,,,7.87811279296875,machine,0.0,0,0.0,0.0,N,1.0,0.0
2026-05-07T10:42:40,codecarbon,41eeeb69-6245-46c7-b218-fae4e453d27e,5b0fa12a-3dd7-45bb-9766-cc326314d9f1,1.5041071999876294,1.81353701401181e-06,1.2057232450098807e-06,1.5464798385,0.0,10.0,4.308150886136192e-07,0.0,2.784926944473732e-06,3.215742033087351e-06,0.0,Tunisia,TUN,,,,Windows-11-10.0.26200-SP0,3.13.3,3.2.6,8,Intel(R) Core(TM) i7-8650U CPU @ 1.90GHz,0,,,,7.87811279296875,machine,0.0,0,0.0,0.0,N,1.0,0.0
2026-05-07T10:42:43,codecarbon,31a4e937-2faa-4534-b809-458742588351,5b0fa12a-3dd7-45bb-9766-cc326314d9f1,1.503184000001056,1.814082614699774e-06,1.2068267189502411e-06,1.5542656665,0.0,10.0,4.328064301192236e-07,0.0,2.78390305554947e-06,3.2167094856686936e-06,0.0,Tunisia,TUN,,,,Windows-11-10.0.26200-SP0,3.13.3,3.2.6,8,Intel(R) Core(TM) i7-8650U CPU @ 1.90GHz,0,,,,7.87811279296875,machine,0.0,0,0.0,0.0,N,1.0,0.0
2026-05-07T10:42:46,codecarbon,779f027e-8c34-4ab0-9a0e-dbfb6b6d386e,5b0fa12a-3dd7-45bb-9766-cc326314d9f1,1.5045103000011295,1.819468009971196e-06,1.2093423421360624e-06,1.578732,0.0,10.0,4.400176927047818e-07,0.0,2.78624111112246e-06,3.2262588038272413e-06,0.0,Tunisia,TUN,,,,Windows-11-10.0.26200-SP0,3.13.3,3.2.6,8,Intel(R) Core(TM) i7-8650U CPU @ 1.90GHz,0,,,,7.87811279296875,machine,0.0,0,0.0,0.0,N,1.0,0.0
2026-05-07T10:42:49,codecarbon,700f23cd-f9bb-406a-b971-8077916c5e8c,5b0fa12a-3dd7-45bb-9766-cc326314d9f1,1.5046206999977585,1.814600873040984e-06,1.2060188146046954e-06,1.5502723125000002,0.0,10.0,4.319848440293871e-07,0.0,2.7856436111000625e-06,3.2176284551294494e-06,0.0,Tunisia,TUN,,,,Windows-11-10.0.26200-SP0,3.13.3,3.2.6,8,Intel(R) Core(TM) i7-8650U CPU @ 1.90GHz,0,,,,7.87811279296875,machine,0.0,0,0.0,0.0,N,1.0,0.0
2026-05-07T10:42:52,codecarbon,5b525c2f-35e4-4371-9314-c2a7c10cb39d,5b0fa12a-3dd7-45bb-9766-cc326314d9f1,1.5034719000104817,1.8156841466014937e-06,1.2076608459318964e-06,1.5606436875,0.0,10.0,4.3472596940302004e-07,0.0,2.784823333382115e-06,3.219549302785135e-06,0.0,Tunisia,TUN,,,,Windows-11-10.0.26200-SP0,3.13.3,3.2.6,8,Intel(R) Core(TM) i7-8650U CPU @ 1.90GHz,0,,,,7.87811279296875,machine,0.0,0,0.0,0.0,N,1.0,0.0
2026-05-07T10:42:55,codecarbon,cfce20fb-94a3-4d06-bd15-d58b6eea87fe,5b0fa12a-3dd7-45bb-9766-cc326314d9f1,1.5044221000280231,1.8229266546904744e-06,1.2117122280086942e-06,1.6096281135,0.0,10.0,4.482705199192749e-07,0.0,2.7841211111485287e-06,3.232391631067804e-06,0.0,Tunisia,TUN,,,,Windows-11-10.0.26200-SP0,3.13.3,3.2.6,8,Intel(R) Core(TM) i7-8650U CPU @ 1.90GHz,0,,,,7.87811279296875,machine,0.0,0,0.0,0.0,N,1.0,0.0
2026-05-07T10:42:58,codecarbon,d5f06438-f1f9-4376-a546-b90fede109c0,5b0fa12a-3dd7-45bb-9766-cc326314d9f1,1.5041139000095427,1.8157789840940048e-06,1.207208432873657e-06,1.557395628,0.0,10.0,4.339655230369733e-07,0.0,2.78575194444986e-06,3.219717467486833e-06,0.0,Tunisia,TUN,,,,Windows-11-10.0.26200-SP0,3.13.3,3.2.6,8,Intel(R) Core(TM) i7-8650U CPU @ 1.90GHz,0,,,,7.87811279296875,machine,0.0,0,0.0,0.0,N,1.0,0.0
2026-05-07T10:43:01,codecarbon,9e03851e-e1bf-49b7-b5b0-b4c2582bf301,5b0fa12a-3dd7-45bb-9766-cc326314d9f1,1.504307199997129,1.812635857735681e-06,1.2049638915104177e-06,1.5394767945000003,0.0,10.0,4.289021691641555e-07,0.0,2.7852419444469786e-06,3.214144113611134e-06,0.0,Tunisia,TUN,,,,Windows-11-10.0.26200-SP0,3.13.3,3.2.6,8,Intel(R) Core(TM) i7-8650U CPU @ 1.90GHz,0,,,,7.87811279296875,machine,0.0,0,0.0,0.0,N,1.0,0.0
2026-05-07T10:43:04,codecarbon,9cfdb4c4-f83c-418f-81ec-1a73936efbd2,5b0fa12a-3dd7-45bb-9766-cc326314d9f1,1.5038554999919145,1.817053407540438e-06,1.2082632989341115e-06,1.5698991795,0.0,10.0,4.37285037660522e-07,0.0,2.7846922221619427e-06,3.2219772598224648e-06,0.0,Tunisia,TUN,,,,Windows-11-10.0.26200-SP0,3.13.3,3.2.6,8,Intel(R) Core(TM) i7-8650U CPU @ 1.90GHz,0,,,,7.87811279296875,machine,0.0,0,0.0,0.0,N,1.0,0.0
2026-05-07T10:43:07,codecarbon,9215255e-5732-4cab-8cca-371f19ea2322,5b0fa12a-3dd7-45bb-9766-cc326314d9f1,1.503199600003427,1.813561702123458e-06,1.206467658798821e-06,1.5502723125000002,0.0,10.0,4.3171053196058053e-07,0.0,2.7840752777895738e-06,3.2157858097501543e-06,0.0,Tunisia,TUN,,,,Windows-11-10.0.26200-SP0,3.13.3,3.2.6,8,Intel(R) Core(TM) i7-8650U CPU @ 1.90GHz,0,,,,7.87811279296875,machine,0.0,0,0.0,0.0,N,1.0,0.0
2026-05-07T10:43:09,codecarbon,f4d63723-1b03-4108-ab6c-2983ce74710f,5b0fa12a-3dd7-45bb-9766-cc326314d9f1,1.503515999997035,1.815980551929296e-06,1.2078225651957655e-06,1.5628757505000006,0.0,10.0,4.353507184614249e-07,0.0,2.78472416668794e-06,3.220074885149365e-06,0.0,Tunisia,TUN,,,,Windows-11-10.0.26200-SP0,3.13.3,3.2.6,8,Intel(R) Core(TM) i7-8650U CPU @ 1.90GHz,0,,,,7.87811279296875,machine,0.0,0,0.0,0.0,N,1.0,0.0
2026-05-07T10:43:12,codecarbon,97cca7bd-0731-4949-bde9-b3dfb0d844dd,5b0fa12a-3dd7-45bb-9766-cc326314d9f1,1.5039535000105388,1.8158529775355487e-06,1.2073863836367449e-06,1.5606436875,0.0,10.0,4.347747828626517e-07,0.0,2.785073888905269e-06,3.2198486717679206e-06,0.0,Tunisia,TUN,,,,Windows-11-10.0.26200-SP0,3.13.3,3.2.6,8,Intel(R) Core(TM) i7-8650U CPU @ 1.90GHz,0,,,,7.87811279296875,machine,0.0,0,0.0,0.0,N,1.0,0.0
2026-05-07T10:43:15,codecarbon,b450fd84-7064-4557-aa10-8ea48bbabe25,5b0fa12a-3dd7-45bb-9766-cc326314d9f1,1.5034204999974463,1.8139090509718493e-06,1.206521429616618e-06,1.5502723125000002,0.0,10.0,4.318025578464569e-07,0.0,2.784599166706256e-06,3.216401724552713e-06,0.0,Tunisia,TUN,,,,Windows-11-10.0.26200-SP0,3.13.3,3.2.6,8,Intel(R) Core(TM) i7-8650U CPU @ 1.90GHz,0,,,,7.87811279296875,machine,0.0,0,0.0,0.0,N,1.0,0.0
2026-05-07T10:43:18,codecarbon,7ce2b974-93bf-41cc-9e77-23d7e68b6107,5b0fa12a-3dd7-45bb-9766-cc326314d9f1,1.504213600012008,1.8133875184124647e-06,1.2055385740416045e-06,1.5411564375000004,0.0,10.0,4.294863936883416e-07,0.0,2.785990555599306e-06,3.215476949287648e-06,0.0,Tunisia,TUN,,,,Windows-11-10.0.26200-SP0,3.13.3,3.2.6,8,Intel(R) Core(TM) i7-8650U CPU @ 1.90GHz,0,,,,7.87811279296875,machine,0.0,0,0.0,0.0,N,1.0,0.0
2026-05-07T10:43:21,codecarbon,d10d8d26-3e8d-4ec1-a9fc-82e4ec7e49b1,5b0fa12a-3dd7-45bb-9766-cc326314d9f1,1.5045666999940297,1.8285325876401355e-06,1.215321718636596e-06,1.6341680625000006,0.0,10.0,4.555281150855919e-07,0.0,2.786803888900775e-06,3.242332003986367e-06,0.0,Tunisia,TUN,,,,Windows-11-10.0.26200-SP0,3.13.3,3.2.6,8,Intel(R) Core(TM) i7-8650U CPU @ 1.90GHz,0,,,,7.87811279296875,machine,0.0,0,0.0,0.0,N,1.0,0.0
2026-05-07T10:43:24,codecarbon,e5c842b6-6c47-4397-bc78-4d967c018aec,5b0fa12a-3dd7-45bb-9766-cc326314d9f1,1.5045295000018086,1.815278854100629e-06,1.2065425464229494e-06,1.5502723125000002,0.0,10.0,4.3212897628591844e-07,0.0,2.786701666708622e-06,3.2188306429945403e-06,0.0,Tunisia,TUN,,,,Windows-11-10.0.26200-SP0,3.13.3,3.2.6,8,Intel(R) Core(TM) i7-8650U CPU @ 1.90GHz,0,,,,7.87811279296875,machine,0.0,0,0.0,0.0,N,1.0,0.0
2026-05-07T10:43:27,codecarbon,448cbec3-0d71-4d2e-b03a-3abcc90892ad,5b0fa12a-3dd7-45bb-9766-cc326314d9f1,1.5045633999980057,1.8162650758716383e-06,1.2071708482833266e-06,1.557395628,0.0,10.0,4.340805107417381e-07,0.0,2.7864988888419856e-06,3.2205793995837235e-06,0.0,Tunisia,TUN,,,,Windows-11-10.0.26200-SP0,3.13.3,3.2.6,8,Intel(R) Core(TM) i7-8650U CPU @ 1.90GHz,0,,,,7.87811279296875,machine,0.0,0,0.0,0.0,N,1.0,0.0
2026-05-07T10:43:30,codecarbon,4fd28b11-4ec0-4ff6-97d5-b2c290ce6049,5b0fa12a-3dd7-45bb-9766-cc326314d9f1,1.5044125000131316,1.823990745186857e-06,1.2124272732185726e-06,1.611272508,0.0,10.0,4.489145746140898e-07,0.0,2.785363888930685e-06,3.2342784635447748e-06,0.0,Tunisia,TUN,,,,Windows-11-10.0.26200-SP0,3.13.3,3.2.6,8,Intel(R) Core(TM) i7-8650U CPU @ 1.90GHz,0,,,,7.87811279296875,machine,0.0,0,0.0,0.0,N,1.0,0.0
2026-05-07T10:43:33,codecarbon,b6e01592-e2ab-48e0-9658-688d5b1282db,5b0fa12a-3dd7-45bb-9766-cc326314d9f1,1.5051494000072123,1.8280459366938323e-06,1.2145278978186968e-06,1.6214853120000003,0.0,10.0,4.52381024799555e-07,0.0,2.789088055578759e-06,3.241469080378314e-06,0.0,Tunisia,TUN,,,,Windows-11-10.0.26200-SP0,3.13.3,3.2.6,8,Intel(R) Core(TM) i7-8650U CPU @ 1.90GHz,0,,,,7.87811279296875,machine,0.0,0,0.0,0.0,N,1.0,0.0
2026-05-07T10:43:36,codecarbon,dffe8957-2625-4b69-b716-58da6a690e93,5b0fa12a-3dd7-45bb-9766-cc326314d9f1,1.5060417000204325,1.8303801721493227e-06,1.2153582282114037e-06,1.632304644,0.0,10.0,4.555808963461868e-07,0.0,2.7900272222824345e-06,3.245608118628621e-06,0.0,Tunisia,TUN,,,,Windows-11-10.0.26200-SP0,3.13.3,3.2.6,8,Intel(R) Core(TM) i7-8650U CPU @ 1.90GHz,0,,,,7.87811279296875,machine,0.0,0,0.0,0.0,N,1.0,0.0
2026-05-07T10:43:39,codecarbon,266a3c1d-7a0e-4c7b-bb24-1d7fa5f210ab,5b0fa12a-3dd7-45bb-9766-cc326314d9f1,1.5055569999967702,1.837026163924316e-06,1.2201638090940805e-06,1.6913285880000002,0.0,10.0,4.7139160019953467e-07,0.0,2.786001111154393e-06,3.2573927113539275e-06,0.0,Tunisia,TUN,,,,Windows-11-10.0.26200-SP0,3.13.3,3.2.6,8,Intel(R) Core(TM) i7-8650U CPU @ 1.90GHz,0,,,,7.87811279296875,machine,0.0,0,0.0,0.0,N,1.0,0.0
2026-05-07T10:43:42,codecarbon,bced888e-a72d-4f9f-af08-a32fb028d914,5b0fa12a-3dd7-45bb-9766-cc326314d9f1,1.5038879000057932,1.814716159117394e-06,1.2066831305115251e-06,1.5542656665,0.0,10.0,4.329573234165465e-07,0.0,2.784875555597763e-06,3.2178328790143096e-06,0.0,Tunisia,TUN,,,,Windows-11-10.0.26200-SP0,3.13.3,3.2.6,8,Intel(R) Core(TM) i7-8650U CPU @ 1.90GHz,0,,,,7.87811279296875,machine,0.0,0,0.0,0.0,N,1.0,0.0
2026-05-07T10:43:45,codecarbon,9a4c68f4-5f01-453c-bdcf-ed9d6f721010,5b0fa12a-3dd7-45bb-9766-cc326314d9f1,1.5048794000176713,1.820077063572964e-06,1.2094504473591648e-06,1.578732,0.0,10.0,4.401562702873096e-07,0.0,2.7871825000652785e-06,3.227338770352588e-06,0.0,Tunisia,TUN,,,,Windows-11-10.0.26200-SP0,3.13.3,3.2.6,8,Intel(R) Core(TM) i7-8650U CPU @ 1.90GHz,0,,,,7.87811279296875,machine,0.0,0,0.0,0.0,N,1.0,0.0
2026-05-07T10:43:48,codecarbon,58e39af2-c2c8-44fe-8505-7b3478205824,5b0fa12a-3dd7-45bb-9766-cc326314d9f1,1.5039815000200178,1.827334964023358e-06,1.214998298848115e-06,1.6304585595,0.0,10.0,4.543542254626295e-07,0.0,2.7858541667228565e-06,3.240208392185486e-06,0.0,Tunisia,TUN,,,,Windows-11-10.0.26200-SP0,3.13.3,3.2.6,8,Intel(R) Core(TM) i7-8650U CPU @ 1.90GHz,0,,,,7.87811279296875,machine,0.0,0,0.0,0.0,N,1.0,0.0
2026-05-07T10:43:51,codecarbon,c01fe08c-5969-4082-8c22-66089097a710,5b0fa12a-3dd7-45bb-9766-cc326314d9f1,1.503754100005608,1.8161459937472128e-06,1.2077413413140085e-06,1.5584650845,0.0,10.0,4.3431157786339813e-07,0.0,2.786056666728756e-06,3.220368244592154e-06,0.0,Tunisia,TUN,,,,Windows-11-10.0.26200-SP0,3.13.3,3.2.6,8,Intel(R) Core(TM) i7-8650U CPU @ 1.90GHz,0,,,,7.87811279296875,machine,0.0,0,0.0,0.0,N,1.0,0.0
2026-05-07T10:43:54,codecarbon,7d3092e1-53c9-48a0-8f09-b222bb171fdf,5b0fa12a-3dd7-45bb-9766-cc326314d9f1,1.5038890999858268,1.8142197848887228e-06,1.2063521072835894e-06,1.5522435555,0.0,10.0,4.323454920373805e-07,0.0,2.784607222161463e-06,3.216952714198843e-06,0.0,Tunisia,TUN,,,,Windows-11-10.0.26200-SP0,3.13.3,3.2.6,8,Intel(R) Core(TM) i7-8650U CPU @ 1.90GHz,0,,,,7.87811279296875,machine,0.0,0,0.0,0.0,N,1.0,0.0
2026-05-07T10:43:57,codecarbon,541b0dbb-09a0-4ed0-9908-febd0b83b2b5,5b0fa12a-3dd7-45bb-9766-cc326314d9f1,1.5039151000091806,1.841470352033984e-06,1.2244510026016378e-06,1.721225364,0.0,10.0,4.795883700056303e-07,0.0,2.785684722281682e-06,3.2652730922873124e-06,0.0,Tunisia,TUN,,,,Windows-11-10.0.26200-SP0,3.13.3,3.2.6,8,Intel(R) Core(TM) i7-8650U CPU @ 1.90GHz,0,,,,7.87811279296875,machine,0.0,0,0.0,0.0,N,1.0,0.0
2026-05-07T10:44:00,codecarbon,52b255aa-c806-437f-8056-867f0e8fb853,5b0fa12a-3dd7-45bb-9766-cc326314d9f1,1.50483059999533,1.830364441103175e-06,1.2163259047954337e-06,1.6417966965,0.0,10.0,4.578557800942232e-07,0.0,2.7877244444324685e-06,3.245580224526692e-06,0.0,Tunisia,TUN,,,,Windows-11-10.0.26200-SP0,3.13.3,3.2.6,8,Intel(R) Core(TM) i7-8650U CPU @ 1.90GHz,0,,,,7.87811279296875,machine,0.0,0,0.0,0.0,N,1.0,0.0
2026-05-07T10:44:03,codecarbon,e8a4c3ff-3416-489f-bb25-a4ce7317e4b6,5b0fa12a-3dd7-45bb-9766-cc326314d9f1,1.5058178000035696,1.8286826646612568e-06,1.2144116404102291e-06,1.6379472255,0.0,10.0,4.564903409313424e-07,0.0,2.7861077778248323e-06,3.2425981187561745e-06,0.0,Tunisia,TUN,,,,Windows-11-10.0.26200-SP0,3.13.3,3.2.6,8,Intel(R) Core(TM) i7-8650U CPU @ 1.90GHz,0,,,,7.87811279296875,machine,0.0,0,0.0,0.0,N,1.0,0.0
2026-05-07T10:44:06,codecarbon,4d9a97ec-ec51-4e8c-a89c-5ce1358c3395,5b0fa12a-3dd7-45bb-9766-cc326314d9f1,1.5032975999929477,1.8238151873797235e-06,1.2132096714504694e-06,1.6197415305000002,0.0,10.0,4.509116109878053e-07,0.0,2.783055555563705e-06,3.23396716655151e-06,0.0,Tunisia,TUN,,,,Windows-11-10.0.26200-SP0,3.13.3,3.2.6,8,Intel(R) Core(TM) i7-8650U CPU @ 1.90GHz,0,,,,7.87811279296875,machine,0.0,0,0.0,0.0,N,1.0,0.0
2026-05-07T10:44:08,codecarbon,53df952b-745f-452f-b9dd-25acb7c7dd43,5b0fa12a-3dd7-45bb-9766-cc326314d9f1,1.5046143000072334,1.8558583835177184e-06,1.2334446000604914e-06,1.8158143560000009,0.0,10.0,5.058485545097537e-07,0.0,2.7849372222489264e-06,3.29078577675868e-06,0.0,Tunisia,TUN,,,,Windows-11-10.0.26200-SP0,3.13.3,3.2.6,8,Intel(R) Core(TM) i7-8650U CPU @ 1.90GHz,0,,,,7.87811279296875,machine,0.0,0,0.0,0.0,N,1.0,0.0
2026-05-07T10:44:11,codecarbon,5d2fe3fa-349c-4afe-a2b4-f43e933ce351,5b0fa12a-3dd7-45bb-9766-cc326314d9f1,1.503680399997393,1.813541627924956e-06,1.2060685421769814e-06,1.5493055640000004,0.0,10.0,4.314516032969238e-07,0.0,2.784298611125754e-06,3.2157502144226777e-06,0.0,Tunisia,TUN,,,,Windows-11-10.0.26200-SP0,3.13.3,3.2.6,8,Intel(R) Core(TM) i7-8650U CPU @ 1.90GHz,0,,,,7.87811279296875,machine,0.0,0,0.0,0.0,N,1.0,0.0
2026-05-07T10:44:14,codecarbon,6e4d23da-ee7d-42d0-812e-6226a42941fc,5b0fa12a-3dd7-45bb-9766-cc326314d9f1,1.5042758000199683,1.8148478258283075e-06,1.206459497523138e-06,1.5542656665,0.0,10.0,4.330085710101949e-07,0.0,2.785057777833168e-06,3.218066348843363e-06,0.0,Tunisia,TUN,,,,Windows-11-10.0.26200-SP0,3.13.3,3.2.6,8,Intel(R) Core(TM) i7-8650U CPU @ 1.90GHz,0,,,,7.87811279296875,machine,0.0,0,0.0,0.0,N,1.0,0.0
2026-05-07T10:44:17,codecarbon,09ccfbbd-a190-4271-81f5-33b1a70d2374,5b0fa12a-3dd7-45bb-9766-cc326314d9f1,1.5039443999994546,1.813397876512214e-06,1.2057612478977756e-06,1.5493055640000004,0.0,10.0,4.314539272604403e-07,0.0,2.78404138888517e-06,3.2154953161456104e-06,0.0,Tunisia,TUN,,,,Windows-11-10.0.26200-SP0,3.13.3,3.2.6,8,Intel(R) Core(TM) i7-8650U CPU @ 1.90GHz,0,,,,7.87811279296875,machine,0.0,0,0.0,0.0,N,1.0,0.0
2026-05-07T10:44:20,codecarbon,ef965c99-e5fe-4d61-94b8-339c28b6c4c6,5b0fa12a-3dd7-45bb-9766-cc326314d9f1,1.504146999999648,1.8174116976755976e-06,1.2082673420058166e-06,1.5723515625000002,0.0,10.0,4.379789644935954e-07,0.0,2.7846336110896017e-06,3.2226125755831973e-06,0.0,Tunisia,TUN,,,,Windows-11-10.0.26200-SP0,3.13.3,3.2.6,8,Intel(R) Core(TM) i7-8650U CPU @ 1.90GHz,0,,,,7.87811279296875,machine,0.0,0,0.0,0.0,N,1.0,0.0
2026-05-07T10:44:23,codecarbon,8126b9eb-180a-4146-a5b3-c117845c3735,5b0fa12a-3dd7-45bb-9766-cc326314d9f1,1.5035246000043117,1.8226130537196684e-06,1.2122269590497169e-06,1.6047922920000002,0.0,10.0,4.470216687303481e-07,0.0,2.784813888865756e-06,3.231835557596104e-06,0.0,Tunisia,TUN,,,,Windows-11-10.0.26200-SP0,3.13.3,3.2.6,8,Intel(R) Core(TM) i7-8650U CPU @ 1.90GHz,0,,,,7.87811279296875,machine,0.0,0,0.0,0.0,N,1.0,0.0
2026-05-07T10:44:26,codecarbon,b9d1c55d-b7d3-4d48-a91c-b80f809e9f49,5b0fa12a-3dd7-45bb-9766-cc326314d9f1,1.5044749999942724,1.8172035792018648e-06,1.2078655871375614e-06,1.5663255,0.0,10.0,4.364768757848272e-07,0.0,2.785766666622496e-06,3.222243542407324e-06,0.0,Tunisia,TUN,,,,Windows-11-10.0.26200-SP0,3.13.3,3.2.6,8,Intel(R) Core(TM) i7-8650U CPU @ 1.90GHz,0,,,,7.87811279296875,machine,0.0,0,0.0,0.0,N,1.0,0.0
2026-05-07T10:44:29,codecarbon,a0e82aaa-be96-4034-b8a0-402aeefdc0e4,5b0fa12a-3dd7-45bb-9766-cc326314d9f1,1.5039223000057973,1.8127437695018912e-06,1.205344032397753e-06,1.5420138360000002,0.0,10.0,4.295404614630672e-07,0.0,2.784794999994726e-06,3.214335461457793e-06,0.0,Tunisia,TUN,,,,Windows-11-10.0.26200-SP0,3.13.3,3.2.6,8,Intel(R) Core(TM) i7-8650U CPU @ 1.90GHz,0,,,,7.87811279296875,machine,0.0,0,0.0,0.0,N,1.0,0.0
2026-05-07T10:44:32,codecarbon,e5269fe4-2171-440f-ac60-713f327e93bf,5b0fa12a-3dd7-45bb-9766-cc326314d9f1,1.5031728000030853,1.813318566482505e-06,1.206327420559222e-06,1.5522435555,0.0,10.0,4.32136629046744e-07,0.0,2.783218055507556e-06,3.2153546845543e-06,0.0,Tunisia,TUN,,,,Windows-11-10.0.26200-SP0,3.13.3,3.2.6,8,Intel(R) Core(TM) i7-8650U CPU @ 1.90GHz,0,,,,7.87811279296875,machine,0.0,0,0.0,0.0,N,1.0,0.0
2026-05-07T10:44:35,codecarbon,80158960-9705-4274-b5e1-1c4df0a4a256,5b0fa12a-3dd7-45bb-9766-cc326314d9f1,1.5038405999948736,1.8138912157655856e-06,1.2061725263779743e-06,1.551251616,0.0,10.0,4.320348216311164e-07,0.0,2.7843352777482424e-06,3.216370099379359e-06,0.0,Tunisia,TUN,,,,Windows-11-10.0.26200-SP0,3.13.3,3.2.6,8,Intel(R) Core(TM) i7-8650U CPU @ 1.90GHz,0,,,,7.87811279296875,machine,0.0,0,0.0,0.0,N,1.0,0.0
2026-05-07T10:44:38,codecarbon,bbb10793-ce5f-4ac6-a3b3-cbf9dbf4eee4,5b0fa12a-3dd7-45bb-9766-cc326314d9f1,1.503575999988243,1.8168084652773351e-06,1.208324996735477e-06,1.5675028485000002,0.0,10.0,4.366482088972455e-07,0.0,2.7848947222486863e-06,3.221542931145932e-06,0.0,Tunisia,TUN,,,,Windows-11-10.0.26200-SP0,3.13.3,3.2.6,8,Intel(R) Core(TM) i7-8650U CPU @ 1.90GHz,0,,,,7.87811279296875,machine,0.0,0,0.0,0.0,N,1.0,0.0
2026-05-07T10:44:41,codecarbon,c6928e87-ac00-40f4-b435-c7a7049f654b,5b0fa12a-3dd7-45bb-9766-cc326314d9f1,1.5038627000176348,1.8150320130168085e-06,1.2069133791239882e-06,1.5563392935,0.0,10.0,4.33533225127225e-07,0.0,2.7848597222247107e-06,3.218392947351936e-06,0.0,Tunisia,TUN,,,,Windows-11-10.0.26200-SP0,3.13.3,3.2.6,8,Intel(R) Core(TM) i7-8650U CPU @ 1.90GHz,0,,,,7.87811279296875,machine,0.0,0,0.0,0.0,N,1.0,0.0
2026-05-07T10:44:44,codecarbon,c4610746-6baf-47fe-938a-0037a3992c61,5b0fa12a-3dd7-45bb-9766-cc326314d9f1,1.504142599995248,1.81583911300092e-06,1.2072253741145667e-06,1.5563392935,0.0,10.0,4.337254762534127e-07,0.0,2.7860986110883663e-06,3.219824087341779e-06,0.0,Tunisia,TUN,,,,Windows-11-10.0.26200-SP0,3.13.3,3.2.6,8,Intel(R) Core(TM) i7-8650U CPU @ 1.90GHz,0,,,,7.87811279296875,machine,0.0,0,0.0,0.0,N,1.0,0.0
2026-05-07T10:44:46,codecarbon,94fd4bd9-3029-4103-ba02-c189af127b1c,5b0fa12a-3dd7-45bb-9766-cc326314d9f1,1.5041260999860242,1.813115477475432e-06,1.205427841118028e-06,1.5428830605,0.0,10.0,4.298317918248443e-07,0.0,2.7851627777434057e-06,3.21499456956825e-06,0.0,Tunisia,TUN,,,,Windows-11-10.0.26200-SP0,3.13.3,3.2.6,8,Intel(R) Core(TM) i7-8650U CPU @ 1.90GHz,0,,,,7.87811279296875,machine,0.0,0,0.0,0.0,N,1.0,0.0
2026-05-07T10:44:49,codecarbon,6fe216c4-0ca2-4efe-a561-7a198913be8e,5b0fa12a-3dd7-45bb-9766-cc326314d9f1,1.5059181000106037,1.8170343058428763e-06,1.2065957012071787e-06,1.5420138360000002,0.0,10.0,4.305700555456514e-07,0.0,2.791373333376315e-06,3.2219433889219664e-06,0.0,Tunisia,TUN,,,,Windows-11-10.0.26200-SP0,3.13.3,3.2.6,8,Intel(R) Core(TM) i7-8650U CPU @ 1.90GHz,0,,,,7.87811279296875,machine,0.0,0,0.0,0.0,N,1.0,0.0
2026-05-07T10:44:52,codecarbon,f121c3cd-dd6b-43ab-8236-d92104a41383,5b0fa12a-3dd7-45bb-9766-cc326314d9f1,1.5048853000043891,1.8178980576039195e-06,1.2079977507911184e-06,1.5628757505000006,0.0,10.0,4.35794705408793e-07,0.0,2.787680277752871e-06,3.223474983161664e-06,0.0,Tunisia,TUN,,,,Windows-11-10.0.26200-SP0,3.13.3,3.2.6,8,Intel(R) Core(TM) i7-8650U CPU @ 1.90GHz,0,,,,7.87811279296875,machine,0.0,0,0.0,0.0,N,1.0,0.0
2026-05-07T10:44:55,codecarbon,2e3888fe-a952-435d-b780-0d456c4714e8,5b0fa12a-3dd7-45bb-9766-cc326314d9f1,1.5050023999938276,1.82023695967085e-06,1.2094578451690943e-06,1.5774270765,0.0,10.0,4.398639628544084e-07,0.0,2.7877583333368724e-06,3.2276222961912806e-06,0.0,Tunisia,TUN,,,,Windows-11-10.0.26200-SP0,3.13.3,3.2.6,8,Intel(R) Core(TM) i7-8650U CPU @ 1.90GHz,0,,,,7.87811279296875,machine,0.0,0,0.0,0.0,N,1.0,0.0
2026-05-07T10:44:58,codecarbon,7b4e9a75-2bed-4bef-ab2e-3eb0b898f9a0,5b0fa12a-3dd7-45bb-9766-cc326314d9f1,1.505482200009283,1.8176992687542605e-06,1.2073867553817988e-06,1.5552960000000002,0.0,10.0,4.339172153587632e-07,0.0,2.789205277804285e-06,3.2231224931630486e-06,0.0,Tunisia,TUN,,,,Windows-11-10.0.26200-SP0,3.13.3,3.2.6,8,Intel(R) Core(TM) i7-8650U CPU @ 1.90GHz,0,,,,7.87811279296875,machine,0.0,0,0.0,0.0,N,1.0,0.0
2026-05-07T10:45:01,codecarbon,4f5da319-3720-477a-a5b5-4c502390d6ff,5b0fa12a-3dd7-45bb-9766-cc326314d9f1,1.5056592999899294,1.817591990788151e-06,1.207173489248403e-06,1.5532482120000002,0.0,10.0,4.333981025526204e-07,0.0,2.789534166610489e-06,3.22293226916311e-06,0.0,Tunisia,TUN,,,,Windows-11-10.0.26200-SP0,3.13.3,3.2.6,8,Intel(R) Core(TM) i7-8650U CPU @ 1.90GHz,0,,,,7.87811279296875,machine,0.0,0,0.0,0.0,N,1.0,0.0
2026-05-07T10:45:04,codecarbon,f1e173d9-97ef-44b5-a4cd-36d39ccf7772,5b0fa12a-3dd7-45bb-9766-cc326314d9f1,1.5048739000048954,1.817932564602647e-06,1.2080298319990354e-06,1.5606436875,0.0,10.0,4.352647816384308e-07,0.0,2.7882713889185755e-06,3.223536170557006e-06,0.0,Tunisia,TUN,,,,Windows-11-10.0.26200-SP0,3.13.3,3.2.6,8,Intel(R) Core(TM) i7-8650U CPU @ 1.90GHz,0,,,,7.87811279296875,machine,0.0,0,0.0,0.0,N,1.0,0.0
2026-05-07T10:45:07,codecarbon,94837acb-efec-476c-a810-faff81b9c1b3,5b0fa12a-3dd7-45bb-9766-cc326314d9f1,1.5040185999823734,1.819439427061115e-06,1.2097187010070475e-06,1.578732,0.0,10.0,4.399858987840897e-07,0.0,2.7862222221705857e-06,3.2262081209546755e-06,0.0,Tunisia,TUN,,,,Windows-11-10.0.26200-SP0,3.13.3,3.2.6,8,Intel(R) Core(TM) i7-8650U CPU @ 1.90GHz,0,,,,7.87811279296875,machine,0.0,0,0.0,0.0,N,1.0,0.0
2026-05-07T10:45:10,codecarbon,d860157b-41c6-4f60-a0c2-3e3e78740f83,5b0fa12a-3dd7-45bb-9766-cc326314d9f1,1.505002299993066,1.81591314236372e-06,1.2065849616124084e-06,1.547409408,0.0,10.0,4.315886887045981e-07,0.0,2.788366666613405e-06,3.219955355318004e-06,0.0,Tunisia,TUN,,,,Windows-11-10.0.26200-SP0,3.13.3,3.2.6,8,Intel(R) Core(TM) i7-8650U CPU @ 1.90GHz,0,,,,7.87811279296875,machine,0.0,0,0.0,0.0,N,1.0,0.0
2026-05-07T10:45:13,codecarbon,f869f232-9822-473f-af1a-deeff78a7d58,5b0fa12a-3dd7-45bb-9766-cc326314d9f1,1.5049607999972068,1.8167388350820555e-06,1.2071668810811734e-06,1.551251616,0.0,10.0,4.327222415408616e-07,0.0,2.7886972221798107e-06,3.2214194637206723e-06,0.0,Tunisia,TUN,,,,Windows-11-10.0.26200-SP0,3.13.3,3.2.6,8,Intel(R) Core(TM) i7-8650U CPU @ 1.90GHz,0,,,,7.87811279296875,machine,0.0,0,0.0,0.0,N,1.0,0.0
2026-05-07T10:45:16,codecarbon,d1387f1a-75e2-404c-921e-0a6e1859c652,5b0fa12a-3dd7-45bb-9766-cc326314d9f1,1.5047746000054758,1.814283454817492e-06,1.2056845289725716e-06,1.5394767945000003,0.0,10.0,4.292964462793212e-07,0.0,2.787769166671852e-06,3.2170656129511734e-06,0.0,Tunisia,TUN,,,,Windows-11-10.0.26200-SP0,3.13.3,3.2.6,8,Intel(R) Core(TM) i7-8650U CPU @ 1.90GHz,0,,,,7.87811279296875,machine,0.0,0,0.0,0.0,N,1.0,0.0
2026-05-07T10:45:19,codecarbon,c793a4bd-8163-40b2-a6db-210a4922d4a9,5b0fa12a-3dd7-45bb-9766-cc326314d9f1,1.5050848000100814,1.81572472216672e-06,1.206393634534451e-06,1.5493055640000004,0.0,10.0,4.320179175203579e-07,0.0,2.787603333369285e-06,3.2196212508896432e-06,0.0,Tunisia,TUN,,,,Windows-11-10.0.26200-SP0,3.13.3,3.2.6,8,Intel(R) Core(TM) i7-8650U CPU @ 1.90GHz,0,,,,7.87811279296875,machine,0.0,0,0.0,0.0,N,1.0,0.0
2026-05-07T10:45:22,codecarbon,a133bf8a-3904-4d53-a021-3b84683e0c11,5b0fa12a-3dd7-45bb-9766-cc326314d9f1,1.5050915000028908,1.814540743936113e-06,1.205601615538077e-06,1.5370440000000003,0.0,10.0,4.287668348493305e-07,0.0,2.788755000074161e-06,3.217521834923492e-06,0.0,Tunisia,TUN,,,,Windows-11-10.0.26200-SP0,3.13.3,3.2.6,8,Intel(R) Core(TM) i7-8650U CPU @ 1.90GHz,0,,,,7.87811279296875,machine,0.0,0,0.0,0.0,N,1.0,0.0
2026-05-07T10:45:25,codecarbon,c2c17931-3b6b-4069-9f42-0ac370adc3ef,5b0fa12a-3dd7-45bb-9766-cc326314d9f1,1.504036900005303,1.815418803170592e-06,1.207030760458198e-06,1.5532482120000002,0.0,10.0,4.328876879379885e-07,0.0,2.786191111065111e-06,3.2190787990031e-06,0.0,Tunisia,TUN,,,,Windows-11-10.0.26200-SP0,3.13.3,3.2.6,8,Intel(R) Core(TM) i7-8650U CPU @ 1.90GHz,0,,,,7.87811279296875,machine,0.0,0,0.0,0.0,N,1.0,0.0
2026-05-07T10:45:27,codecarbon,cf152c50-6156-45b6-acd8-64a2a4bc0389,5b0fa12a-3dd7-45bb-9766-cc326314d9f1,1.5052677000057884,1.817450541630692e-06,1.2073935696778076e-06,1.5552960000000002,0.0,10.0,4.33860619874561e-07,0.0,2.7888208333428742e-06,3.222681453217435e-06,0.0,Tunisia,TUN,,,,Windows-11-10.0.26200-SP0,3.13.3,3.2.6,8,Intel(R) Core(TM) i7-8650U CPU @ 1.90GHz,0,,,,7.87811279296875,machine,0.0,0,0.0,0.0,N,1.0,0.0
2026-05-07T10:45:30,codecarbon,4014764e-3819-4c01-8579-0ccb73d77ed5,5b0fa12a-3dd7-45bb-9766-cc326314d9f1,1.5047780000022613,1.8185698457542083e-06,1.2085303252383243e-06,1.5698991795,0.0,10.0,4.376584120281898e-07,0.0,2.7870077778061385e-06,3.224666189834328e-06,0.0,Tunisia,TUN,,,,Windows-11-10.0.26200-SP0,3.13.3,3.2.6,8,Intel(R) Core(TM) i7-8650U CPU @ 1.90GHz,0,,,,7.87811279296875,machine,0.0,0,0.0,0.0,N,1.0,0.0
2026-05-07T10:45:33,codecarbon,1134d51d-a326-45c0-aeea-54099f83fbe0,5b0fa12a-3dd7-45bb-9766-cc326314d9f1,1.5044864999945275,1.815802342146224e-06,1.206924982146951e-06,1.5563392935,0.0,10.0,4.337172190088632e-07,0.0,2.7860416666953825e-06,3.219758885704246e-06,0.0,Tunisia,TUN,,,,Windows-11-10.0.26200-SP0,3.13.3,3.2.6,8,Intel(R) Core(TM) i7-8650U CPU @ 1.90GHz,0,,,,7.87811279296875,machine,0.0,0,0.0,0.0,N,1.0,0.0
2026-05-07T10:45:36,codecarbon,8eb4a247-28b4-477f-8520-bf12c5fdac15,5b0fa12a-3dd7-45bb-9766-cc326314d9f1,1.5040472999971826,1.8164715696436845e-06,1.207722369932839e-06,1.5628757505000006,0.0,10.0,4.354522185482843e-07,0.0,2.785493333309812e-06,3.220945551858096e-06,0.0,Tunisia,TUN,,,,Windows-11-10.0.26200-SP0,3.13.3,3.2.6,8,Intel(R) Core(TM) i7-8650U CPU @ 1.90GHz,0,,,,7.87811279296875,machine,0.0,0,0.0,0.0,N,1.0,0.0
2026-05-07T10:45:39,codecarbon,573b48e2-5c6e-4cb7-9b29-2ae226dd101d,5b0fa12a-3dd7-45bb-9766-cc326314d9f1,1.503333400003612,1.8145966248299023e-06,1.2070486991279132e-06,1.5532482120000002,0.0,10.0,4.32684255563486e-07,0.0,2.784936666689141e-06,3.217620922252627e-06,0.0,Tunisia,TUN,,,,Windows-11-10.0.26200-SP0,3.13.3,3.2.6,8,Intel(R) Core(TM) i7-8650U CPU @ 1.90GHz,0,,,,7.87811279296875,machine,0.0,0,0.0,0.0,N,1.0,0.0
2026-05-07T10:45:42,codecarbon,93156cad-ace3-4360-bc90-db0836d1ed51,5b0fa12a-3dd7-45bb-9766-cc326314d9f1,1.5046504999918398,1.819099864072596e-06,1.2089849862692112e-06,1.5735989760000002,0.0,10.0,4.386779564024709e-07,0.0,2.78692805554278e-06,3.225606011945251e-06,0.0,Tunisia,TUN,,,,Windows-11-10.0.26200-SP0,3.13.3,3.2.6,8,Intel(R) Core(TM) i7-8650U CPU @ 1.90GHz,0,,,,7.87811279296875,machine,0.0,0,0.0,0.0,N,1.0,0.0
2026-05-07T10:45:45,codecarbon,2ed33733-2c36-4db6-8c5b-12a4852fa6dc,5b0fa12a-3dd7-45bb-9766-cc326314d9f1,1.504356599994935,1.8143989168553693e-06,1.206096291837639e-06,1.5446573115000002,0.0,10.0,4.306231265949618e-07,0.0,2.7866472222538305e-06,3.2172703488487923e-06,0.0,Tunisia,TUN,,,,Windows-11-10.0.26200-SP0,3.13.3,3.2.6,8,Intel(R) Core(TM) i7-8650U CPU @ 1.90GHz,0,,,,7.87811279296875,machine,0.0,0,0.0,0.0,N,1.0,0.0
2026-05-07T10:45:48,codecarbon,629ae088-05ec-4fcd-9975-093d8724fbb2,5b0fa12a-3dd7-45bb-9766-cc326314d9f1,1.5046764999860898,1.8152997654530024e-06,1.2064385703304226e-06,1.5502723125000002,0.0,10.0,4.321327227808018e-07,0.0,2.786734999972396e-06,3.2188677227531976e-06,0.0,Tunisia,TUN,,,,Windows-11-10.0.26200-SP0,3.13.3,3.2.6,8,Intel(R) Core(TM) i7-8650U CPU @ 1.90GHz,0,,,,7.87811279296875,machine,0.0,0,0.0,0.0,N,1.0,0.0
2026-05-07T10:45:51,codecarbon,805a4282-bd09-4851-a9d3-9420f23d5ae0,5b0fa12a-3dd7-45bb-9766-cc326314d9f1,1.5045414000051096,1.817261286094349e-06,1.2078506354748211e-06,1.5584650845,0.0,10.0,4.3457586756386333e-07,0.0,2.787770000011531e-06,3.2223458675753942e-06,0.0,Tunisia,TUN,,,,Windows-11-10.0.26200-SP0,3.13.3,3.2.6,8,Intel(R) Core(TM) i7-8650U CPU @ 1.90GHz,0,,,,7.87811279296875,machine,0.0,0,0.0,0.0,N,1.0,0.0
2026-05-07T10:45:54,codecarbon,c5762d9a-4e76-4feb-8f58-2b9b35c90473,5b0fa12a-3dd7-45bb-9766-cc326314d9f1,1.5038034000026528,1.814738480485643e-06,1.2067657783473834e-06,1.5532482120000002,0.0,10.0,4.327177367079687e-07,0.0,2.785154722288199e-06,3.217872458996168e-06,0.0,Tunisia,TUN,,,,Windows-11-10.0.26200-SP0,3.13.3,3.2.6,8,Intel(R) Core(TM) i7-8650U CPU @ 1.90GHz,0,,,,7.87811279296875,machine,0.0,0,0.0,0.0,N,1.0,0.0
2026-05-07T10:45:57,codecarbon,3eda77da-8df4-46db-807b-b5c690f33aca,5b0fa12a-3dd7-45bb-9766-cc326314d9f1,1.5042248999816366,1.815355628171804e-06,1.206837905817119e-06,1.5552960000000002,0.0,10.0,4.333576112187889e-07,0.0,2.7856091666358728e-06,3.218966777854661e-06,0.0,Tunisia,TUN,,,,Windows-11-10.0.26200-SP0,3.13.3,3.2.6,8,Intel(R) Core(TM) i7-8650U CPU @ 1.90GHz,0,,,,7.87811279296875,machine,0.0,0,0.0,0.0,N,1.0,0.0
2026-05-07T10:46:00,codecarbon,23d3e45d-5fc2-4259-9daa-3d48b15803cc,5b0fa12a-3dd7-45bb-9766-cc326314d9f1,1.5046374000085052,1.8161854372151704e-06,1.2070585492590468e-06,1.551251616,0.0,10.0,4.325956852777205e-07,0.0,2.787842499997674e-06,3.2204381852753946e-06,0.0,Tunisia,TUN,,,,Windows-11-10.0.26200-SP0,3.13.3,3.2.6,8,Intel(R) Core(TM) i7-8650U CPU @ 1.90GHz,0,,,,7.87811279296875,machine,0.0,0,0.0,0.0,N,1.0,0.0
2026-05-07T10:46:03,codecarbon,be2e4269-d4eb-4247-a3bb-66c0b862c119,5b0fa12a-3dd7-45bb-9766-cc326314d9f1,1.5041117999935525,1.8147717156794288e-06,1.206540441799079e-06,1.5522435555,0.0,10.0,4.3248528019088354e-07,0.0,2.785446111051392e-06,3.217931391242276e-06,0.0,Tunisia,TUN,,,,Windows-11-10.0.26200-SP0,3.13.3,3.2.6,8,Intel(R) Core(TM) i7-8650U CPU @ 1.90GHz,0,,,,7.87811279296875,machine,0.0,0,0.0,0.0,N,1.0,0.0
2026-05-07T10:46:05,codecarbon,ef166918-d881-4d9f-85c7-18b2f13ca018,5b0fa12a-3dd7-45bb-9766-cc326314d9f1,1.5036563999892678,1.8137393062330376e-06,1.2062192574353977e-06,1.5493055640000004,0.0,10.0,4.31529068563773e-07,0.0,2.7845716666585456e-06,3.2161007352223184e-06,0.0,Tunisia,TUN,,,,Windows-11-10.0.26200-SP0,3.13.3,3.2.6,8,Intel(R) Core(TM) i7-8650U CPU @ 1.90GHz,0,,,,7.87811279296875,machine,0.0,0,0.0,0.0,N,1.0,0.0
2026-05-07T10:46:08,codecarbon,eacbd755-f054-42c7-bc5a-72262c17c320,5b0fa12a-3dd7-45bb-9766-cc326314d9f1,1.5045028000022285,1.8175713305171549e-06,1.2080877021395129e-06,1.571118324,0.0,10.0,4.37703134588673e-07,0.0,2.78519250003026e-06,3.2228956346189326e-06,0.0,Tunisia,TUN,,,,Windows-11-10.0.26200-SP0,3.13.3,3.2.6,8,Intel(R) Core(TM) i7-8650U CPU @ 1.90GHz,0,,,,7.87811279296875,machine,0.0,0,0.0,0.0,N,1.0,0.0
2026-05-07T10:46:11,codecarbon,3458ebbd-f51e-40bf-bf3e-f078f8d7bfb3,5b0fa12a-3dd7-45bb-9766-cc326314d9f1,1.5046485999773722,1.816702950228021e-06,1.207393507198519e-06,1.559547744,0.0,10.0,4.347063887167333e-07,0.0,2.7866494444121297e-06,3.221355833128863e-06,0.0,Tunisia,TUN,,,,Windows-11-10.0.26200-SP0,3.13.3,3.2.6,8,Intel(R) Core(TM) i7-8650U CPU @ 1.90GHz,0,,,,7.87811279296875,machine,0.0,0,0.0,0.0,N,1.0,0.0
2026-05-07T10:46:14,codecarbon,7956effd-9ad1-4be0-a6c8-7524f5d95c12,5b0fa12a-3dd7-45bb-9766-cc326314d9f1,1.5038213000225369,1.8146635638971964e-06,1.2067015967056732e-06,1.5493055640000004,0.0,10.0,4.3176628447530267e-07,0.0,2.785973333326789e-06,3.217739617802092e-06,0.0,Tunisia,TUN,,,,Windows-11-10.0.26200-SP0,3.13.3,3.2.6,8,Intel(R) Core(TM) i7-8650U CPU @ 1.90GHz,0,,,,7.87811279296875,machine,0.0,0,0.0,0.0,N,1.0,0.0
2026-05-07T11:08:47,codecarbon,8ea3525f-9451-45c6-97c2-fda1c07eeb0e,5b0fa12a-3dd7-45bb-9766-cc326314d9f1,1.5142133999906946,1.8329184622137728e-06,1.2104756583352365e-06,1.5522435555,0.0,10.0,4.367842618300644e-07,0.0,2.813324722228572e-06,3.2501089840586367e-06,0.0,Tunisia,TUN,,,,Windows-11-10.0.26200-SP0,3.13.3,3.2.6,8,Intel(R) Core(TM) i7-8650U CPU @ 1.90GHz,0,,,,7.87811279296875,machine,0.0,0,0.0,0.0,N,1.0,0.0
2026-05-07T11:08:50,codecarbon,5292098d-d6ba-48ac-9e1b-858fd51ace48,5b0fa12a-3dd7-45bb-9766-cc326314d9f1,1.5037490999966394,1.8201650931720176e-06,1.210418076510294e-06,1.5940662585,0.0,10.0,4.438193077837042e-07,0.0,2.78367555559574e-06,3.227494863379444e-06,0.0,Tunisia,TUN,,,,Windows-11-10.0.26200-SP0,3.13.3,3.2.6,8,Intel(R) Core(TM) i7-8650U CPU @ 1.90GHz,0,,,,7.87811279296875,machine,0.0,0,0.0,0.0,N,1.0,0.0
2026-05-07T11:08:53,codecarbon,cf2a5ca0-f595-427a-a3bb-0fb0334769ec,5b0fa12a-3dd7-45bb-9766-cc326314d9f1,1.503621200012276,1.8193553401576685e-06,1.2099825010067792e-06,1.5827345745000003,0.0,10.0,4.408948524254047e-07,0.0,2.7851641666428703e-06,3.226059019068275e-06,0.0,Tunisia,TUN,,,,Windows-11-10.0.26200-SP0,3.13.3,3.2.6,8,Intel(R) Core(TM) i7-8650U CPU @ 1.90GHz,0,,,,7.87811279296875,machine,0.0,0,0.0,0.0,N,1.0,0.0
2026-05-07T11:08:56,codecarbon,63ffc199-cf44-402e-9e44-70b9975b0713,5b0fa12a-3dd7-45bb-9766-cc326314d9f1,1.5045237999875098,1.817822619209233e-06,1.2082378618565715e-06,1.5675028485000002,0.0,10.0,4.368589944969366e-07,0.0,2.786482222210099e-06,3.2233412167070355e-06,0.0,Tunisia,TUN,,,,Windows-11-10.0.26200-SP0,3.13.3,3.2.6,8,Intel(R) Core(TM) i7-8650U CPU @ 1.90GHz,0,,,,7.87811279296875,machine,0.0,0,0.0,0.0,N,1.0,0.0
2026-05-07T11:08:59,codecarbon,80252cd5-4d9c-4bba-b4ef-cc8a194547c0,5b0fa12a-3dd7-45bb-9766-cc326314d9f1,1.5042584000038914,1.8169549745645435e-06,1.207874241925352e-06,1.5663255,0.0,10.0,4.364029974393569e-07,0.0,2.7853997222134943e-06,3.221802719652851e-06,0.0,Tunisia,TUN,,,,Windows-11-10.0.26200-SP0,3.13.3,3.2.6,8,Intel(R) Core(TM) i7-8650U CPU @ 1.90GHz,0,,,,7.87811279296875,machine,0.0,0,0.0,0.0,N,1.0,0.0
2026-05-07T11:09:02,codecarbon,a74b84d9-45d9-4fa8-a3f4-bebb03f7c5d4,5b0fa12a-3dd7-45bb-9766-cc326314d9f1,1.5035671000077857,1.8159688446781053e-06,1.2077737299976189e-06,1.5663255,0.0,10.0,4.361613482180096e-07,0.0,2.7838927777742763e-06,3.2200541259922858e-06,0.0,Tunisia,TUN,,,,Windows-11-10.0.26200-SP0,3.13.3,3.2.6,8,Intel(R) Core(TM) i7-8650U CPU @ 1.90GHz,0,,,,7.87811279296875,machine,0.0,0,0.0,0.0,N,1.0,0.0
2026-05-07T11:09:05,codecarbon,5458bdca-9bd0-4f6d-b654-52328c2345d7,5b0fa12a-3dd7-45bb-9766-cc326314d9f1,1.5040322999993805,1.815446293428952e-06,1.2070527298048712e-06,1.559547744,0.0,10.0,4.344031000117788e-07,0.0,2.784724444386989e-06,3.219127544398768e-06,0.0,Tunisia,TUN,,,,Windows-11-10.0.26200-SP0,3.13.3,3.2.6,8,Intel(R) Core(TM) i7-8650U CPU @ 1.90GHz,0,,,,7.87811279296875,machine,0.0,0,0.0,0.0,N,1.0,0.0
2026-05-07T11:09:08,codecarbon,e67e1a53-cb25-490a-a104-9f538dcf3b81,5b0fa12a-3dd7-45bb-9766-cc326314d9f1,1.5031249999883585,1.8152069647231333e-06,1.2076220971224565e-06,1.5628757505000006,0.0,10.0,4.351478919039849e-07,0.0,2.783555277710548e-06,3.2187031696145327e-06,0.0,Tunisia,TUN,,,,Windows-11-10.0.26200-SP0,3.13.3,3.2.6,8,Intel(R) Core(TM) i7-8650U CPU @ 1.90GHz,0,,,,7.87811279296875,machine,0.0,0,0.0,0.0,N,1.0,0.0
2026-05-07T11:09:11,codecarbon,bfab7059-dffb-4c40-a000-5c6a4c1c644a,5b0fa12a-3dd7-45bb-9766-cc326314d9f1,1.503724999987753,1.81378625851687e-06,1.206195453644544e-06,1.5493055640000004,0.0,10.0,4.315453793199318e-07,0.0,2.784638611127674e-06,3.216183990447606e-06,0.0,Tunisia,TUN,,,,Windows-11-10.0.26200-SP0,3.13.3,3.2.6,8,Intel(R) Core(TM) i7-8650U CPU @ 1.90GHz,0,,,,7.87811279296875,machine,0.0,0,0.0,0.0,N,1.0,0.0
2026-05-07T11:09:14,codecarbon,dfe15b20-8572-462d-9703-933a142287a4,5b0fa12a-3dd7-45bb-9766-cc326314d9f1,1.5033601000031922,1.8182337907558748e-06,1.2094466194440134e-06,1.5748606455,0.0,10.0,4.387608566750381e-07,0.0,2.7853094444758934e-06,3.2240703011509314e-06,0.0,Tunisia,TUN,,,,Windows-11-10.0.26200-SP0,3.13.3,3.2.6,8,Intel(R) Core(TM) i7-8650U CPU @ 1.90GHz,0,,,,7.87811279296875,machine,0.0,0,0.0,0.0,N,1.0,0.0
2026-05-07T11:09:17,codecarbon,0ff79e7b-9414-4b1b-869d-1460c5fd93b4,5b0fa12a-3dd7-45bb-9766-cc326314d9f1,1.503383400005987,1.8199173942108148e-06,1.2105477512945582e-06,1.5925965000000006,0.0,10.0,4.434331465994085e-07,0.0,2.783622499959569e-06,3.2270556465589776e-06,0.0,Tunisia,TUN,,,,Windows-11-10.0.26200-SP0,3.13.3,3.2.6,8,Intel(R) Core(TM) i7-8650U CPU @ 1.90GHz,0,,,,7.87811279296875,machine,0.0,0,0.0,0.0,N,1.0,0.0
2026-05-07T11:09:20,codecarbon,6ae78fe0-441f-40ff-b5f7-aeccd612ef00,5b0fa12a-3dd7-45bb-9766-cc326314d9f1,1.5034568999835756,1.8239819294485205e-06,1.2131920306251857e-06,1.618014516,0.0,10.0,4.505292204752331e-07,0.0,2.7837336111082955e-06,3.2342628315835287e-06,0.0,Tunisia,TUN,,,,Windows-11-10.0.26200-SP0,3.13.3,3.2.6,8,Intel(R) Core(TM) i7-8650U CPU @ 1.90GHz,0,,,,7.87811279296875,machine,0.0,0,0.0,0.0,N,1.0,0.0
2026-05-07T11:09:23,codecarbon,ee7c64a4-b276-499f-af1c-5df1972666c1,5b0fa12a-3dd7-45bb-9766-cc326314d9f1,1.5032074000046125,1.814448293507183e-06,1.2070511983254045e-06,1.5584650845,0.0,10.0,4.339037362154313e-07,0.0,2.78345416671881e-06,3.217357902934241e-06,0.0,Tunisia,TUN,,,,Windows-11-10.0.26200-SP0,3.13.3,3.2.6,8,Intel(R) Core(TM) i7-8650U CPU @ 1.90GHz,0,,,,7.87811279296875,machine,0.0,0,0.0,0.0,N,1.0,0.0
2026-05-07T11:09:26,codecarbon,22958da0-f6aa-4761-a6a1-8419820fa395,5b0fa12a-3dd7-45bb-9766-cc326314d9f1,1.5031768000044394,1.8139638792596e-06,1.2067535098028674e-06,1.5522435555,0.0,10.0,4.322892232066994e-07,0.0,2.784209722206773e-06,3.2164989454134723e-06,0.0,Tunisia,TUN,,,,Windows-11-10.0.26200-SP0,3.13.3,3.2.6,8,Intel(R) Core(TM) i7-8650U CPU @ 1.90GHz,0,,,,7.87811279296875,machine,0.0,0,0.0,0.0,N,1.0,0.0
2026-05-07T11:09:28,codecarbon,b2dcda2a-59ec-4245-9885-a913c1f06134,5b0fa12a-3dd7-45bb-9766-cc326314d9f1,1.5037957000022288,1.817370057633288e-06,1.2085219140010804e-06,1.571118324,0.0,10.0,4.376520732480845e-07,0.0,2.784886666712636e-06,3.2225387399607205e-06,0.0,Tunisia,TUN,,,,Windows-11-10.0.26200-SP0,3.13.3,3.2.6,8,Intel(R) Core(TM) i7-8650U CPU @ 1.90GHz,0,,,,7.87811279296875,machine,0.0,0,0.0,0.0,N,1.0,0.0
2026-05-07T11:09:31,codecarbon,34fc59c4-33ba-4c0e-92df-cdb3ad735fd3,5b0fa12a-3dd7-45bb-9766-cc326314d9f1,1.5734192000236362,1.931686242601524e-06,1.227699676330698e-06,1.5000233280000006,0.0,10.0,4.468886582441163e-07,0.0,2.978354166730747e-06,3.425242824974863e-06,0.0,Tunisia,TUN,,,,Windows-11-10.0.26200-SP0,3.13.3,3.2.6,8,Intel(R) Core(TM) i7-8650U CPU @ 1.90GHz,0,,,,7.87811279296875,machine,0.0,0,0.0,0.0,N,1.0,0.0
2026-05-07T11:09:34,codecarbon,31e432d5-e4b4-4370-84dc-604ef9e8a4ff,5b0fa12a-3dd7-45bb-9766-cc326314d9f1,1.51337390000117,1.8244583481304424e-06,1.2055569004652662e-06,1.500006912,0.0,10.0,4.220484447913361e-07,0.0,2.8130591666720445e-06,3.2351076114633803e-06,0.0,Tunisia,TUN,,,,Windows-11-10.0.26200-SP0,3.13.3,3.2.6,8,Intel(R) Core(TM) i7-8650U CPU @ 1.90GHz,0,,,,7.87811279296875,machine,0.0,0,0.0,0.0,N,1.0,0.0
2026-05-07T11:09:37,codecarbon,fa983b87-85d1-4f91-a523-8201733cccb9,5b0fa12a-3dd7-45bb-9766-cc326314d9f1,1.5130060999945272,1.8237070560050392e-06,1.20535340605146e-06,1.5001866240000004,0.0,10.0,4.219026515746588e-07,0.0,2.8118727777230866e-06,3.233775429297745e-06,0.0,Tunisia,TUN,,,,Windows-11-10.0.26200-SP0,3.13.3,3.2.6,8,Intel(R) Core(TM) i7-8650U CPU @ 1.90GHz,0,,,,7.87811279296875,machine,0.0,0,0.0,0.0,N,1.0,0.0
2026-05-07T11:09:40,codecarbon,37faaf52-3b90-49b5-963e-d0a5e9267de1,5b0fa12a-3dd7-45bb-9766-cc326314d9f1,1.512807499995688,1.8229188804331352e-06,1.2049906418617907e-06,1.500006912,0.0,10.0,4.216792347587265e-07,0.0,2.8106986110894164e-06,3.2323778458481427e-06,0.0,Tunisia,TUN,,,,Windows-11-10.0.26200-SP0,3.13.3,3.2.6,8,Intel(R) Core(TM) i7-8650U CPU @ 1.90GHz,0,,,,7.87811279296875,machine,0.0,0,0.0,0.0,N,1.0,0.0
2026-05-07T11:09:43,codecarbon,5967a362-f720-451b-a625-72820a86fa73,5b0fa12a-3dd7-45bb-9766-cc326314d9f1,1.5126859000010882,1.8229242113239613e-06,1.205091031338793e-06,1.5000008640000002,0.0,10.0,4.216767428948623e-07,0.0,2.810710555624812e-06,3.2323872985196742e-06,0.0,Tunisia,TUN,,,,Windows-11-10.0.26200-SP0,3.13.3,3.2.6,8,Intel(R) Core(TM) i7-8650U CPU @ 1.90GHz,0,,,,7.87811279296875,machine,0.0,0,0.0,0.0,N,1.0,0.0
2026-05-07T11:09:46,codecarbon,f1f25ba7-9966-43f1-9a92-9d1bb4bbf6af,5b0fa12a-3dd7-45bb-9766-cc326314d9f1,1.513282400002936,1.8237848962382848e-06,1.205184766726122e-06,1.5002657205,0.0,10.0,4.219412323856361e-07,0.0,2.811972222277998e-06,3.233913454663634e-06,0.0,Tunisia,TUN,,,,Windows-11-10.0.26200-SP0,3.13.3,3.2.6,8,Intel(R) Core(TM) i7-8650U CPU @ 1.90GHz,0,,,,7.87811279296875,machine,0.0,0,0.0,0.0,N,1.0,0.0
2026-05-07T11:09:49,codecarbon,7546060d-86e3-47ad-9c0b-29126ebc5f17,5b0fa12a-3dd7-45bb-9766-cc326314d9f1,1.514077299972996,1.825129268157488e-06,1.2054399522336405e-06,1.500006912,0.0,10.0,4.222031121600085e-07,0.0,2.814094166630336e-06,3.2362972787903448e-06,0.0,Tunisia,TUN,,,,Windows-11-10.0.26200-SP0,3.13.3,3.2.6,8,Intel(R) Core(TM) i7-8650U CPU @ 1.90GHz,0,,,,7.87811279296875,machine,0.0,0,0.0,0.0,N,1.0,0.0
2026-05-07T11:09:52,codecarbon,6be53d6b-b273-4488-a622-e3a44dc01555,5b0fa12a-3dd7-45bb-9766-cc326314d9f1,1.5126498000172433,1.8230292011011297e-06,1.205189199165827e-06,1.5000008640000002,0.0,10.0,4.21701242901504e-07,0.0,2.8108722222289846e-06,3.2325734651304884e-06,0.0,Tunisia,TUN,,,,Windows-11-10.0.26200-SP0,3.13.3,3.2.6,8,Intel(R) Core(TM) i7-8650U CPU @ 1.90GHz,0,,,,7.87811279296875,machine,0.0,0,0.0,0.0,N,1.0,0.0
2026-05-07T11:09:55,codecarbon,e2e2a382-8a05-45f8-95fc-3abe13c19443,5b0fa12a-3dd7-45bb-9766-cc326314d9f1,1.5129291000193916,1.8227979308363329e-06,1.2048138480600112e-06,1.5001642545000002,0.0,10.0,4.2168837942281593e-07,0.0,2.810475000054187e-06,3.232163379477003e-06,0.0,Tunisia,TUN,,,,Windows-11-10.0.26200-SP0,3.13.3,3.2.6,8,Intel(R) Core(TM) i7-8650U CPU @ 1.90GHz,0,,,,7.87811279296875,machine,0.0,0,0.0,0.0,N,1.0,0.0
2026-05-07T11:09:58,codecarbon,4b4c5099-9771-4a59-9871-285cc9791fd1,5b0fa12a-3dd7-45bb-9766-cc326314d9f1,1.5130316999857314,1.8234652003345087e-06,1.205173163491357e-06,1.5000233280000006,0.0,10.0,4.218076848512495e-07,0.0,2.811538888878809e-06,3.233346573730059e-06,0.0,Tunisia,TUN,,,,Windows-11-10.0.26200-SP0,3.13.3,3.2.6,8,Intel(R) Core(TM) i7-8650U CPU @ 1.90GHz,0,,,,7.87811279296875,machine,0.0,0,0.0,0.0,N,1.0,0.0
2026-05-07T11:10:01,codecarbon,28bbc437-3564-4d10-a04e-184be2920bff,5b0fa12a-3dd7-45bb-9766-cc326314d9f1,1.5142275000107477,1.82568950516806e-06,1.2056903636706515e-06,1.500108,0.0,10.0,4.223437398889295e-07,0.0,2.8149469444340662e-06,3.237290684322996e-06,0.0,Tunisia,TUN,,,,Windows-11-10.0.26200-SP0,3.13.3,3.2.6,8,Intel(R) Core(TM) i7-8650U CPU @ 1.90GHz,0,,,,7.87811279296875,machine,0.0,0,0.0,0.0,N,1.0,0.0
2026-05-07T11:10:04,codecarbon,ddfbb2a8-e737-4d6d-a40d-635dc92c5c2b,5b0fa12a-3dd7-45bb-9766-cc326314d9f1,1.513392599998042,1.8245858704981744e-06,1.20562626677343e-06,1.5014016105,0.0,10.0,4.224051215004199e-07,0.0,2.8129286110925027e-06,3.2353337325929224e-06,0.0,Tunisia,TUN,,,,Windows-11-10.0.26200-SP0,3.13.3,3.2.6,8,Intel(R) Core(TM) i7-8650U CPU @ 1.90GHz,0,,,,7.87811279296875,machine,0.0,0,0.0,0.0,N,1.0,0.0
2026-05-07T11:10:07,codecarbon,58ae97a0-960d-43dc-8a9e-fcee5ea6fc7d,5b0fa12a-3dd7-45bb-9766-cc326314d9f1,1.5127318000013474,1.823211859426604e-06,1.2052446173373096e-06,1.500055296,0.0,10.0,4.217576304327583e-07,0.0,2.811139722244762e-06,3.23289735267752e-06,0.0,Tunisia,TUN,,,,Windows-11-10.0.26200-SP0,3.13.3,3.2.6,8,Intel(R) Core(TM) i7-8650U CPU @ 1.90GHz,0,,,,7.87811279296875,machine,0.0,0,0.0,0.0,N,1.0,0.0
2026-05-07T11:10:10,codecarbon,c728026f-970e-4096-b861-f79c2e6e44b2,5b0fa12a-3dd7-45bb-9766-cc326314d9f1,1.5131908000039402,1.8239929310967683e-06,1.2053952027014827e-06,1.5000233280000006,0.0,10.0,4.219295617530447e-07,0.0,2.8123527778209084e-06,3.234282339573953e-06,0.0,Tunisia,TUN,,,,Windows-11-10.0.26200-SP0,3.13.3,3.2.6,8,Intel(R) Core(TM) i7-8650U CPU @ 1.90GHz,0,,,,7.87811279296875,machine,0.0,0,0.0,0.0,N,1.0,0.0
2026-05-07T11:10:13,codecarbon,d5b9aef5-e7b4-4a69-b60e-812970f11f31,5b0fa12a-3dd7-45bb-9766-cc326314d9f1,1.5163332000083756,1.8288571412246209e-06,1.20610505739406e-06,1.500055296,0.0,10.0,4.2307722073770193e-07,0.0,2.819830277763281e-06,3.242907498500984e-06,0.0,Tunisia,TUN,,,,Windows-11-10.0.26200-SP0,3.13.3,3.2.6,8,Intel(R) Core(TM) i7-8650U CPU @ 1.90GHz,0,,,,7.87811279296875,machine,0.0,0,0.0,0.0,N,1.0,0.0
2026-05-07T11:10:15,codecarbon,bb9915db-ac05-4ad1-bae2-0b78b3174313,5b0fa12a-3dd7-45bb-9766-cc326314d9f1,1.518457500002114,1.8469432586759093e-06,1.2163285825736565e-06,1.5882792405,0.0,10.0,4.489750845425811e-07,0.0,2.8260025000135003e-06,3.2749775845560814e-06,0.0,Tunisia,TUN,,,,Windows-11-10.0.26200-SP0,3.13.3,3.2.6,8,Intel(R) Core(TM) i7-8650U CPU @ 1.90GHz,0,,,,7.87811279296875,machine,0.0,0,0.0,0.0,N,1.0,0.0
2026-05-07T11:10:18,codecarbon,05595f0c-de0c-429a-8c56-ace7d2148a4b,5b0fa12a-3dd7-45bb-9766-cc326314d9f1,1.5038950000016484,1.8170771859217663e-06,1.2082473749296155e-06,1.5686940480000002,0.0,10.0,4.369905344764085e-07,0.0,2.7850288888859924e-06,3.222019423362401e-06,0.0,Tunisia,TUN,,,,Windows-11-10.0.26200-SP0,3.13.3,3.2.6,8,Intel(R) Core(TM) i7-8650U CPU @ 1.90GHz,0,,,,7.87811279296875,machine,0.0,0,0.0,0.0,N,1.0,0.0
2026-05-07T11:10:21,codecarbon,50b668ee-4f36-4c19-a46e-432f5da9be65,5b0fa12a-3dd7-45bb-9766-cc326314d9f1,1.503736899991054,1.8325933655179829e-06,1.2186928215493582e-06,1.6642545,0.0,10.0,4.637439154332343e-07,0.0,2.785788611072349e-06,3.249532526505583e-06,0.0,Tunisia,TUN,,,,Windows-11-10.0.26200-SP0,3.13.3,3.2.6,8,Intel(R) Core(TM) i7-8650U CPU @ 1.90GHz,0,,,,7.87811279296875,machine,0.0,0,0.0,0.0,N,1.0,0.0
2026-05-07T11:10:24,codecarbon,8dd38608-7d0e-4d61-baa3-a078080bb169,5b0fa12a-3dd7-45bb-9766-cc326314d9f1,1.503477799997199,1.8152632153144653e-06,1.2073761350635489e-06,1.5628757505000006,0.0,10.0,4.35161523656306e-07,0.0,2.7836413888306e-06,3.218802912486906e-06,0.0,Tunisia,TUN,,,,Windows-11-10.0.26200-SP0,3.13.3,3.2.6,8,Intel(R) Core(TM) i7-8650U CPU @ 1.90GHz,0,,,,7.87811279296875,machine,0.0,0,0.0,0.0,N,1.0,0.0
2026-05-07T11:10:27,codecarbon,9657c045-b8be-40bd-aa29-2af57ed426ea,5b0fa12a-3dd7-45bb-9766-cc326314d9f1,1.5033985000045504,1.81689984641446e-06,1.2085284416666373e-06,1.571118324,0.0,10.0,4.375466337490029e-07,0.0,2.7841583333308035e-06,3.2217049670798065e-06,0.0,Tunisia,TUN,,,,Windows-11-10.0.26200-SP0,3.13.3,3.2.6,8,Intel(R) Core(TM) i7-8650U CPU @ 1.90GHz,0,,,,7.87811279296875,machine,0.0,0,0.0,0.0,N,1.0,0.0
2026-05-07T11:10:30,codecarbon,f86fe1f3-0d24-4f29-938d-432a59bf31d7,5b0fa12a-3dd7-45bb-9766-cc326314d9f1,1.5031070999975782,1.8155797447534591e-06,1.2078844845828912e-06,1.5651619215000006,0.0,10.0,4.357875120825791e-07,0.0,2.7835766666006143e-06,3.2193641786831934e-06,0.0,Tunisia,TUN,,,,Windows-11-10.0.26200-SP0,3.13.3,3.2.6,8,Intel(R) Core(TM) i7-8650U CPU @ 1.90GHz,0,,,,7.87811279296875,machine,0.0,0,0.0,0.0,N,1.0,0.0
2026-05-07T11:10:33,codecarbon,c81e2535-a9de-46b4-a05d-8e240b38e845,5b0fa12a-3dd7-45bb-9766-cc326314d9f1,1.5032838999759406,1.816458268920724e-06,1.2083268296492734e-06,1.5698991795,0.0,10.0,4.371455782875993e-07,0.0,2.783776388888428e-06,3.220921967176027e-06,0.0,Tunisia,TUN,,,,Windows-11-10.0.26200-SP0,3.13.3,3.2.6,8,Intel(R) Core(TM) i7-8650U CPU @ 1.90GHz,0,,,,7.87811279296875,machine,0.0,0,0.0,0.0,N,1.0,0.0
2026-05-07T11:10:36,codecarbon,98070b27-7000-4919-b8e2-b4a576852197,5b0fa12a-3dd7-45bb-9766-cc326314d9f1,1.503465399990091,1.818350196215116e-06,1.2094393367663134e-06,1.578732,0.0,10.0,4.3972032098584827e-07,0.0,2.784556388926123e-06,3.2242767099119715e-06,0.0,Tunisia,TUN,,,,Windows-11-10.0.26200-SP0,3.13.3,3.2.6,8,Intel(R) Core(TM) i7-8650U CPU @ 1.90GHz,0,,,,7.87811279296875,machine,0.0,0,0.0,0.0,N,1.0,0.0
2026-05-07T11:10:39,codecarbon,03b7f500-4910-404f-85a4-1949a669a248,5b0fa12a-3dd7-45bb-9766-cc326314d9f1,1.503580000018701,1.8159738184803608e-06,1.2077666758388477e-06,1.5675028485000002,0.0,10.0,4.36446001036101e-07,0.0,2.7836169444425548e-06,3.220062945478656e-06,0.0,Tunisia,TUN,,,,Windows-11-10.0.26200-SP0,3.13.3,3.2.6,8,Intel(R) Core(TM) i7-8650U CPU @ 1.90GHz,0,,,,7.87811279296875,machine,0.0,0,0.0,0.0,N,1.0,0.0
2026-05-07T11:10:42,codecarbon,9b3587a4-15d3-497d-921b-7bf3a6fb58b2,5b0fa12a-3dd7-45bb-9766-cc326314d9f1,1.5038217999972403,1.8165987143825403e-06,1.207988017187857e-06,1.5651619215000006,0.0,10.0,4.360335033649719e-07,0.0,2.7851375000156827e-06,3.221171003380654e-06,0.0,Tunisia,TUN,,,,Windows-11-10.0.26200-SP0,3.13.3,3.2.6,8,Intel(R) Core(TM) i7-8650U CPU @ 1.90GHz,0,,,,7.87811279296875,machine,0.0,0,0.0,0.0,N,1.0,0.0
2026-05-07T11:10:45,codecarbon,a2bb0007-29ac-48c6-b48a-e6204c16fca5,5b0fa12a-3dd7-45bb-9766-cc326314d9f1,1.5036012000055052,1.8134948085415343e-06,1.206100931905943e-06,1.5464798385,0.0,10.0,4.307885836782164e-07,0.0,2.784878611176585e-06,3.2156671948548017e-06,0.0,Tunisia,TUN,,,,Windows-11-10.0.26200-SP0,3.13.3,3.2.6,8,Intel(R) Core(TM) i7-8650U CPU @ 1.90GHz,0,,,,7.87811279296875,machine,0.0,0,0.0,0.0,N,1.0,0.0
2026-05-07T11:10:48,codecarbon,714f9481-02d3-4258-80e7-68847b433b36,5b0fa12a-3dd7-45bb-9766-cc326314d9f1,1.5036181999894325,1.853392253425948e-06,1.2326215880061664e-06,1.802747868,0.0,10.0,5.020761978770916e-07,0.0,2.7843366666477074e-06,3.2864128645247992e-06,0.0,Tunisia,TUN,,,,Windows-11-10.0.26200-SP0,3.13.3,3.2.6,8,Intel(R) Core(TM) i7-8650U CPU @ 1.90GHz,0,,,,7.87811279296875,machine,0.0,0,0.0,0.0,N,1.0,0.0
2026-05-07T11:10:51,codecarbon,907a2916-5d54-4ee2-a5a6-9d9d34b28653,5b0fa12a-3dd7-45bb-9766-cc326314d9f1,1.5036314000026323,1.8180659670209352e-06,1.2091167868785876e-06,1.581385668,0.0,10.0,4.402904958760482e-07,0.0,2.783482222245463e-06,3.2237727181215114e-06,0.0,Tunisia,TUN,,,,Windows-11-10.0.26200-SP0,3.13.3,3.2.6,8,Intel(R) Core(TM) i7-8650U CPU @ 1.90GHz,0,,,,7.87811279296875,machine,0.0,0,0.0,0.0,N,1.0,0.0
2026-05-07T11:10:54,codecarbon,f914f2eb-432b-438f-8a68-e329108c2233,5b0fa12a-3dd7-45bb-9766-cc326314d9f1,1.5035894000029657,1.8141460109882e-06,1.2065434958404347e-06,1.5552960000000002,0.0,10.0,4.330746769630522e-07,0.0,2.7837472222422045e-06,3.2168218992052566e-06,0.0,Tunisia,TUN,,,,Windows-11-10.0.26200-SP0,3.13.3,3.2.6,8,Intel(R) Core(TM) i7-8650U CPU @ 1.90GHz,0,,,,7.87811279296875,machine,0.0,0,0.0,0.0,N,1.0,0.0
2026-05-07T11:10:56,codecarbon,ecd46321-0d0d-45ba-96b2-0df7be553cc1,5b0fa12a-3dd7-45bb-9766-cc326314d9f1,1.5037823999882676,1.818481121190852e-06,1.2092714485852735e-06,1.5800515035,0.0,10.0,4.40069975665263e-07,0.0,2.7844388888398603e-06,3.224508864505123e-06,0.0,Tunisia,TUN,,,,Windows-11-10.0.26200-SP0,3.13.3,3.2.6,8,Intel(R) Core(TM) i7-8650U CPU @ 1.90GHz,0,,,,7.87811279296875,machine,0.0,0,0.0,0.0,N,1.0,0.0
2026-05-07T11:10:59,codecarbon,1142804d-eb9d-4050-b88b-eceefcfdb4c3,5b0fa12a-3dd7-45bb-9766-cc326314d9f1,1.5031750000198372,1.8054444942848493e-06,1.20108736125935e-06,1.5001866240000004,0.0,10.0,4.176869188043895e-07,0.0,2.783705555581643e-06,3.2013924743860327e-06,0.0,Tunisia,TUN,,,,Windows-11-10.0.26200-SP0,3.13.3,3.2.6,8,Intel(R) Core(TM) i7-8650U CPU @ 1.90GHz,0,,,,7.87811279296875,machine,0.0,0,0.0,0.0,N,1.0,0.0
2026-05-07T11:11:02,codecarbon,ae41bdb1-5835-495a-976b-bfcf66aa69a0,5b0fa12a-3dd7-45bb-9766-cc326314d9f1,1.5036464000004344,1.806462939563201e-06,1.2013881319189665e-06,1.502370816,0.0,10.0,4.184805915606795e-07,0.0,2.7847177777504032e-06,3.2031983693110826e-06,0.0,Tunisia,TUN,,,,Windows-11-10.0.26200-SP0,3.13.3,3.2.6,8,Intel(R) Core(TM) i7-8650U CPU @ 1.90GHz,0,,,,7.87811279296875,machine,0.0,0,0.0,0.0,N,1.0,0.0
2026-05-07T11:11:05,codecarbon,2353da6e-8d68-4416-83f7-9bee57e6ccb9,5b0fa12a-3dd7-45bb-9766-cc326314d9f1,1.5031480999896305,1.805391370750032e-06,1.20107351415505e-06,1.5008640000000002,0.0,10.0,4.178693875432822e-07,0.0,2.783428888829399e-06,3.201298276372681e-06,0.0,Tunisia,TUN,,,,Windows-11-10.0.26200-SP0,3.13.3,3.2.6,8,Intel(R) Core(TM) i7-8650U CPU @ 1.90GHz,0,,,,7.87811279296875,machine,0.0,0,0.0,0.0,N,1.0,0.0
2026-05-07T11:11:08,codecarbon,193edaf4-3a55-4b00-b984-d1bc7769de24,5b0fa12a-3dd7-45bb-9766-cc326314d9f1,1.502782900002785,1.8050804035772627e-06,1.2011584664517529e-06,1.5000925965000007,0.0,10.0,4.1757798424926994e-07,0.0,2.78316888887073e-06,3.20074687312e-06,0.0,Tunisia,TUN,,,,Windows-11-10.0.26200-SP0,3.13.3,3.2.6,8,Intel(R) Core(TM) i7-8650U CPU @ 1.90GHz,0,,,,7.87811279296875,machine,0.0,0,0.0,0.0,N,1.0,0.0
2026-05-07T11:11:11,codecarbon,f31dc32c-def4-4105-8e14-800faf92e1d3,5b0fa12a-3dd7-45bb-9766-cc326314d9f1,1.5029533000197262,1.8083862501566145e-06,1.2032218500287928e-06,1.5174828915,0.0,10.0,4.225548716360921e-07,0.0,2.784053888899507e-06,3.2066087605355988e-06,0.0,Tunisia,TUN,,,,Windows-11-10.0.26200-SP0,3.13.3,3.2.6,8,Intel(R) Core(TM) i7-8650U CPU @ 1.90GHz,0,,,,7.87811279296875,machine,0.0,0,0.0,0.0,N,1.0,0.0
2026-05-07T11:11:14,codecarbon,061fec21-cc22-4c28-82d5-5ccc1b1896d5,5b0fa12a-3dd7-45bb-9766-cc326314d9f1,1.50351939999382,1.8057867966365536e-06,1.201039904535968e-06,1.5000233280000006,0.0,10.0,4.177258297042489e-07,0.0,2.784273611097079e-06,3.201999440801328e-06,0.0,Tunisia,TUN,,,,Windows-11-10.0.26200-SP0,3.13.3,3.2.6,8,Intel(R) Core(TM) i7-8650U CPU @ 1.90GHz,0,,,,7.87811279296875,machine,0.0,0,0.0,0.0,N,1.0,0.0
2026-05-07T11:11:17,codecarbon,6bde5969-ddc8-4a27-aba5-cb7160b9d435,5b0fa12a-3dd7-45bb-9766-cc326314d9f1,1.503501099999994,1.8057733321466864e-06,1.201045567673142e-06,1.5000233280000006,0.0,10.0,4.177186212645569e-07,0.0,2.7842569444651925e-06,3.201975565729749e-06,0.0,Tunisia,TUN,,,,Windows-11-10.0.26200-SP0,3.13.3,3.2.6,8,Intel(R) Core(TM) i7-8650U CPU @ 1.90GHz,0,,,,7.87811279296875,machine,0.0,0,0.0,0.0,N,1.0,0.0
2026-05-07T11:11:20,codecarbon,e66816bf-ce56-4beb-b648-08e5f11c3d2c,5b0fa12a-3dd7-45bb-9766-cc326314d9f1,1.5029589000041597,1.8053922642461573e-06,1.2012253057892408e-06,1.500108,0.0,10.0,4.176548606592194e-07,0.0,2.783645000050052e-06,3.2012998607092707e-06,0.0,Tunisia,TUN,,,,Windows-11-10.0.26200-SP0,3.13.3,3.2.6,8,Intel(R) Core(TM) i7-8650U CPU @ 1.90GHz,0,,,,7.87811279296875,machine,0.0,0,0.0,0.0,N,1.0,0.0
2026-05-07T11:11:23,codecarbon,0a9acdbb-dec5-400f-882e-7e284debd830,5b0fa12a-3dd7-45bb-9766-cc326314d9f1,1.5037465000059456,1.8058494898320208e-06,1.2009002114551094e-06,1.500055296,0.0,10.0,4.17747274266169e-07,0.0,2.784363333355739e-06,3.202110607621908e-06,0.0,Tunisia,TUN,,,,Windows-11-10.0.26200-SP0,3.13.3,3.2.6,8,Intel(R) Core(TM) i7-8650U CPU @ 1.90GHz,0,,,,7.87811279296875,machine,0.0,0,0.0,0.0,N,1.0,0.0
2026-05-07T11:11:26,codecarbon,87e02b47-937d-41ab-9936-38d218f18a96,5b0fa12a-3dd7-45bb-9766-cc326314d9f1,1.5029387999966275,1.804930751021262e-06,1.200934296875769e-06,1.5001642545000002,0.0,10.0,4.175623443193869e-07,0.0,2.782919166687256e-06,3.200481511006642e-06,0.0,Tunisia,TUN,,,,Windows-11-10.0.26200-SP0,3.13.3,3.2.6,8,Intel(R) Core(TM) i7-8650U CPU @ 1.90GHz,0,,,,7.87811279296875,machine,0.0,0,0.0,0.0,N,1.0,0.0
2026-05-07T11:11:29,codecarbon,139958e7-a04d-4fda-ae99-1eb01439a683,5b0fa12a-3dd7-45bb-9766-cc326314d9f1,1.5027208999963475,1.8050567060285848e-06,1.2011922546848002e-06,1.5002963520000006,0.0,10.0,4.1761874180215533e-07,0.0,2.783086111109393e-06,3.2007048529115484e-06,0.0,Tunisia,TUN,,,,Windows-11-10.0.26200-SP0,3.13.3,3.2.6,8,Intel(R) Core(TM) i7-8650U CPU @ 1.90GHz,0,,,,7.87811279296875,machine,0.0,0,0.0,0.0,N,1.0,0.0
2026-05-07T11:11:32,codecarbon,905d3531-0b7b-4310-ba0c-a9027b3c5773,5b0fa12a-3dd7-45bb-9766-cc326314d9f1,1.5035854000016116,1.8058042083857512e-06,1.20099876494133e-06,1.5004021785,0.0,10.0,4.178208706788223e-07,0.0,2.78420944442688e-06,3.202030315105702e-06,0.0,Tunisia,TUN,,,,Windows-11-10.0.26200-SP0,3.13.3,3.2.6,8,Intel(R) Core(TM) i7-8650U CPU @ 1.90GHz,0,,,,7.87811279296875,machine,0.0,0,0.0,0.0,N,1.0,0.0
2026-05-07T11:11:35,codecarbon,0323f2df-1d68-4946-98e7-961cd843715c,5b0fa12a-3dd7-45bb-9766-cc326314d9f1,1.5036795000196437,1.805780718219719e-06,1.2009079848439304e-06,1.500055296,0.0,10.0,4.1773227372025785e-07,0.0,2.784256388905406e-06,3.201988662625664e-06,0.0,Tunisia,TUN,,,,Windows-11-10.0.26200-SP0,3.13.3,3.2.6,8,Intel(R) Core(TM) i7-8650U CPU @ 1.90GHz,0,,,,7.87811279296875,machine,0.0,0,0.0,0.0,N,1.0,0.0
2026-05-07T11:11:38,codecarbon,58ed15ca-0c5f-4a51-96b7-12663975139b,5b0fa12a-3dd7-45bb-9766-cc326314d9f1,1.5037027999933343,1.8065469248954008e-06,1.2013989233134431e-06,1.5000233280000006,0.0,10.0,4.179197910514719e-07,0.0,2.7854275000410983e-06,3.20334729109257e-06,0.0,Tunisia,TUN,,,,Windows-11-10.0.26200-SP0,3.13.3,3.2.6,8,Intel(R) Core(TM) i7-8650U CPU @ 1.90GHz,0,,,,7.87811279296875,machine,0.0,0,0.0,0.0,N,1.0,0.0
2026-05-07T11:11:40,codecarbon,ba540c6c-63b7-4123-9e68-96bfaf9f777e,5b0fa12a-3dd7-45bb-9766-cc326314d9f1,1.503766000008909,1.8068134597463184e-06,1.2015256760264658e-06,1.5000008640000002,0.0,10.0,4.1795240740938294e-07,0.0,2.7858675000768726e-06,3.2038199074862554e-06,0.0,Tunisia,TUN,,,,Windows-11-10.0.26200-SP0,3.13.3,3.2.6,8,Intel(R) Core(TM) i7-8650U CPU @ 1.90GHz,0,,,,7.87811279296875,machine,0.0,0,0.0,0.0,N,1.0,0.0
2026-05-07T11:11:43,codecarbon,85d96d93-33dd-4363-abd0-399636f796e3,5b0fa12a-3dd7-45bb-9766-cc326314d9f1,1.5031813000096008,1.81393336819561e-06,1.20672959953934e-06,1.5522435555,0.0,10.0,4.323109546188137e-07,0.0,2.7841338889427585e-06,3.216444843561572e-06,0.0,Tunisia,TUN,,,,Windows-11-10.0.26200-SP0,3.13.3,3.2.6,8,Intel(R) Core(TM) i7-8650U CPU @ 1.90GHz,0,,,,7.87811279296875,machine,0.0,0,0.0,0.0,N,1.0,0.0
2026-05-07T11:11:46,codecarbon,a56d926b-1809-4c50-b44d-0c9a46f27148,5b0fa12a-3dd7-45bb-9766-cc326314d9f1,1.5034661999961827,1.8168310437433508e-06,1.2084282598092088e-06,1.5675028485000002,0.0,10.0,4.3665130035939204e-07,0.0,2.784931666651068e-06,3.2215829670104595e-06,0.0,Tunisia,TUN,,,,Windows-11-10.0.26200-SP0,3.13.3,3.2.6,8,Intel(R) Core(TM) i7-8650U CPU @ 1.90GHz,0,,,,7.87811279296875,machine,0.0,0,0.0,0.0,N,1.0,0.0
2026-05-07T11:11:49,codecarbon,f190d46f-580e-4671-bd4a-d3c7c97cdfaa,5b0fa12a-3dd7-45bb-9766-cc326314d9f1,1.503162600012729,1.8181770910360635e-06,1.2095678079142385e-06,1.581385668,0.0,10.0,4.403169840831287e-07,0.0,2.783652777806209e-06,3.223969761889338e-06,0.0,Tunisia,TUN,,,,Windows-11-10.0.26200-SP0,3.13.3,3.2.6,8,Intel(R) Core(TM) i7-8650U CPU @ 1.90GHz,0,,,,7.87811279296875,machine,0.0,0,0.0,0.0,N,1.0,0.0
2026-05-07T11:11:52,codecarbon,b00f0aeb-8c5b-48a1-a37e-8ebd5baac161,5b0fa12a-3dd7-45bb-9766-cc326314d9f1,1.504092999995919,1.816485812036869e-06,1.2076951438786018e-06,1.561752996,0.0,10.0,4.351810841065661e-07,0.0,2.78578972219192e-06,3.2209708062984863e-06,0.0,Tunisia,TUN,,,,Windows-11-10.0.26200-SP0,3.13.3,3.2.6,8,Intel(R) Core(TM) i7-8650U CPU @ 1.90GHz,0,,,,7.87811279296875,machine,0.0,0,0.0,0.0,N,1.0,0.0
2026-05-07T11:11:55,codecarbon,be27deba-d050-4c1d-8073-8b704ecbeb0f,5b0fa12a-3dd7-45bb-9766-cc326314d9f1,1.5043889000080526,1.8267718796294088e-06,1.214294973606646e-06,1.6268180685000002,0.0,10.0,4.533279932372433e-07,0.0,2.785881944469616e-06,3.239209937706859e-06,0.0,Tunisia,TUN,,,,Windows-11-10.0.26200-SP0,3.13.3,3.2.6,8,Intel(R) Core(TM) i7-8650U CPU @ 1.90GHz,0,,,,7.87811279296875,machine,0.0,0,0.0,0.0,N,1.0,0.0
2026-05-07T11:11:58,codecarbon,ca3f7149-de41-4387-8fcc-c3fad7df91e8,5b0fa12a-3dd7-45bb-9766-cc326314d9f1,1.5037161999789532,1.8187541017046447e-06,1.2095062231357894e-06,1.578732,0.0,10.0,4.398159658336388e-07,0.0,2.7851769444371006e-06,3.224992910270739e-06,0.0,Tunisia,TUN,,,,Windows-11-10.0.26200-SP0,3.13.3,3.2.6,8,Intel(R) Core(TM) i7-8650U CPU @ 1.90GHz,0,,,,7.87811279296875,machine,0.0,0,0.0,0.0,N,1.0,0.0
2026-05-07T11:12:01,codecarbon,20a646fa-2816-45ad-b435-19c47215f670,5b0fa12a-3dd7-45bb-9766-cc326314d9f1,1.5039982000016607,1.818026931090058e-06,1.208795948750504e-06,1.5723515625000002,0.0,10.0,4.381071111556361e-07,0.0,2.7855963889224867e-06,3.223703500078123e-06,0.0,Tunisia,TUN,,,,Windows-11-10.0.26200-SP0,3.13.3,3.2.6,8,Intel(R) Core(TM) i7-8650U CPU @ 1.90GHz,0,,,,7.87811279296875,machine,0.0,0,0.0,0.0,N,1.0,0.0
2026-05-07T11:12:04,codecarbon,50073b5b-b335-43ec-a742-20dac5a321b1,5b0fa12a-3dd7-45bb-9766-cc326314d9f1,1.5032645999745,1.8183374970023264e-06,1.209592441033449e-06,1.581385668,0.0,10.0,4.403550251895392e-07,0.0,2.783899166630969e-06,3.2242541918205083e-06,0.0,Tunisia,TUN,,,,Windows-11-10.0.26200-SP0,3.13.3,3.2.6,8,Intel(R) Core(TM) i7-8650U CPU @ 1.90GHz,0,,,,7.87811279296875,machine,0.0,0,0.0,0.0,N,1.0,0.0
2026-05-07T11:12:07,codecarbon,566c1e95-1c25-424d-bedf-d5f18c03a332,5b0fa12a-3dd7-45bb-9766-cc326314d9f1,1.5031782999867571,1.816744797180966e-06,1.2086023309390317e-06,1.571118324,0.0,10.0,4.37500591246026e-07,0.0,2.7839294443967653e-06,3.221430035642792e-06,0.0,Tunisia,TUN,,,,Windows-11-10.0.26200-SP0,3.13.3,3.2.6,8,Intel(R) Core(TM) i7-8650U CPU @ 1.90GHz,0,,,,7.87811279296875,machine,0.0,0,0.0,0.0,N,1.0,0.0
2026-05-07T11:12:10,codecarbon,35635a61-282f-4548-a9e5-9c06b3b9aab4,5b0fa12a-3dd7-45bb-9766-cc326314d9f1,1.5029500999953598,1.8140415689331264e-06,1.2069872239528955e-06,1.5563392935,0.0,10.0,4.3329475935816454e-07,0.0,2.7833419444505125e-06,3.216636703808677e-06,0.0,Tunisia,TUN,,,,Windows-11-10.0.26200-SP0,3.13.3,3.2.6,8,Intel(R) Core(TM) i7-8650U CPU @ 1.90GHz,0,,,,7.87811279296875,machine,0.0,0,0.0,0.0,N,1.0,0.0
2026-05-07T11:12:13,codecarbon,e1d076df-3278-4a91-b763-067dba28e303,5b0fa12a-3dd7-45bb-9766-cc326314d9f1,1.503687099990202,1.8171805849010296e-06,1.2084831910261586e-06,1.5686940480000002,0.0,10.0,4.370288803312147e-07,0.0,2.7851738888582783e-06,3.222202769189493e-06,0.0,Tunisia,TUN,,,,Windows-11-10.0.26200-SP0,3.13.3,3.2.6,8,Intel(R) Core(TM) i7-8650U CPU @ 1.90GHz,0,,,,7.87811279296875,machine,0.0,0,0.0,0.0,N,1.0,0.0
2026-05-07T11:12:16,codecarbon,6e1ff72e-bcde-4725-ac3c-4c9ed8abd223,5b0fa12a-3dd7-45bb-9766-cc326314d9f1,1.503338500013342,1.814954066639497e-06,1.207282369621605e-06,1.5584650845,0.0,10.0,4.340247337145533e-07,0.0,2.7842300000581115e-06,3.218254733772665e-06,0.0,Tunisia,TUN,,,,Windows-11-10.0.26200-SP0,3.13.3,3.2.6,8,Intel(R) Core(TM) i7-8650U CPU @ 1.90GHz,0,,,,7.87811279296875,machine,0.0,0,0.0,0.0,N,1.0,0.0
2026-05-07T11:12:19,codecarbon,0ef63a58-1cbb-4201-9f86-e1746431add6,5b0fa12a-3dd7-45bb-9766-cc326314d9f1,1.503158200008329,1.8158127048482533e-06,1.2079984028548638e-06,1.5663255,0.0,10.0,4.361297606538293e-07,0.0,2.783647500069088e-06,3.219777260722917e-06,0.0,Tunisia,TUN,,,,Windows-11-10.0.26200-SP0,3.13.3,3.2.6,8,Intel(R) Core(TM) i7-8650U CPU @ 1.90GHz,0,,,,7.87811279296875,machine,0.0,0,0.0,0.0,N,1.0,0.0
2026-05-07T11:12:21,codecarbon,053de23d-c157-4eee-9a20-6a922b72d67f,5b0fa12a-3dd7-45bb-9766-cc326314d9f1,1.5035629000049084,1.984573201015974e-06,1.3199136537683228e-06,2.634373572,0.0,10.0,7.338521772110875e-07,0.0,2.7851691666809427e-06,3.5190213438920304e-06,0.0,Tunisia,TUN,,,,Windows-11-10.0.26200-SP0,3.13.3,3.2.6,8,Intel(R) Core(TM) i7-8650U CPU @ 1.90GHz,0,,,,7.87811279296875,machine,0.0,0,0.0,0.0,N,1.0,0.0
2026-05-07T11:12:24,codecarbon,c0a248dd-a551-48fb-9ddb-17819f6a93c8,5b0fa12a-3dd7-45bb-9766-cc326314d9f1,1.503410900011659,1.8217741067183328e-06,1.2117606082969105e-06,1.6001008125000002,0.0,10.0,4.4569016907954883e-07,0.0,2.7846577777785976e-06,3.2303479468581463e-06,0.0,Tunisia,TUN,,,,Windows-11-10.0.26200-SP0,3.13.3,3.2.6,8,Intel(R) Core(TM) i7-8650U CPU @ 1.90GHz,0,,,,7.87811279296875,machine,0.0,0,0.0,0.0,N,1.0,0.0
2026-05-07T11:12:28,codecarbon,c74ae509-defe-4c3b-b0ee-b75b932036aa,5b0fa12a-3dd7-45bb-9766-cc326314d9f1,1.553143099998124,1.900372685720193e-06,1.22356573951395e-06,1.5263671875,0.0,10.0,4.463057801088155e-07,0.0,2.923412222217949e-06,3.369718002326765e-06,0.0,Tunisia,TUN,,,,Windows-11-10.0.26200-SP0,3.13.3,3.2.6,8,Intel(R) Core(TM) i7-8650U CPU @ 1.90GHz,0,,,,7.87811279296875,machine,0.0,0,0.0,0.0,N,1.0,0.0
2026-05-07T11:12:30,codecarbon,86146f91-1fb5-4b23-b1f3-b7788f08f1c4,5b0fa12a-3dd7-45bb-9766-cc326314d9f1,1.5428996999980882,1.8778659409360827e-06,1.2171017603661533e-06,1.5027726165000002,0.0,10.0,4.350987575006744e-07,0.0,2.8947105555238927e-06,3.329809313024567e-06,0.0,Tunisia,TUN,,,,Windows-11-10.0.26200-SP0,3.13.3,3.2.6,8,Intel(R) Core(TM) i7-8650U CPU @ 1.90GHz,0,,,,7.87811279296875,machine,0.0,0,0.0,0.0,N,1.0,0.0
2026-05-07T11:12:33,codecarbon,1a3798ca-8f7f-423c-8430-265c1ae8057a,5b0fa12a-3dd7-45bb-9766-cc326314d9f1,1.5429755999939516,1.8777409875200424e-06,1.2169609082135862e-06,1.502125764,0.0,10.0,4.349083027108658e-07,0.0,2.894679444418418e-06,3.329587747129284e-06,0.0,Tunisia,TUN,,,,Windows-11-10.0.26200-SP0,3.13.3,3.2.6,8,Intel(R) Core(TM) i7-8650U CPU @ 1.90GHz,0,,,,7.87811279296875,machine,0.0,0,0.0,0.0,N,1.0,0.0
2026-05-07T11:12:36,codecarbon,5bda174e-58a6-4733-9076-02ecec224668,5b0fa12a-3dd7-45bb-9766-cc326314d9f1,1.5431419999804348,1.877458856593808e-06,1.2166468520833542e-06,1.5002657205,0.0,10.0,4.3437330929982137e-07,0.0,2.894714166662501e-06,3.329087475962322e-06,0.0,Tunisia,TUN,,,,Windows-11-10.0.26200-SP0,3.13.3,3.2.6,8,Intel(R) Core(TM) i7-8650U CPU @ 1.90GHz,0,,,,7.87811279296875,machine,0.0,0,0.0,0.0,N,1.0,0.0
2026-05-07T11:12:39,codecarbon,c0a10670-123b-4720-8596-b9c24a8c9c2f,5b0fa12a-3dd7-45bb-9766-cc326314d9f1,1.5421188999898732,1.8754711402231176e-06,1.2161650701741828e-06,1.5014016105,0.0,10.0,4.341987145679488e-07,0.0,2.891364166619799e-06,3.325562881187748e-06,0.0,Tunisia,TUN,,,,Windows-11-10.0.26200-SP0,3.13.3,3.2.6,8,Intel(R) Core(TM) i7-8650U CPU @ 1.90GHz,0,,,,7.87811279296875,machine,0.0,0,0.0,0.0,N,1.0,0.0
2026-05-07T11:12:42,codecarbon,4402ea1c-a27f-4a00-b017-b78e9df5e79f,5b0fa12a-3dd7-45bb-9766-cc326314d9f1,1.552470299997367,1.894121539712533e-06,1.2200694207906883e-06,1.5010733445,0.0,10.0,4.384352120170842e-07,0.0,2.920198333352649e-06,3.3586335453697336e-06,0.0,Tunisia,TUN,,,,Windows-11-10.0.26200-SP0,3.13.3,3.2.6,8,Intel(R) Core(TM) i7-8650U CPU @ 1.90GHz,0,,,,7.87811279296875,machine,0.0,0,0.0,0.0,N,1.0,0.0
2026-05-07T11:12:45,codecarbon,17b057d1-3a60-4c98-a8ea-8b7c85dfd76c,5b0fa12a-3dd7-45bb-9766-cc326314d9f1,1.5426140000054147,1.8772417124843336e-06,1.2169225175434324e-06,1.502125764,0.0,10.0,4.347982719987456e-07,0.0,2.893904166638903e-06,3.3287024386376487e-06,0.0,Tunisia,TUN,,,,Windows-11-10.0.26200-SP0,3.13.3,3.2.6,8,Intel(R) Core(TM) i7-8650U CPU @ 1.90GHz,0,,,,7.87811279296875,machine,0.0,0,0.0,0.0,N,1.0,0.0
2026-05-07T11:12:48,codecarbon,bd9eaaa5-096c-4bd4-9043-21e85b9150fb,5b0fa12a-3dd7-45bb-9766-cc326314d9f1,1.5843605999834836,1.87993766356108e-06,1.1865592110663934e-06,1.5108588195,0.0,10.0,4.3761425559399524e-07,0.0,2.8958686110854616e-06,3.333482866679457e-06,0.0,Tunisia,TUN,,,,Windows-11-10.0.26200-SP0,3.13.3,3.2.6,8,Intel(R) Core(TM) i7-8650U CPU @ 1.90GHz,0,,,,7.87811279296875,machine,0.0,0,0.0,0.0,N,1.0,0.0
2026-05-07T11:12:51,codecarbon,84924e8d-9d64-4c34-8f97-8defd4f4e8ad,5b0fa12a-3dd7-45bb-9766-cc326314d9f1,1.5440707000088878,1.8796722205654989e-06,1.2173485453448985e-06,1.5046305,0.0,10.0,4.359844085839264e-07,0.0,2.8970277777666023e-06,3.3330121863505285e-06,0.0,Tunisia,TUN,,,,Windows-11-10.0.26200-SP0,3.13.3,3.2.6,8,Intel(R) Core(TM) i7-8650U CPU @ 1.90GHz,0,,,,7.87811279296875,machine,0.0,0,0.0,0.0,N,1.0,0.0
2026-05-07T11:12:54,codecarbon,9340d93f-a719-4e1a-ad9b-0a82a7bd8200,5b0fa12a-3dd7-45bb-9766-cc326314d9f1,1.5420041999896057,1.880330066964856e-06,1.2194065794227609e-06,1.5310495680000007,0.0,10.0,4.428431161446704e-07,0.0,2.891335555533361e-06,3.334178671678032e-06,0.0,Tunisia,TUN,,,,Windows-11-10.0.26200-SP0,3.13.3,3.2.6,8,Intel(R) Core(TM) i7-8650U CPU @ 1.90GHz,0,,,,7.87811279296875,machine,0.0,0,0.0,0.0,N,1.0,0.0
2026-05-07T11:12:57,codecarbon,43908fd5-3fec-4b3d-831d-8591401c97f2,5b0fa12a-3dd7-45bb-9766-cc326314d9f1,1.5517391999892425,1.893538193706069e-06,1.220268324547834e-06,1.502125764,0.0,10.0,4.3856860766768194e-07,0.0,2.9190305555756723e-06,3.357599163243354e-06,0.0,Tunisia,TUN,,,,Windows-11-10.0.26200-SP0,3.13.3,3.2.6,8,Intel(R) Core(TM) i7-8650U CPU @ 1.90GHz,0,,,,7.87811279296875,machine,0.0,0,0.0,0.0,N,1.0,0.0
2026-05-07T11:13:00,codecarbon,780ffe54-ba18-4736-b5f7-08f5eb336169,5b0fa12a-3dd7-45bb-9766-cc326314d9f1,1.543189899995923,1.877784199972416e-06,1.2168199130757506e-06,1.5001642545000002,0.0,10.0,4.344229820733292e-07,0.0,2.8952413888570547e-06,3.329664370930384e-06,0.0,Tunisia,TUN,,,,Windows-11-10.0.26200-SP0,3.13.3,3.2.6,8,Intel(R) Core(TM) i7-8650U CPU @ 1.90GHz,0,,,,7.87811279296875,machine,0.0,0,0.0,0.0,N,1.0,0.0
2026-05-07T11:13:03,codecarbon,3457b3dc-5324-4b1b-9a16-cf784929a7a1,5b0fa12a-3dd7-45bb-9766-cc326314d9f1,1.542612100020051,1.8769478118823128e-06,1.2167334949971654e-06,1.5005788125,0.0,10.0,4.343332420374672e-07,0.0,2.893848055585598e-06,3.328181297623065e-06,0.0,Tunisia,TUN,,,,Windows-11-10.0.26200-SP0,3.13.3,3.2.6,8,Intel(R) Core(TM) i7-8650U CPU @ 1.90GHz,0,,,,7.87811279296875,machine,0.0,0,0.0,0.0,N,1.0,0.0
2026-05-07T11:13:06,codecarbon,102d14e2-fb54-46ab-8d76-91685ef3ded0,5b0fa12a-3dd7-45bb-9766-cc326314d9f1,1.543447100004414,1.877836950192828e-06,1.216651319107378e-06,1.5004021785,0.0,10.0,4.3448512916385284e-07,0.0,2.895272777823266e-06,3.329757906987119e-06,0.0,Tunisia,TUN,,,,Windows-11-10.0.26200-SP0,3.13.3,3.2.6,8,Intel(R) Core(TM) i7-8650U CPU @ 1.90GHz,0,,,,7.87811279296875,machine,0.0,0,0.0,0.0,N,1.0,0.0
2026-05-07T11:13:09,codecarbon,3d8456d4-2f1e-4fe8-890c-a020a02099a2,5b0fa12a-3dd7-45bb-9766-cc326314d9f1,1.5426517000014428,1.8770082610606624e-06,1.2167414466006206e-06,1.5002657205,0.0,10.0,4.342698743139658e-07,0.0,2.8940186110655e-06,3.328288485379466e-06,0.0,Tunisia,TUN,,,,Windows-11-10.0.26200-SP0,3.13.3,3.2.6,8,Intel(R) Core(TM) i7-8650U CPU @ 1.90GHz,0,,,,7.87811279296875,machine,0.0,0,0.0,0.0,N,1.0,0.0
2026-05-07T11:13:12,codecarbon,71e71139-5693-4b22-a83a-a4494daa74a8,5b0fa12a-3dd7-45bb-9766-cc326314d9f1,1.5035245000035502,1.8226222433739689e-06,1.2122331517508796e-06,1.6063880865000002,0.0,10.0,4.474051859037811e-07,0.0,2.784446666676861e-06,3.2318518525806425e-06,0.0,Tunisia,TUN,,,,Windows-11-10.0.26200-SP0,3.13.3,3.2.6,8,Intel(R) Core(TM) i7-8650U CPU @ 1.90GHz,0,,,,7.87811279296875,machine,0.0,0,0.0,0.0,N,1.0,0.0
2026-05-07T11:13:15,codecarbon,43829a1e-d996-4085-b08b-d57585cba5a9,5b0fa12a-3dd7-45bb-9766-cc326314d9f1,1.5034181000082754,1.8137664412707384e-06,1.2064284986729603e-06,1.5522435555,0.0,10.0,4.322496841140155e-07,0.0,2.783899166630969e-06,3.2161488507449845e-06,0.0,Tunisia,TUN,,,,Windows-11-10.0.26200-SP0,3.13.3,3.2.6,8,Intel(R) Core(TM) i7-8650U CPU @ 1.90GHz,0,,,,7.87811279296875,machine,0.0,0,0.0,0.0,N,1.0,0.0
2026-05-07T11:13:18,codecarbon,9ad7d66c-b8fc-4ebe-8b22-b2e0c4e5ac4f,5b0fa12a-3dd7-45bb-9766-cc326314d9f1,1.5040584999951534,1.8196470123194009e-06,1.2098246260536172e-06,1.5800515035,0.0,10.0,4.403489864306701e-07,0.0,2.786227222208658e-06,3.226576208639328e-06,0.0,Tunisia,TUN,,,,Windows-11-10.0.26200-SP0,3.13.3,3.2.6,8,Intel(R) Core(TM) i7-8650U CPU @ 1.90GHz,0,,,,7.87811279296875,machine,0.0,0,0.0,0.0,N,1.0,0.0
2026-05-07T11:13:21,codecarbon,4e06401c-5abf-41ad-b162-1d3214bca28e,5b0fa12a-3dd7-45bb-9766-cc326314d9f1,1.5039951000071596,1.8190674994733847e-06,1.2094903098186462e-06,1.5827345745000003,0.0,10.0,4.408883456293455e-07,0.0,2.7846602777976336e-06,3.225548623426979e-06,0.0,Tunisia,TUN,,,,Windows-11-10.0.26200-SP0,3.13.3,3.2.6,8,Intel(R) Core(TM) i7-8650U CPU @ 1.90GHz,0,,,,7.87811279296875,machine,0.0,0,0.0,0.0,N,1.0,0.0
2026-05-07T11:13:24,codecarbon,8722edc8-d133-4150-acf8-91cb0c8f4f3a,5b0fa12a-3dd7-45bb-9766-cc326314d9f1,1.5040617999911774,1.814631846582627e-06,1.2064875569562845e-06,1.5552960000000002,0.0,10.0,4.332072659381861e-07,0.0,2.7844761111029785e-06,3.2176833770411644e-06,0.0,Tunisia,TUN,,,,Windows-11-10.0.26200-SP0,3.13.3,3.2.6,8,Intel(R) Core(TM) i7-8650U CPU @ 1.90GHz,0,,,,7.87811279296875,machine,0.0,0,0.0,0.0,N,1.0,0.0
2026-05-07T11:13:27,codecarbon,6e5cb9b7-f1e2-4a15-84a1-5cdd19857d79,5b0fa12a-3dd7-45bb-9766-cc326314d9f1,1.503449299983913,1.815521232772125e-06,1.2075706395896097e-06,1.5640120320000002,0.0,10.0,4.354987593063043e-07,0.0,2.783761666634948e-06,3.2192604259412524e-06,0.0,Tunisia,TUN,,,,Windows-11-10.0.26200-SP0,3.13.3,3.2.6,8,Intel(R) Core(TM) i7-8650U CPU @ 1.90GHz,0,,,,7.87811279296875,machine,0.0,0,0.0,0.0,N,1.0,0.0
2026-05-07T11:13:30,codecarbon,0f8576c9-86dd-46f5-95f6-1fad8e1efcfa,5b0fa12a-3dd7-45bb-9766-cc326314d9f1,1.5037163000088185,1.866895041536264e-06,1.2415207852208e-06,1.8830304375,0.0,10.0,5.246872349590142e-07,0.0,2.785668611128737e-06,3.310355846087752e-06,0.0,Tunisia,TUN,,,,Windows-11-10.0.26200-SP0,3.13.3,3.2.6,8,Intel(R) Core(TM) i7-8650U CPU @ 1.90GHz,0,,,,7.87811279296875,machine,0.0,0,0.0,0.0,N,1.0,0.0
2026-05-07T11:13:33,codecarbon,b97e4689-c156-4446-a339-71e2d50a7dd9,5b0fa12a-3dd7-45bb-9766-cc326314d9f1,1.5037928000092506,1.8169096201804848e-06,1.2082180604730306e-06,1.5686940480000002,0.0,10.0,4.369578533551973e-07,0.0,2.784764444449037e-06,3.2217222978042344e-06,0.0,Tunisia,TUN,,,,Windows-11-10.0.26200-SP0,3.13.3,3.2.6,8,Intel(R) Core(TM) i7-8650U CPU @ 1.90GHz,0,,,,7.87811279296875,machine,0.0,0,0.0,0.0,N,1.0,0.0
2026-05-07T11:13:36,codecarbon,bcb9f815-0cfb-42d6-9629-d25c5182e78f,5b0fa12a-3dd7-45bb-9766-cc326314d9f1,1.5043790999916382,1.8196813271913416e-06,1.2095896088967576e-06,1.581385668,0.0,10.0,4.407045553518555e-07,0.0,2.7859325000059064e-06,3.2266370553577617e-06,0.0,Tunisia,TUN,,,,Windows-11-10.0.26200-SP0,3.13.3,3.2.6,8,Intel(R) Core(TM) i7-8650U CPU @ 1.90GHz,0,,,,7.87811279296875,machine,0.0,0,0.0,0.0,N,1.0,0.0
2026-05-07T11:13:39,codecarbon,d538cc29-1502-456c-8e38-1148fd51db66,5b0fa12a-3dd7-45bb-9766-cc326314d9f1,1.5037896999856455,1.816190860207247e-06,1.20774258543238e-06,1.5651619215000006,0.0,10.0,4.3594224573066027e-07,0.0,2.784505555529096e-06,3.220447801259756e-06,0.0,Tunisia,TUN,,,,Windows-11-10.0.26200-SP0,3.13.3,3.2.6,8,Intel(R) Core(TM) i7-8650U CPU @ 1.90GHz,0,,,,7.87811279296875,machine,0.0,0,0.0,0.0,N,1.0,0.0
2026-05-07T11:13:42,codecarbon,7966c4f0-5546-4079-bff4-45752f41b107,5b0fa12a-3dd7-45bb-9766-cc326314d9f1,1.5036220999900252,1.831918422035774e-06,1.218336989093155e-06,1.6642545,0.0,10.0,4.635815581624461e-07,0.0,2.784754166673842e-06,3.2483357248362886e-06,0.0,Tunisia,TUN,,,,Windows-11-10.0.26200-SP0,3.13.3,3.2.6,8,Intel(R) Core(TM) i7-8650U CPU @ 1.90GHz,0,,,,7.87811279296875,machine,0.0,0,0.0,0.0,N,1.0,0.0
2026-05-07T11:13:45,codecarbon,05a239c0-951a-4470-90db-1a9790f89c28,5b0fa12a-3dd7-45bb-9766-cc326314d9f1,1.5037481999897864,1.8333008955339129e-06,1.2191541745794706e-06,1.6752013125,0.0,10.0,4.665396101950795e-07,0.0,2.784247500029677e-06,3.2507871102247563e-06,0.0,Tunisia,TUN,,,,Windows-11-10.0.26200-SP0,3.13.3,3.2.6,8,Intel(R) Core(TM) i7-8650U CPU @ 1.90GHz,0,,,,7.87811279296875,machine,0.0,0,0.0,0.0,N,1.0,0.0
2026-05-07T11:13:47,codecarbon,6d24bf13-71e8-4191-8fee-754238514780,5b0fa12a-3dd7-45bb-9766-cc326314d9f1,1.5033681000059005,1.8224870673324923e-06,1.2122693486214984e-06,1.6063880865000002,0.0,10.0,4.4737354897571654e-07,0.0,2.784238611073104e-06,3.23161216004882e-06,0.0,Tunisia,TUN,,,,Windows-11-10.0.26200-SP0,3.13.3,3.2.6,8,Intel(R) Core(TM) i7-8650U CPU @ 1.90GHz,0,,,,7.87811279296875,machine,0.0,0,0.0,0.0,N,1.0,0.0
2026-05-07T11:13:50,codecarbon,5492763e-e533-41cf-80d7-a56bcdb64d9a,5b0fa12a-3dd7-45bb-9766-cc326314d9f1,1.5032332999981008,1.8185778686098976e-06,1.209777529949739e-06,1.5827345745000003,0.0,10.0,4.407393047941717e-07,0.0,2.7839411110714234e-06,3.224680415865596e-06,0.0,Tunisia,TUN,,,,Windows-11-10.0.26200-SP0,3.13.3,3.2.6,8,Intel(R) Core(TM) i7-8650U CPU @ 1.90GHz,0,,,,7.87811279296875,machine,0.0,0,0.0,0.0,N,1.0,0.0
2026-05-07T11:13:53,codecarbon,5dbd5bf1-61f9-4309-b836-8db72b1a262b,5b0fa12a-3dd7-45bb-9766-cc326314d9f1,1.5033288999984509,1.8182810632032744e-06,1.2095031654118725e-06,1.5800515035,0.0,10.0,4.400230130234221e-07,0.0,2.784131111062986e-06,3.224154124086408e-06,0.0,Tunisia,TUN,,,,Windows-11-10.0.26200-SP0,3.13.3,3.2.6,8,Intel(R) Core(TM) i7-8650U CPU @ 1.90GHz,0,,,,7.87811279296875,machine,0.0,0,0.0,0.0,N,1.0,0.0
2026-05-07T11:13:56,codecarbon,4064a98e-8c58-4c62-9c87-98dc150d2642,5b0fa12a-3dd7-45bb-9766-cc326314d9f1,1.5027073999808636,1.8056108057896709e-06,1.2015717802498774e-06,1.5015882615000002,0.0,10.0,4.180643204278301e-07,0.0,2.783623055519355e-06,3.201687375947185e-06,0.0,Tunisia,TUN,,,,Windows-11-10.0.26200-SP0,3.13.3,3.2.6,8,Intel(R) Core(TM) i7-8650U CPU @ 1.90GHz,0,,,,7.87811279296875,machine,0.0,0,0.0,0.0,N,1.0,0.0
2026-05-07T11:13:59,codecarbon,f93be7b8-2ac5-454e-a519-27b97ce02f56,5b0fa12a-3dd7-45bb-9766-cc326314d9f1,1.503747899987502,1.806928997360675e-06,1.2016169714190076e-06,1.5052517295,0.0,10.0,4.192575551472118e-07,0.0,2.7847672222479663e-06,3.204024777395178e-06,0.0,Tunisia,TUN,,,,Windows-11-10.0.26200-SP0,3.13.3,3.2.6,8,Intel(R) Core(TM) i7-8650U CPU @ 1.90GHz,0,,,,7.87811279296875,machine,0.0,0,0.0,0.0,N,1.0,0.0
2026-05-07T11:14:02,codecarbon,aa6baeea-acad-4c06-aff7-ece6a65c7d8b,5b0fa12a-3dd7-45bb-9766-cc326314d9f1,1.5035938000073656,1.805943106950248e-06,1.2010844331370622e-06,1.500055296,0.0,10.0,4.177682750425717e-07,0.0,2.7845083333280248e-06,3.2022766083705965e-06,0.0,Tunisia,TUN,,,,Windows-11-10.0.26200-SP0,3.13.3,3.2.6,8,Intel(R) Core(TM) i7-8650U CPU @ 1.90GHz,0,,,,7.87811279296875,machine,0.0,0,0.0,0.0,N,1.0,0.0
2026-05-07T11:14:05,codecarbon,666aa52d-916d-405e-a5bf-ca2a3ee78e53,5b0fa12a-3dd7-45bb-9766-cc326314d9f1,1.5032900999940466,1.8052566978023488e-06,1.200870475904483e-06,1.5004021785,0.0,10.0,4.176955871012045e-07,0.0,2.783363888819521e-06,3.201059475920725e-06,0.0,Tunisia,TUN,,,,Windows-11-10.0.26200-SP0,3.13.3,3.2.6,8,Intel(R) Core(TM) i7-8650U CPU @ 1.90GHz,0,,,,7.87811279296875,machine,0.0,0,0.0,0.0,N,1.0,0.0
2026-05-07T11:14:08,codecarbon,1d55834b-d6c5-4e74-bf69-6397b60de426,5b0fa12a-3dd7-45bb-9766-cc326314d9f1,1.504312300006859,1.805774244357917e-06,1.200398510568373e-06,1.5010733445,0.0,10.0,4.179807943858442e-07,0.0,2.7839963888658934e-06,3.2019771832517377e-06,0.0,Tunisia,TUN,,,,Windows-11-10.0.26200-SP0,3.13.3,3.2.6,8,Intel(R) Core(TM) i7-8650U CPU @ 1.90GHz,0,,,,7.87811279296875,machine,0.0,0,0.0,0.0,N,1.0,0.0
2026-05-07T11:14:11,codecarbon,e6a2c3ad-69ae-4c49-83ab-c31554c0f164,5b0fa12a-3dd7-45bb-9766-cc326314d9f1,1.5034894999989774,1.8058296282016648e-06,1.201092277799674e-06,1.5002963520000006,0.0,10.0,4.178026114603128e-07,0.0,2.7842727777574008e-06,3.202075389217713e-06,0.0,Tunisia,TUN,,,,Windows-11-10.0.26200-SP0,3.13.3,3.2.6,8,Intel(R) Core(TM) i7-8650U CPU @ 1.90GHz,0,,,,7.87811279296875,machine,0.0,0,0.0,0.0,N,1.0,0.0
2026-05-07T11:14:14,codecarbon,5e402dc7-d0d3-4b83-ae44-d1002756c50b,5b0fa12a-3dd7-45bb-9766-cc326314d9f1,1.5036779000074605,1.8055911265530828e-06,1.2007831773973168e-06,1.5001866240000004,0.0,10.0,4.1773942533581284e-07,0.0,2.783913055625615e-06,3.2016524809614275e-06,0.0,Tunisia,TUN,,,,Windows-11-10.0.26200-SP0,3.13.3,3.2.6,8,Intel(R) Core(TM) i7-8650U CPU @ 1.90GHz,0,,,,7.87811279296875,machine,0.0,0,0.0,0.0,N,1.0,0.0
2026-05-07T11:14:17,codecarbon,cbffaa18-6acb-4d32-bf47-ed19f39820ca,5b0fa12a-3dd7-45bb-9766-cc326314d9f1,1.5032442999945488,1.8050685660997589e-06,1.2007819128975274e-06,1.500108,0.0,10.0,4.175806053056662e-07,0.0,2.78314527774152e-06,3.200725883047186e-06,0.0,Tunisia,TUN,,,,Windows-11-10.0.26200-SP0,3.13.3,3.2.6,8,Intel(R) Core(TM) i7-8650U CPU @ 1.90GHz,0,,,,7.87811279296875,machine,0.0,0,0.0,0.0,N,1.0,0.0
2026-05-07T11:14:20,codecarbon,de292bc7-3f35-4b38-836b-d0621cc8a494,5b0fa12a-3dd7-45bb-9766-cc326314d9f1,1.504923100001179,1.8082047844738591e-06,1.2015263666777678e-06,1.5008008065,0.0,10.0,4.185286544314272e-07,0.0,2.7877583333368724e-06,3.2062869877683e-06,0.0,Tunisia,TUN,,,,Windows-11-10.0.26200-SP0,3.13.3,3.2.6,8,Intel(R) Core(TM) i7-8650U CPU @ 1.90GHz,0,,,,7.87811279296875,machine,0.0,0,0.0,0.0,N,1.0,0.0
2026-05-07T11:14:23,codecarbon,2af216e5-989d-4a93-a837-4bd28eed4b43,5b0fa12a-3dd7-45bb-9766-cc326314d9f1,1.503224300016882,1.8059221033648065e-06,1.2013656932930935e-06,1.501898208,0.0,10.0,4.18206309496145e-07,0.0,2.784033055569226e-06,3.202239365065371e-06,0.0,Tunisia,TUN,,,,Windows-11-10.0.26200-SP0,3.13.3,3.2.6,8,Intel(R) Core(TM) i7-8650U CPU @ 1.90GHz,0,,,,7.87811279296875,machine,0.0,0,0.0,0.0,N,1.0,0.0
2026-05-07T11:14:26,codecarbon,72dcb77c-a516-49dd-a2c2-2ae4cc8bd4ac,5b0fa12a-3dd7-45bb-9766-cc326314d9f1,1.5028648999868892,1.805206795156804e-06,1.2011770287352855e-06,1.5005788125,0.0,10.0,4.177265447138191e-07,0.0,2.783244444435695e-06,3.200970989149514e-06,0.0,Tunisia,TUN,,,,Windows-11-10.0.26200-SP0,3.13.3,3.2.6,8,Intel(R) Core(TM) i7-8650U CPU @ 1.90GHz,0,,,,7.87811279296875,machine,0.0,0,0.0,0.0,N,1.0,0.0
2026-05-07T11:14:29,codecarbon,17a36efc-7518-4390-9ebf-09726e288635,5b0fa12a-3dd7-45bb-9766-cc326314d9f1,1.5049592000141274,1.807183629934946e-06,1.2008190188265449e-06,1.500442368,0.0,10.0,4.181762888402951e-07,0.0,2.786299999974694e-06,3.204476288814989e-06,0.0,Tunisia,TUN,,,,Windows-11-10.0.26200-SP0,3.13.3,3.2.6,8,Intel(R) Core(TM) i7-8650U CPU @ 1.90GHz,0,,,,7.87811279296875,machine,0.0,0,0.0,0.0,N,1.0,0.0
2026-05-07T11:14:32,codecarbon,981da2c9-6074-4eea-96ff-a4d1c7c77f25,5b0fa12a-3dd7-45bb-9766-cc326314d9f1,1.5033171999966726,1.8061235715464136e-06,1.2014254686571878e-06,1.5008640000000002,0.0,10.0,4.1800771717297074e-07,0.0,2.7845888888502186e-06,3.202596606023189e-06,0.0,Tunisia,TUN,,,,Windows-11-10.0.26200-SP0,3.13.3,3.2.6,8,Intel(R) Core(TM) i7-8650U CPU @ 1.90GHz,0,,,,7.87811279296875,machine,0.0,0,0.0,0.0,N,1.0,0.0
2026-05-07T11:14:35,codecarbon,c1e28434-f110-4158-b86d-0c8e485b8c1a,5b0fa12a-3dd7-45bb-9766-cc326314d9f1,1.5029397000034803,1.804933954041144e-06,1.2009357088890286e-06,1.5000925965000007,0.0,10.0,4.175463572866234e-07,0.0,2.78294083327637e-06,3.200487190562994e-06,0.0,Tunisia,TUN,,,,Windows-11-10.0.26200-SP0,3.13.3,3.2.6,8,Intel(R) Core(TM) i7-8650U CPU @ 1.90GHz,0,,,,7.87811279296875,machine,0.0,0,0.0,0.0,N,1.0,0.0
2026-05-07T11:14:37,codecarbon,a20efe4c-c569-4fa3-a68b-b4637d5cba8c,5b0fa12a-3dd7-45bb-9766-cc326314d9f1,1.5032624000159558,1.806221098523144e-06,1.201534142345323e-06,1.5000233280000006,0.0,10.0,4.17827872958761e-07,0.0,2.7849416667272133e-06,3.2027695396859745e-06,0.0,Tunisia,TUN,,,,Windows-11-10.0.26200-SP0,3.13.3,3.2.6,8,Intel(R) Core(TM) i7-8650U CPU @ 1.90GHz,0,,,,7.87811279296875,machine,0.0,0,0.0,0.0,N,1.0,0.0
2026-05-07T11:14:40,codecarbon,52cb88da-c26e-4aa1-9684-89f78ad852cc,5b0fa12a-3dd7-45bb-9766-cc326314d9f1,1.5041478000057396,1.822907916289484e-06,1.211920740955462e-06,1.6047922920000002,0.0,10.0,4.470931265641223e-07,0.0,2.785265277796296e-06,3.232358404360418e-06,0.0,Tunisia,TUN,,,,Windows-11-10.0.26200-SP0,3.13.3,3.2.6,8,Intel(R) Core(TM) i7-8650U CPU @ 1.90GHz,0,,,,7.87811279296875,machine,0.0,0,0.0,0.0,N,1.0,0.0
2026-05-07T11:14:43,codecarbon,b8de0237-74d3-4911-b43b-039eb6f688a6,5b0fa12a-3dd7-45bb-9766-cc326314d9f1,1.5037284000136424,1.81663766787326e-06,1.2080889526704275e-06,1.5675028485000002,0.0,10.0,4.366128530092364e-07,0.0,2.784627222232909e-06,3.221240075242145e-06,0.0,Tunisia,TUN,,,,Windows-11-10.0.26200-SP0,3.13.3,3.2.6,8,Intel(R) Core(TM) i7-8650U CPU @ 1.90GHz,0,,,,7.87811279296875,machine,0.0,0,0.0,0.0,N,1.0,0.0
2026-05-07T11:14:46,codecarbon,a3fcef19-57e6-4041-8790-d71d1e642abe,5b0fa12a-3dd7-45bb-9766-cc326314d9f1,1.5042729999986475,1.816152895736796e-06,1.2073293183740111e-06,1.557395628,0.0,10.0,4.3405187197514e-07,0.0,2.786328611141976e-06,3.220380483117116e-06,0.0,Tunisia,TUN,,,,Windows-11-10.0.26200-SP0,3.13.3,3.2.6,8,Intel(R) Core(TM) i7-8650U CPU @ 1.90GHz,0,,,,7.87811279296875,machine,0.0,0,0.0,0.0,N,1.0,0.0
2026-05-07T11:14:49,codecarbon,50b46566-73ba-4ac6-b73f-00f597fc863b,5b0fa12a-3dd7-45bb-9766-cc326314d9f1,1.503804899984971,1.820838543712777e-06,1.2108209939540523e-06,1.5911421315,0.0,10.0,4.433045733826784e-07,0.0,2.785384444400228e-06,3.2286890177829066e-06,0.0,Tunisia,TUN,,,,Windows-11-10.0.26200-SP0,3.13.3,3.2.6,8,Intel(R) Core(TM) i7-8650U CPU @ 1.90GHz,0,,,,7.87811279296875,machine,0.0,0,0.0,0.0,N,1.0,0.0
2026-05-07T11:14:52,codecarbon,f12f8cce-6105-42f6-b062-86350bd55ff7,5b0fa12a-3dd7-45bb-9766-cc326314d9f1,1.503525600011926,1.8583761668401104e-06,1.23601232119052e-06,1.836110688,0.0,10.0,5.11270835426072e-07,0.0,2.7839794444541138e-06,3.295250279880186e-06,0.0,Tunisia,TUN,,,,Windows-11-10.0.26200-SP0,3.13.3,3.2.6,8,Intel(R) Core(TM) i7-8650U CPU @ 1.90GHz,0,,,,7.87811279296875,machine,0.0,0,0.0,0.0,N,1.0,0.0
2026-05-07T11:14:55,codecarbon,23ce4d86-54f1-4e28-8398-5f8bef2313ca,5b0fa12a-3dd7-45bb-9766-cc326314d9f1,1.5035456000186969,1.856011862619304e-06,1.2344233940069551e-06,1.8224862720000004,0.0,10.0,5.074415351739023e-07,0.0,2.783616388882769e-06,3.291057924056671e-06,0.0,Tunisia,TUN,,,,Windows-11-10.0.26200-SP0,3.13.3,3.2.6,8,Intel(R) Core(TM) i7-8650U CPU @ 1.90GHz,0,,,,7.87811279296875,machine,0.0,0,0.0,0.0,N,1.0,0.0
2026-05-07T11:14:58,codecarbon,0acaee21-8611-4b67-9895-facee5f7c958,5b0fa12a-3dd7-45bb-9766-cc326314d9f1,1.503481699997792,1.8514914619789088e-06,1.23146923702605e-06,1.7900468520000008,0.0,10.0,4.985979595422188e-07,0.0,2.784444444437718e-06,3.283042403979937e-06,0.0,Tunisia,TUN,,,,Windows-11-10.0.26200-SP0,3.13.3,3.2.6,8,Intel(R) Core(TM) i7-8650U CPU @ 1.90GHz,0,,,,7.87811279296875,machine,0.0,0,0.0,0.0,N,1.0,0.0
2026-05-07T11:15:01,codecarbon,87faa28c-f272-46f4-9745-83c12e5055fb,5b0fa12a-3dd7-45bb-9766-cc326314d9f1,1.5037536000018008,1.8195293833170545e-06,1.209991705632409e-06,1.5882792405,0.0,10.0,4.423017969523027e-07,0.0,2.7840658333540583e-06,3.226367630306361e-06,0.0,Tunisia,TUN,,,,Windows-11-10.0.26200-SP0,3.13.3,3.2.6,8,Intel(R) Core(TM) i7-8650U CPU @ 1.90GHz,0,,,,7.87811279296875,machine,0.0,0,0.0,0.0,N,1.0,0.0
2026-05-07T11:15:04,codecarbon,678f77fd-4758-4c7b-be13-cdbc4006b321,5b0fa12a-3dd7-45bb-9766-cc326314d9f1,1.504123399994569,1.8184320718223856e-06,1.2089646845657422e-06,1.5748606455,0.0,10.0,4.3880744630073364e-07,0.0,2.7856144444538385e-06,3.224421890754572e-06,0.0,Tunisia,TUN,,,,Windows-11-10.0.26200-SP0,3.13.3,3.2.6,8,Intel(R) Core(TM) i7-8650U CPU @ 1.90GHz,0,,,,7.87811279296875,machine,0.0,0,0.0,0.0,N,1.0,0.0
2026-05-07T11:15:07,codecarbon,af5b4faf-defd-4fb5-9642-cca2abe4a198,5b0fa12a-3dd7-45bb-9766-cc326314d9f1,1.5034800999856088,1.827656535976885e-06,1.21561737730641e-06,1.6379472255,0.0,10.0,4.562147108055411e-07,0.0,2.784563888902388e-06,3.2407785997079293e-06,0.0,Tunisia,TUN,,,,Windows-11-10.0.26200-SP0,3.13.3,3.2.6,8,Intel(R) Core(TM) i7-8650U CPU @ 1.90GHz,0,,,,7.87811279296875,machine,0.0,0,0.0,0.0,N,1.0,0.0
2026-05-07T11:15:10,codecarbon,742a8b94-b4b7-4b33-ae11-8d26a821f0f5,5b0fa12a-3dd7-45bb-9766-cc326314d9f1,1.5038929999864197,1.825062623118267e-06,1.2135588257507335e-06,1.6163041875,0.0,10.0,4.503841046788833e-07,0.0,2.7857949999290417e-06,3.236179104607925e-06,0.0,Tunisia,TUN,,,,Windows-11-10.0.26200-SP0,3.13.3,3.2.6,8,Intel(R) Core(TM) i7-8650U CPU @ 1.90GHz,0,,,,7.87811279296875,machine,0.0,0,0.0,0.0,N,1.0,0.0
2026-05-07T11:15:13,codecarbon,0b6e42b8-f0a8-491e-9948-9a342e94823f,5b0fa12a-3dd7-45bb-9766-cc326314d9f1,1.50370249999105,1.875436990679545e-06,1.247212790223271e-06,1.942368,0.0,10.0,5.41050383213608e-07,0.0,2.784451944413983e-06,3.325502327627591e-06,0.0,Tunisia,TUN,,,,Windows-11-10.0.26200-SP0,3.13.3,3.2.6,8,Intel(R) Core(TM) i7-8650U CPU @ 1.90GHz,0,,,,7.87811279296875,machine,0.0,0,0.0,0.0,N,1.0,0.0
2026-05-07T11:15:16,codecarbon,c64c3521-299b-4d31-b82b-5f36cb3f33e8,5b0fa12a-3dd7-45bb-9766-cc326314d9f1,1.5042100000136998,1.819851381802724e-06,1.2098386407390915e-06,1.586870556,0.0,10.0,4.42077760806189e-07,0.0,2.784860833344283e-06,3.226938594150472e-06,0.0,Tunisia,TUN,,,,Windows-11-10.0.26200-SP0,3.13.3,3.2.6,8,Intel(R) Core(TM) i7-8650U CPU @ 1.90GHz,0,,,,7.87811279296875,machine,0.0,0,0.0,0.0,N,1.0,0.0
2026-05-07T11:15:19,codecarbon,9870c78b-29be-47b9-8a61-5f7a2c975bb3,5b0fa12a-3dd7-45bb-9766-cc326314d9f1,1.5029978999809828,1.8878726617432104e-06,1.2560713902308829e-06,2.0306040000000007,0.0,10.0,5.651403323288785e-07,0.0,2.7824127777421384e-06,3.347553110071017e-06,0.0,Tunisia,TUN,,,,Windows-11-10.0.26200-SP0,3.13.3,3.2.6,8,Intel(R) Core(TM) i7-8650U CPU @ 1.90GHz,0,,,,7.87811279296875,machine,0.0,0,0.0,0.0,N,1.0,0.0
2026-05-07T11:15:22,codecarbon,5f7524c7-778c-436a-9e93-86fc702bfa9e,5b0fa12a-3dd7-45bb-9766-cc326314d9f1,1.503193500015186,1.8375821497672536e-06,1.222452165838057e-06,1.7034345105000002,0.0,10.0,4.743435787387561e-07,0.0,2.7840350000284767e-06,3.2583785787672327e-06,0.0,Tunisia,TUN,,,,Windows-11-10.0.26200-SP0,3.13.3,3.2.6,8,Intel(R) Core(TM) i7-8650U CPU @ 1.90GHz,0,,,,7.87811279296875,machine,0.0,0,0.0,0.0,N,1.0,0.0
2026-05-07T11:15:25,codecarbon,dec20500-9322-4105-b2db-b268b5c92553,5b0fa12a-3dd7-45bb-9766-cc326314d9f1,1.6523221000097692,2.0735132477038924e-06,1.2549086208382937e-06,1.500055296,0.0,10.0,4.796779321921729e-07,0.0,3.1970508333567217e-06,3.676728765548895e-06,0.0,Tunisia,TUN,,,,Windows-11-10.0.26200-SP0,3.13.3,3.2.6,8,Intel(R) Core(TM) i7-8650U CPU @ 1.90GHz,0,,,,7.87811279296875,machine,0.0,0,0.0,0.0,N,1.0,0.0
2026-05-07T11:15:28,codecarbon,e0cef7fb-6de0-4b4c-b362-96b367f59119,5b0fa12a-3dd7-45bb-9766-cc326314d9f1,1.65496339998208,2.0789760178132847e-06,1.2562066435038963e-06,1.500055296,0.0,10.0,4.809288949662234e-07,0.0,3.2054863888738007e-06,3.686415283840024e-06,0.0,Tunisia,TUN,,,,Windows-11-10.0.26200-SP0,3.13.3,3.2.6,8,Intel(R) Core(TM) i7-8650U CPU @ 1.90GHz,0,,,,7.87811279296875,machine,0.0,0,0.0,0.0,N,1.0,0.0
2026-05-07T11:15:31,codecarbon,5255d7a0-9641-48ae-ba12-42ff2e98d839,5b0fa12a-3dd7-45bb-9766-cc326314d9f1,1.6656613000086509,2.132705597915079e-06,1.2803957190480455e-06,1.6913285880000002,0.0,10.0,5.472134849495419e-07,0.0,3.234474444454665e-06,3.781687929404208e-06,0.0,Tunisia,TUN,,,,Windows-11-10.0.26200-SP0,3.13.3,3.2.6,8,Intel(R) Core(TM) i7-8650U CPU @ 1.90GHz,0,,,,7.87811279296875,machine,0.0,0,0.0,0.0,N,1.0,0.0
2026-05-07T11:15:34,codecarbon,de45148c-8c92-4102-a5aa-b1b05add48f4,5b0fa12a-3dd7-45bb-9766-cc326314d9f1,1.6738088999991303,2.113395492017036e-06,1.2626265113168737e-06,1.5027726165000002,0.0,10.0,4.89646648400661e-07,0.0,3.257800833347978e-06,3.747447481748639e-06,0.0,Tunisia,TUN,,,,Windows-11-10.0.26200-SP0,3.13.3,3.2.6,8,Intel(R) Core(TM) i7-8650U CPU @ 1.90GHz,0,,,,7.87811279296875,machine,0.0,0,0.0,0.0,N,1.0,0.0
2026-05-07T11:15:37,codecarbon,533558ab-b69e-4d1d-aa32-426cd0c6c9c3,5b0fa12a-3dd7-45bb-9766-cc326314d9f1,1.6676050999958534,2.1013059719047585e-06,1.260074085831222e-06,1.5000233280000006,0.0,10.0,4.860874345108165e-07,0.0,3.2399230555003872e-06,3.726010490011204e-06,0.0,Tunisia,TUN,,,,Windows-11-10.0.26200-SP0,3.13.3,3.2.6,8,Intel(R) Core(TM) i7-8650U CPU @ 1.90GHz,0,,,,7.87811279296875,machine,0.0,0,0.0,0.0,N,1.0,0.0
2026-05-07T11:15:40,codecarbon,5acdbf5c-6f7b-4141-9297-50582004ea5d,5b0fa12a-3dd7-45bb-9766-cc326314d9f1,1.6628619999974037,2.092762613203136e-06,1.25853054144385e-06,1.5000925965000007,0.0,10.0,4.841315090840012e-07,0.0,3.2267299999754563e-06,3.7108615090594574e-06,0.0,Tunisia,TUN,,,,Windows-11-10.0.26200-SP0,3.13.3,3.2.6,8,Intel(R) Core(TM) i7-8650U CPU @ 1.90GHz,0,,,,7.87811279296875,machine,0.0,0,0.0,0.0,N,1.0,0.0
2026-05-07T11:15:43,codecarbon,a863097e-84bc-49fa-be92-7e413eb20011,5b0fa12a-3dd7-45bb-9766-cc326314d9f1,1.658118099992862,2.084409033318997e-06,1.2570932271518962e-06,1.5000008640000002,0.0,10.0,4.821726527329223e-07,0.0,3.2138763888926607e-06,3.696049041625583e-06,0.0,Tunisia,TUN,,,,Windows-11-10.0.26200-SP0,3.13.3,3.2.6,8,Intel(R) Core(TM) i7-8650U CPU @ 1.90GHz,0,,,,7.87811279296875,machine,0.0,0,0.0,0.0,N,1.0,0.0
2026-05-07T11:15:46,codecarbon,1d3b439f-c4ca-4d04-b43a-33e28a9ae169,5b0fa12a-3dd7-45bb-9766-cc326314d9f1,1.6638079999829642,2.095078020421408e-06,1.2592066034319217e-06,1.5008008065,0.0,10.0,4.848643835790147e-07,0.0,3.2301027777268445e-06,3.714967161305859e-06,0.0,Tunisia,TUN,,,,Windows-11-10.0.26200-SP0,3.13.3,3.2.6,8,Intel(R) Core(TM) i7-8650U CPU @ 1.90GHz,0,,,,7.87811279296875,machine,0.0,0,0.0,0.0,N,1.0,0.0
2026-05-07T11:15:50,codecarbon,7db3e70f-df04-4b0a-bed6-9548b4b0a536,5b0fa12a-3dd7-45bb-9766-cc326314d9f1,1.6564437000197358,2.0822963457849773e-06,1.257088511828182e-06,1.502125764,0.0,10.0,4.82275627223542e-07,0.0,3.2100272222629025e-06,3.692302849486445e-06,0.0,Tunisia,TUN,,,,Windows-11-10.0.26200-SP0,3.13.3,3.2.6,8,Intel(R) Core(TM) i7-8650U CPU @ 1.90GHz,0,,,,7.87811279296875,machine,0.0,0,0.0,0.0,N,1.0,0.0
2026-05-07T11:15:53,codecarbon,6d5da3c6-a728-48e7-8f58-588dc73a472a,5b0fa12a-3dd7-45bb-9766-cc326314d9f1,1.6571074999810662,2.0829717568610795e-06,1.2569925348143553e-06,1.5000925965000007,0.0,10.0,4.818652025129078e-07,0.0,3.2116352777747025e-06,3.6935004802876095e-06,0.0,Tunisia,TUN,,,,Windows-11-10.0.26200-SP0,3.13.3,3.2.6,8,Intel(R) Core(TM) i7-8650U CPU @ 1.90GHz,0,,,,7.87811279296875,machine,0.0,0,0.0,0.0,N,1.0,0.0
2026-05-07T11:15:56,codecarbon,e53f0046-edea-4294-8fe0-941f6fc9a7d3,5b0fa12a-3dd7-45bb-9766-cc326314d9f1,1.6607886000128929,2.091390697844167e-06,1.2592756825449857e-06,1.508001504,0.0,10.0,4.860319007453864e-07,0.0,3.222396944491064e-06,3.7084288452364495e-06,0.0,Tunisia,TUN,,,,Windows-11-10.0.26200-SP0,3.13.3,3.2.6,8,Intel(R) Core(TM) i7-8650U CPU @ 1.90GHz,0,,,,7.87811279296875,machine,0.0,0,0.0,0.0,N,1.0,0.0
2026-05-07T11:15:59,codecarbon,cac321b2-01cb-45e6-8470-910874be7d36,5b0fa12a-3dd7-45bb-9766-cc326314d9f1,1.666716500010807,2.09968808868044e-06,1.259775185922036e-06,1.5005306040000002,0.0,10.0,4.858558455988829e-07,0.0,3.237285833327203e-06,3.723141678926086e-06,0.0,Tunisia,TUN,,,,Windows-11-10.0.26200-SP0,3.13.3,3.2.6,8,Intel(R) Core(TM) i7-8650U CPU @ 1.90GHz,0,,,,7.87811279296875,machine,0.0,0,0.0,0.0,N,1.0,0.0
2026-05-07T11:16:02,codecarbon,f89fc796-7f2c-412e-a5bc-ed35d53378d1,5b0fa12a-3dd7-45bb-9766-cc326314d9f1,1.672357599978568,2.110043485191329e-06,1.2617178797276192e-06,1.5005788125,0.0,10.0,4.882759658052561e-07,0.0,3.25322777773383e-06,3.741503743539086e-06,0.0,Tunisia,TUN,,,,Windows-11-10.0.26200-SP0,3.13.3,3.2.6,8,Intel(R) Core(TM) i7-8650U CPU @ 1.90GHz,0,,,,7.87811279296875,machine,0.0,0,0.0,0.0,N,1.0,0.0
2026-05-07T11:16:05,codecarbon,02f71e91-fbfb-43a6-8af4-4a4489f4543d,5b0fa12a-3dd7-45bb-9766-cc326314d9f1,1.6589730000123382,2.0864125947578025e-06,1.2576531352483043e-06,1.5016875000000005,0.0,10.0,4.831200659829333e-07,0.0,3.216481666701536e-06,3.6996017326844687e-06,0.0,Tunisia,TUN,,,,Windows-11-10.0.26200-SP0,3.13.3,3.2.6,8,Intel(R) Core(TM) i7-8650U CPU @ 1.90GHz,0,,,,7.87811279296875,machine,0.0,0,0.0,0.0,N,1.0,0.0
2026-05-07T11:16:08,codecarbon,8c5719c3-b21e-4fcc-b62d-831c7bd8d909,5b0fa12a-3dd7-45bb-9766-cc326314d9f1,1.658263300021645,2.0849378198474923e-06,1.2573020338930966e-06,1.5005788125,0.0,10.0,4.824566794922681e-07,0.0,3.214530000049207e-06,3.696986679541475e-06,0.0,Tunisia,TUN,,,,Windows-11-10.0.26200-SP0,3.13.3,3.2.6,8,Intel(R) Core(TM) i7-8650U CPU @ 1.90GHz,0,,,,7.87811279296875,machine,0.0,0,0.0,0.0,N,1.0,0.0
2026-05-07T11:16:11,codecarbon,8039c8b0-459a-4106-864e-101e2b320950,5b0fa12a-3dd7-45bb-9766-cc326314d9f1,1.5032236000115518,1.818575951576427e-06,1.209784061108708e-06,1.5854769375000006,0.0,10.0,4.413975721452189e-07,0.0,2.7832794444596705e-06,3.2246770166048894e-06,0.0,Tunisia,TUN,,,,Windows-11-10.0.26200-SP0,3.13.3,3.2.6,8,Intel(R) Core(TM) i7-8650U CPU @ 1.90GHz,0,,,,7.87811279296875,machine,0.0,0,0.0,0.0,N,1.0,0.0
2026-05-07T11:16:14,codecarbon,d557524d-2122-4a07-8e1b-aa277e8fac1c,5b0fa12a-3dd7-45bb-9766-cc326314d9f1,1.504769999999553,1.817457016843056e-06,1.2077972160819235e-06,1.5663255,0.0,10.0,4.365196016725098e-07,0.0,2.7861733333136523e-06,3.222692934986162e-06,0.0,Tunisia,TUN,,,,Windows-11-10.0.26200-SP0,3.13.3,3.2.6,8,Intel(R) Core(TM) i7-8650U CPU @ 1.90GHz,0,,,,7.87811279296875,machine,0.0,0,0.0,0.0,N,1.0,0.0
2026-05-07T11:16:17,codecarbon,37b1a43a-00f1-4ae7-9d7b-e26c21d00506,5b0fa12a-3dd7-45bb-9766-cc326314d9f1,1.5042899000109171,1.8215671723486955e-06,1.210914978778675e-06,1.5940662585,0.0,10.0,4.442118465990449e-07,0.0,2.785769166722376e-06,3.229981013321421e-06,0.0,Tunisia,TUN,,,,Windows-11-10.0.26200-SP0,3.13.3,3.2.6,8,Intel(R) Core(TM) i7-8650U CPU @ 1.90GHz,0,,,,7.87811279296875,machine,0.0,0,0.0,0.0,N,1.0,0.0
2026-05-07T11:16:20,codecarbon,f082ad69-864d-4a41-a417-c7c834107d04,5b0fa12a-3dd7-45bb-9766-cc326314d9f1,1.5038284999900495,1.832030790561267e-06,1.218244494351177e-06,1.6664062785000002,0.0,10.0,4.6413580871638453e-07,0.0,2.784399166638549e-06,3.2485349753549337e-06,0.0,Tunisia,TUN,,,,Windows-11-10.0.26200-SP0,3.13.3,3.2.6,8,Intel(R) Core(TM) i7-8650U CPU @ 1.90GHz,0,,,,7.87811279296875,machine,0.0,0,0.0,0.0,N,1.0,0.0
2026-05-07T11:16:23,codecarbon,0ff770c8-cdce-48d1-8a47-d94f3b17cdf2,5b0fa12a-3dd7-45bb-9766-cc326314d9f1,1.503624100005254,1.8192181845493764e-06,1.2098889506646106e-06,1.586870556,0.0,10.0,4.4189914970899314e-07,0.0,2.783916666683379e-06,3.225815816392372e-06,0.0,Tunisia,TUN,,,,Windows-11-10.0.26200-SP0,3.13.3,3.2.6,8,Intel(R) Core(TM) i7-8650U CPU @ 1.90GHz,0,,,,7.87811279296875,machine,0.0,0,0.0,0.0,N,1.0,0.0
2026-05-07T11:16:26,codecarbon,861b2cd5-a839-4fc1-a055-1980e0e45f9f,5b0fa12a-3dd7-45bb-9766-cc326314d9f1,1.503740199987078,1.8223020249344032e-06,1.2118463182337365e-06,1.6032125355000002,0.0,10.0,4.465659895625896e-07,0.0,2.784718055530296e-06,3.231284045092885e-06,0.0,Tunisia,TUN,,,,Windows-11-10.0.26200-SP0,3.13.3,3.2.6,8,Intel(R) Core(TM) i7-8650U CPU @ 1.90GHz,0,,,,7.87811279296875,machine,0.0,0,0.0,0.0,N,1.0,0.0
2026-05-07T11:16:29,codecarbon,585777a3-96c3-432a-ba50-fd70f08da177,5b0fa12a-3dd7-45bb-9766-cc326314d9f1,1.5038526999996975,1.820729509737322e-06,1.2107100048679557e-06,1.5925965000000006,0.0,10.0,4.436315133453077e-07,0.0,2.7848641667029976e-06,3.228495680048305e-06,0.0,Tunisia,TUN,,,,Windows-11-10.0.26200-SP0,3.13.3,3.2.6,8,Intel(R) Core(TM) i7-8650U CPU @ 1.90GHz,0,,,,7.87811279296875,machine,0.0,0,0.0,0.0,N,1.0,0.0
2026-05-07T11:16:32,codecarbon,bc1c5efb-3e69-4d23-b24d-c60c5a9eeef1,5b0fa12a-3dd7-45bb-9766-cc326314d9f1,1.503563700011,1.8219179291236069e-06,1.2117331172003406e-06,1.6001008125000002,0.0,10.0,4.4572074878396913e-07,0.0,2.7848822222343493e-06,3.2306029710183187e-06,0.0,Tunisia,TUN,,,,Windows-11-10.0.26200-SP0,3.13.3,3.2.6,8,Intel(R) Core(TM) i7-8650U CPU @ 1.90GHz,0,,,,7.87811279296875,machine,0.0,0,0.0,0.0,N,1.0,0.0
2026-05-07T11:16:35,codecarbon,90316b5c-a35a-444c-8ccd-d2ba60cf39ac,5b0fa12a-3dd7-45bb-9766-cc326314d9f1,1.5036905000160914,1.8210033343154351e-06,1.2110227033395158e-06,1.595551488,0.0,10.0,4.444090002802947e-07,0.0,2.7845722222183314e-06,3.228981222498626e-06,0.0,Tunisia,TUN,,,,Windows-11-10.0.26200-SP0,3.13.3,3.2.6,8,Intel(R) Core(TM) i7-8650U CPU @ 1.90GHz,0,,,,7.87811279296875,machine,0.0,0,0.0,0.0,N,1.0,0.0
2026-05-07T11:16:38,codecarbon,8aa11223-d762-40b7-9007-e8e177bbb6db,5b0fa12a-3dd7-45bb-9766-cc326314d9f1,1.503231299982872,1.8166800064875973e-06,1.2085166178407124e-06,1.571118324,0.0,10.0,4.374865384600689e-07,0.0,2.7838286111040767e-06,3.2213151495641457e-06,0.0,Tunisia,TUN,,,,Windows-11-10.0.26200-SP0,3.13.3,3.2.6,8,Intel(R) Core(TM) i7-8650U CPU @ 1.90GHz,0,,,,7.87811279296875,machine,0.0,0,0.0,0.0,N,1.0,0.0
2026-05-07T11:16:41,codecarbon,bd9891cf-ebe6-4098-a024-b6ee79f0b378,5b0fa12a-3dd7-45bb-9766-cc326314d9f1,1.5037830999935975,1.8229516703384364e-06,1.2122437540002928e-06,1.6032125355000002,0.0,10.0,4.467262662845492e-07,0.0,2.7857097222295127e-06,3.232435988514062e-06,0.0,Tunisia,TUN,,,,Windows-11-10.0.26200-SP0,3.13.3,3.2.6,8,Intel(R) Core(TM) i7-8650U CPU @ 1.90GHz,0,,,,7.87811279296875,machine,0.0,0,0.0,0.0,N,1.0,0.0
2026-05-07T11:16:43,codecarbon,42b55622-78ca-464d-8ccd-26537e5af0fb,5b0fa12a-3dd7-45bb-9766-cc326314d9f1,1.5030706000106877,1.815351309183772e-06,1.2077618371158771e-06,1.571118324,0.0,10.0,4.371768972411416e-07,0.0,2.78178222223586e-06,3.2189591194770016e-06,0.0,Tunisia,TUN,,,,Windows-11-10.0.26200-SP0,3.13.3,3.2.6,8,Intel(R) Core(TM) i7-8650U CPU @ 1.90GHz,0,,,,7.87811279296875,machine,0.0,0,0.0,0.0,N,1.0,0.0
2026-05-07T11:16:46,codecarbon,0c835df1-443a-4b48-9661-b7a6d712994a,5b0fa12a-3dd7-45bb-9766-cc326314d9f1,1.5034193999890704,1.8262883329512085e-06,1.2147563966279038e-06,1.6304585595,0.0,10.0,4.540808519118604e-07,0.0,2.7842716666378286e-06,3.238352518549689e-06,0.0,Tunisia,TUN,,,,Windows-11-10.0.26200-SP0,3.13.3,3.2.6,8,Intel(R) Core(TM) i7-8650U CPU @ 1.90GHz,0,,,,7.87811279296875,machine,0.0,0,0.0,0.0,N,1.0,0.0
2026-05-07T11:16:49,codecarbon,8b953ae0-b735-4e77-a89b-5c5200c0b3db,5b0fa12a-3dd7-45bb-9766-cc326314d9f1,1.5039167999930214,1.8164103721968456e-06,1.207786476090482e-06,1.5675028485000002,0.0,10.0,4.365503706098014e-07,0.0,2.7842866666712023e-06,3.220837037281004e-06,0.0,Tunisia,TUN,,,,Windows-11-10.0.26200-SP0,3.13.3,3.2.6,8,Intel(R) Core(TM) i7-8650U CPU @ 1.90GHz,0,,,,7.87811279296875,machine,0.0,0,0.0,0.0,N,1.0,0.0
2026-05-07T11:16:52,codecarbon,73986acf-4d4a-4115-a35d-34c13c1206bc,5b0fa12a-3dd7-45bb-9766-cc326314d9f1,1.5040111000125762,1.8167397291444305e-06,1.207929734780042e-06,1.5675028485000002,0.0,10.0,4.366296601243665e-07,0.0,2.7847913889369617e-06,3.2214210490613284e-06,0.0,Tunisia,TUN,,,,Windows-11-10.0.26200-SP0,3.13.3,3.2.6,8,Intel(R) Core(TM) i7-8650U CPU @ 1.90GHz,0,,,,7.87811279296875,machine,0.0,0,0.0,0.0,N,1.0,0.0
2026-05-07T11:16:55,codecarbon,018c6baf-fc24-4a3b-ba50-5127029e8b66,5b0fa12a-3dd7-45bb-9766-cc326314d9f1,1.5039114000101108,1.820851320453808e-06,1.2107437449051629e-06,1.595551488,0.0,10.0,4.443708400004152e-07,0.0,2.784340833346101e-06,3.228711673346516e-06,0.0,Tunisia,TUN,,,,Windows-11-10.0.26200-SP0,3.13.3,3.2.6,8,Intel(R) Core(TM) i7-8650U CPU @ 1.90GHz,0,,,,7.87811279296875,machine,0.0,0,0.0,0.0,N,1.0,0.0
2026-05-07T11:16:58,codecarbon,438561f9-590a-4bab-a536-1a9c6480413a,5b0fa12a-3dd7-45bb-9766-cc326314d9f1,1.5035825000086334,1.815640404764586e-06,1.207542921491944e-06,1.5606436875,0.0,10.0,4.347200736309356e-07,0.0,2.7847516666548067e-06,3.219471740285742e-06,0.0,Tunisia,TUN,,,,Windows-11-10.0.26200-SP0,3.13.3,3.2.6,8,Intel(R) Core(TM) i7-8650U CPU @ 1.90GHz,0,,,,7.87811279296875,machine,0.0,0,0.0,0.0,N,1.0,0.0
2026-05-07T11:17:01,codecarbon,c51b0103-d00b-4579-8451-68d1d2478d97,5b0fa12a-3dd7-45bb-9766-cc326314d9f1,1.503193899989128,1.8204160935042737e-06,1.2110321186890397e-06,1.598568684,0.0,10.0,4.450027119327704e-07,0.0,2.7829372222186067e-06,3.227939934151377e-06,0.0,Tunisia,TUN,,,,Windows-11-10.0.26200-SP0,3.13.3,3.2.6,8,Intel(R) Core(TM) i7-8650U CPU @ 1.90GHz,0,,,,7.87811279296875,machine,0.0,0,0.0,0.0,N,1.0,0.0
2026-05-07T11:17:04,codecarbon,94647789-6b6b-47a5-be4b-8b285e350f1d,5b0fa12a-3dd7-45bb-9766-cc326314d9f1,1.5028962999931537,1.8169096485706124e-06,1.2089387994227474e-06,1.5761366520000006,0.0,10.0,4.387484593041717e-07,0.0,2.782973888841096e-06,3.221722348145267e-06,0.0,Tunisia,TUN,,,,Windows-11-10.0.26200-SP0,3.13.3,3.2.6,8,Intel(R) Core(TM) i7-8650U CPU @ 1.90GHz,0,,,,7.87811279296875,machine,0.0,0,0.0,0.0,N,1.0,0.0
2026-05-07T11:17:07,codecarbon,488570d5-2580-474c-964d-7afa89eb28ac,5b0fa12a-3dd7-45bb-9766-cc326314d9f1,1.5031813999812584,1.816727494191461e-06,1.2085883275392522e-06,1.5735989760000002,0.0,10.0,4.380946320024026e-07,0.0,2.783304722187394e-06,3.2213993541897965e-06,0.0,Tunisia,TUN,,,,Windows-11-10.0.26200-SP0,3.13.3,3.2.6,8,Intel(R) Core(TM) i7-8650U CPU @ 1.90GHz,0,,,,7.87811279296875,machine,0.0,0,0.0,0.0,N,1.0,0.0
2026-05-07T11:17:10,codecarbon,a13cb3b5-9fd4-4cae-83c8-0cc4205fc88f,5b0fa12a-3dd7-45bb-9766-cc326314d9f1,1.5037465000059456,1.8212350413590056e-06,1.2111316909810297e-06,1.5970522695000002,0.0,10.0,4.448254159416655e-07,0.0,2.784566666701317e-06,3.2293920826429825e-06,0.0,Tunisia,TUN,,,,Windows-11-10.0.26200-SP0,3.13.3,3.2.6,8,Intel(R) Core(TM) i7-8650U CPU @ 1.90GHz,0,,,,7.87811279296875,machine,0.0,0,0.0,0.0,N,1.0,0.0
2026-05-07T11:17:13,codecarbon,cf6adea1-0a3a-43a1-8de6-a5f7ed0e05c7,5b0fa12a-3dd7-45bb-9766-cc326314d9f1,1.503163699992001,1.818324647415899e-06,1.2096650866606046e-06,1.5827345745000003,0.0,10.0,4.406769626366041e-07,0.0,2.783554444451713e-06,3.224231407088317e-06,0.0,Tunisia,TUN,,,,Windows-11-10.0.26200-SP0,3.13.3,3.2.6,8,Intel(R) Core(TM) i7-8650U CPU @ 1.90GHz,0,,,,7.87811279296875,machine,0.0,0,0.0,0.0,N,1.0,0.0
2026-05-07T11:17:16,codecarbon,86df59d8-83f4-42b8-bec1-b76262c1e54b,5b0fa12a-3dd7-45bb-9766-cc326314d9f1,1.5029232000233606,1.8196421198323508e-06,1.2107352656503456e-06,1.5925965000000006,0.0,10.0,4.433666999433748e-07,0.0,2.783200833396728e-06,3.2265675333401024e-06,0.0,Tunisia,TUN,,,,Windows-11-10.0.26200-SP0,3.13.3,3.2.6,8,Intel(R) Core(TM) i7-8650U CPU @ 1.90GHz,0,,,,7.87811279296875,machine,0.0,0,0.0,0.0,N,1.0,0.0
2026-05-07T11:17:19,codecarbon,a4733c40-7bb9-4d43-bc24-1fcd65d7cc72,5b0fa12a-3dd7-45bb-9766-cc326314d9f1,1.5031090000120455,1.8181020267793827e-06,1.2095610010749803e-06,1.5827345745000003,0.0,10.0,4.406233255215033e-07,0.0,2.7832133333302203e-06,3.2238366588517235e-06,0.0,Tunisia,TUN,,,,Windows-11-10.0.26200-SP0,3.13.3,3.2.6,8,Intel(R) Core(TM) i7-8650U CPU @ 1.90GHz,0,,,,7.87811279296875,machine,0.0,0,0.0,0.0,N,1.0,0.0
2026-05-07T11:17:22,codecarbon,08a3aeff-8602-4b1c-a5b5-247c98b477f0,5b0fa12a-3dd7-45bb-9766-cc326314d9f1,1.5035367999807931,1.8457715943816549e-06,1.227619832388029e-06,1.7569612005000002,0.0,10.0,4.892094479655767e-07,0.0,2.783690555548269e-06,3.2729000035138463e-06,0.0,Tunisia,TUN,,,,Windows-11-10.0.26200-SP0,3.13.3,3.2.6,8,Intel(R) Core(TM) i7-8650U CPU @ 1.90GHz,0,,,,7.87811279296875,machine,0.0,0,0.0,0.0,N,1.0,0.0
2026-05-07T11:17:24,codecarbon,34e88e6f-4606-4375-b3e9-f7c8af743871,5b0fa12a-3dd7-45bb-9766-cc326314d9f1,1.5036456999951042,1.8203838730422608e-06,1.210646811977175e-06,1.5925965000000006,0.0,10.0,4.435839123906472e-07,0.0,2.784298888824803e-06,3.2278828012154503e-06,0.0,Tunisia,TUN,,,,Windows-11-10.0.26200-SP0,3.13.3,3.2.6,8,Intel(R) Core(TM) i7-8650U CPU @ 1.90GHz,0,,,,7.87811279296875,machine,0.0,0,0.0,0.0,N,1.0,0.0
2026-05-07T11:17:27,codecarbon,e43e9c74-b9ee-433e-bbb3-777fa3e254b6,5b0fa12a-3dd7-45bb-9766-cc326314d9f1,1.5039506999892185,1.817075057164254e-06,1.2082012111017206e-06,1.5651619215000006,0.0,10.0,4.361567598558217e-07,0.0,2.7858588888193483e-06,3.2220156486751698e-06,0.0,Tunisia,TUN,,,,Windows-11-10.0.26200-SP0,3.13.3,3.2.6,8,Intel(R) Core(TM) i7-8650U CPU @ 1.90GHz,0,,,,7.87811279296875,machine,0.0,0,0.0,0.0,N,1.0,0.0
2026-05-07T11:17:30,codecarbon,3b62accc-3913-436c-94d0-ba571df016ab,5b0fa12a-3dd7-45bb-9766-cc326314d9f1,1.5034736999950835,1.8197945037610576e-06,1.2103933070242654e-06,1.5897030720000005,0.0,10.0,4.427271831781114e-07,0.0,2.7841105555125977e-06,3.2268377386907093e-06,0.0,Tunisia,TUN,,,,Windows-11-10.0.26200-SP0,3.13.3,3.2.6,8,Intel(R) Core(TM) i7-8650U CPU @ 1.90GHz,0,,,,7.87811279296875,machine,0.0,0,0.0,0.0,N,1.0,0.0
2026-05-07T11:17:33,codecarbon,fd672384-bfcd-4ba1-95ce-45793bbb1c33,5b0fa12a-3dd7-45bb-9766-cc326314d9f1,1.505214500008151,1.8252316904734364e-06,1.212605705342031e-06,1.611272508,0.0,10.0,4.492252816578301e-07,0.0,2.787253611151957e-06,3.236478892809787e-06,0.0,Tunisia,TUN,,,,Windows-11-10.0.26200-SP0,3.13.3,3.2.6,8,Intel(R) Core(TM) i7-8650U CPU @ 1.90GHz,0,,,,7.87811279296875,machine,0.0,0,0.0,0.0,N,1.0,0.0
2026-05-07T11:17:36,codecarbon,dc8652df-7706-4691-b269-cd684a178094,5b0fa12a-3dd7-45bb-9766-cc326314d9f1,1.504104699997697,1.820233504286629e-06,1.2101773927635602e-06,1.5854769375000006,0.0,10.0,4.41823669073825e-07,0.0,2.7857925000716933e-06,3.227616169145518e-06,0.0,Tunisia,TUN,,,,Windows-11-10.0.26200-SP0,3.13.3,3.2.6,8,Intel(R) Core(TM) i7-8650U CPU @ 1.90GHz,0,,,,7.87811279296875,machine,0.0,0,0.0,0.0,N,1.0,0.0
2026-05-07T11:17:39,codecarbon,b6c7345f-6e14-4606-bcda-c32dffe9d1cb,5b0fa12a-3dd7-45bb-9766-cc326314d9f1,1.5032782000198497,1.8202996309452247e-06,1.2108867346850303e-06,1.5897030720000005,0.0,10.0,4.428306463569078e-07,0.0,2.7849027777847367e-06,3.2277334241416444e-06,0.0,Tunisia,TUN,,,,Windows-11-10.0.26200-SP0,3.13.3,3.2.6,8,Intel(R) Core(TM) i7-8650U CPU @ 1.90GHz,0,,,,7.87811279296875,machine,0.0,0,0.0,0.0,N,1.0,0.0
2026-05-07T11:17:42,codecarbon,4ed52cd9-aafc-4b91-8bf8-d8d15fb84978,5b0fa12a-3dd7-45bb-9766-cc326314d9f1,1.5034455000131857,1.821638224421044e-06,1.2116423404806273e-06,1.6032125355000002,0.0,10.0,4.463836686689044e-07,0.0,2.7837233333331016e-06,3.230107002002006e-06,0.0,Tunisia,TUN,,,,Windows-11-10.0.26200-SP0,3.13.3,3.2.6,8,Intel(R) Core(TM) i7-8650U CPU @ 1.90GHz,0,,,,7.87811279296875,machine,0.0,0,0.0,0.0,N,1.0,0.0
2026-05-07T11:17:45,codecarbon,a1e145ce-21d1-41ee-aeff-84072f5e2bb8,5b0fa12a-3dd7-45bb-9766-cc326314d9f1,1.5041515000048091,1.8188091357847047e-06,1.2091927812982202e-06,1.578732,0.0,10.0,4.398302182817258e-07,0.0,2.785260277758223e-06,3.2250904960399487e-06,0.0,Tunisia,TUN,,,,Windows-11-10.0.26200-SP0,3.13.3,3.2.6,8,Intel(R) Core(TM) i7-8650U CPU @ 1.90GHz,0,,,,7.87811279296875,machine,0.0,0,0.0,0.0,N,1.0,0.0
2026-05-07T11:17:48,codecarbon,8d0e6a67-e35a-4203-9af6-626f1b862067,5b0fa12a-3dd7-45bb-9766-cc326314d9f1,1.5033856999943964,1.8225040086713488e-06,1.2122664254942305e-06,1.608,0.0,10.0,4.4776997800334363e-07,0.0,2.783872222223888e-06,3.231642200227232e-06,0.0,Tunisia,TUN,,,,Windows-11-10.0.26200-SP0,3.13.3,3.2.6,8,Intel(R) Core(TM) i7-8650U CPU @ 1.90GHz,0,,,,7.87811279296875,machine,0.0,0,0.0,0.0,N,1.0,0.0
2026-05-07T11:17:51,codecarbon,3b0388aa-e8da-4b1a-bc46-10c2827103d8,5b0fa12a-3dd7-45bb-9766-cc326314d9f1,1.5036327999841888,1.819440306190892e-06,1.2100296736078277e-06,1.586870556,0.0,10.0,4.419438465569509e-07,0.0,2.784265833260077e-06,3.2262096798170283e-06,0.0,Tunisia,TUN,,,,Windows-11-10.0.26200-SP0,3.13.3,3.2.6,8,Intel(R) Core(TM) i7-8650U CPU @ 1.90GHz,0,,,,7.87811279296875,machine,0.0,0,0.0,0.0,N,1.0,0.0
2026-05-07T11:17:54,codecarbon,9dc7f39a-0e2e-48df-9681-d41449ed6ee1,5b0fa12a-3dd7-45bb-9766-cc326314d9f1,1.503672299993923,1.822752161200284e-06,1.212200398456266e-06,1.6047922920000002,0.0,10.0,4.470541657622341e-07,0.0,2.785028055546314e-06,3.232082221308548e-06,0.0,Tunisia,TUN,,,,Windows-11-10.0.26200-SP0,3.13.3,3.2.6,8,Intel(R) Core(TM) i7-8650U CPU @ 1.90GHz,0,,,,7.87811279296875,machine,0.0,0,0.0,0.0,N,1.0,0.0
2026-05-07T11:17:57,codecarbon,03691ec7-3224-4503-aaef-fbdf1afd1452,5b0fa12a-3dd7-45bb-9766-cc326314d9f1,1.5032281000167131,1.819092588515601e-06,1.2101241245393007e-06,1.5882792405,0.0,10.0,4.4219449987059844e-07,0.0,2.7833986111444475e-06,3.225593111015046e-06,0.0,Tunisia,TUN,,,,Windows-11-10.0.26200-SP0,3.13.3,3.2.6,8,Intel(R) Core(TM) i7-8650U CPU @ 1.90GHz,0,,,,7.87811279296875,machine,0.0,0,0.0,0.0,N,1.0,0.0
2026-05-07T11:18:00,codecarbon,086a6491-6341-4b5f-bfef-e2b8c1b53f1c,5b0fa12a-3dd7-45bb-9766-cc326314d9f1,1.5034944000071846,1.8196938254318253e-06,1.210309679519345e-06,1.5897030720000005,0.0,10.0,4.426842170308782e-07,0.0,2.78397500005667e-06,3.2266592170875486e-06,0.0,Tunisia,TUN,,,,Windows-11-10.0.26200-SP0,3.13.3,3.2.6,8,Intel(R) Core(TM) i7-8650U CPU @ 1.90GHz,0,,,,7.87811279296875,machine,0.0,0,0.0,0.0,N,1.0,0.0
2026-05-07T11:18:03,codecarbon,0221df34-7743-4236-a0b4-9b690077c2cf,5b0fa12a-3dd7-45bb-9766-cc326314d9f1,1.5036490999918897,1.8216710898878605e-06,1.2115001364997232e-06,1.6032125355000002,0.0,10.0,4.464108342141206e-07,0.0,2.783754444438576e-06,3.2301652786526965e-06,0.0,Tunisia,TUN,,,,Windows-11-10.0.26200-SP0,3.13.3,3.2.6,8,Intel(R) Core(TM) i7-8650U CPU @ 1.90GHz,0,,,,7.87811279296875,machine,0.0,0,0.0,0.0,N,1.0,0.0
2026-05-07T11:18:06,codecarbon,ef0e7cb1-a467-48ca-a7b9-7147e39925fc,5b0fa12a-3dd7-45bb-9766-cc326314d9f1,1.5034570999850985,1.819507177973056e-06,1.2102155611830164e-06,1.586870556,0.0,10.0,4.419749227777155e-07,0.0,2.784353333279594e-06,3.2263282560573098e-06,0.0,Tunisia,TUN,,,,Windows-11-10.0.26200-SP0,3.13.3,3.2.6,8,Intel(R) Core(TM) i7-8650U CPU @ 1.90GHz,0,,,,7.87811279296875,machine,0.0,0,0.0,0.0,N,1.0,0.0
2026-05-07T11:18:09,codecarbon,348441af-b51a-4d47-85d5-236e90631161,5b0fa12a-3dd7-45bb-9766-cc326314d9f1,1.5038556999934372,1.8219820578174e-06,1.2115404807956975e-06,1.6001008125000002,0.0,10.0,4.457383498975716e-07,0.0,2.784978333349702e-06,3.2307166832472734e-06,0.0,Tunisia,TUN,,,,Windows-11-10.0.26200-SP0,3.13.3,3.2.6,8,Intel(R) Core(TM) i7-8650U CPU @ 1.90GHz,0,,,,7.87811279296875,machine,0.0,0,0.0,0.0,N,1.0,0.0
2026-05-07T11:18:11,codecarbon,b23ae9f5-b9bd-46c1-9d49-b6602b5d79a3,5b0fa12a-3dd7-45bb-9766-cc326314d9f1,1.5032817000173964,1.820233948615193e-06,1.2108402228232596e-06,1.5940662585,0.0,10.0,4.438627903649009e-07,0.0,2.783754166658684e-06,3.2276169570235846e-06,0.0,Tunisia,TUN,,,,Windows-11-10.0.26200-SP0,3.13.3,3.2.6,8,Intel(R) Core(TM) i7-8650U CPU @ 1.90GHz,0,,,,7.87811279296875,machine,0.0,0,0.0,0.0,N,1.0,0.0
2026-05-07T11:18:14,codecarbon,649034f7-fabc-4367-a91f-93857f97a624,5b0fa12a-3dd7-45bb-9766-cc326314d9f1,1.5035039999929722,1.82304860739744e-06,1.2125332605739402e-06,1.611272508,0.0,10.0,4.486892649991972e-07,0.0,2.7839186111426293e-06,3.2326078761418267e-06,0.0,Tunisia,TUN,,,,Windows-11-10.0.26200-SP0,3.13.3,3.2.6,8,Intel(R) Core(TM) i7-8650U CPU @ 1.90GHz,0,,,,7.87811279296875,machine,0.0,0,0.0,0.0,N,1.0,0.0
2026-05-07T11:18:17,codecarbon,e151ee71-56ca-4ceb-909a-b687ec7c45a8,5b0fa12a-3dd7-45bb-9766-cc326314d9f1,1.5034228999866173,1.8316502870610856e-06,1.2183200662151616e-06,1.6664062785000002,0.0,10.0,4.640208266833111e-07,0.0,2.7838394444390564e-06,3.247860271122368e-06,0.0,Tunisia,TUN,,,,Windows-11-10.0.26200-SP0,3.13.3,3.2.6,8,Intel(R) Core(TM) i7-8650U CPU @ 1.90GHz,0,,,,7.87811279296875,machine,0.0,0,0.0,0.0,N,1.0,0.0
2026-05-07T11:18:20,codecarbon,73a68ef6-8e35-4155-b19b-f794d76935ec,5b0fa12a-3dd7-45bb-9766-cc326314d9f1,1.5033846000151243,1.8222597888931752e-06,1.212104865830635e-06,1.6047922920000002,0.0,10.0,4.469344304356398e-07,0.0,2.784274722216651e-06,3.2312091526522906e-06,0.0,Tunisia,TUN,,,,Windows-11-10.0.26200-SP0,3.13.3,3.2.6,8,Intel(R) Core(TM) i7-8650U CPU @ 1.90GHz,0,,,,7.87811279296875,machine,0.0,0,0.0,0.0,N,1.0,0.0
2026-05-07T11:18:24,codecarbon,c263d598-9390-43c4-80eb-3d85478fd298,5b0fa12a-3dd7-45bb-9766-cc326314d9f1,1.8548439999867696,2.44011450510375e-06,1.3155362419271674e-06,1.5061631955,0.0,10.0,5.66456430576892e-07,0.0,3.76032527775452e-06,4.326781708331412e-06,0.0,Tunisia,TUN,,,,Windows-11-10.0.26200-SP0,3.13.3,3.2.6,8,Intel(R) Core(TM) i7-8650U CPU @ 1.90GHz,0,,,,7.87811279296875,machine,0.0,0,0.0,0.0,N,1.0,0.0
2026-05-07T11:18:27,codecarbon,7c220e35-f110-4e33-a300-b45cf86a22e9,5b0fa12a-3dd7-45bb-9766-cc326314d9f1,1.878246099979151,2.4815417039779542e-06,1.32120157417364e-06,1.5002963520000006,0.0,10.0,5.741210305267039e-07,0.0,3.826118888860543e-06,4.400239919387247e-06,0.0,Tunisia,TUN,,,,Windows-11-10.0.26200-SP0,3.13.3,3.2.6,8,Intel(R) Core(TM) i7-8650U CPU @ 1.90GHz,0,,,,7.87811279296875,machine,0.0,0,0.0,0.0,N,1.0,0.0
2026-05-07T11:18:30,codecarbon,d99c2129-781a-4d07-89ef-cfd2b189dcdd,5b0fa12a-3dd7-45bb-9766-cc326314d9f1,1.8509281000006013,2.432250563948896e-06,1.314070797211467e-06,1.5006838155000002,0.0,10.0,5.628563513421622e-07,0.0,3.749981111064295e-06,4.3128374624064566e-06,0.0,Tunisia,TUN,,,,Windows-11-10.0.26200-SP0,3.13.3,3.2.6,8,Intel(R) Core(TM) i7-8650U CPU @ 1.90GHz,0,,,,7.87811279296875,machine,0.0,0,0.0,0.0,N,1.0,0.0
2026-05-07T11:18:34,codecarbon,d1360bd7-c889-48e5-8b33-c569c80de65d,5b0fa12a-3dd7-45bb-9766-cc326314d9f1,1.857225799991284,2.4439328153058875e-06,1.315905053288274e-06,1.5017907885,0.0,10.0,5.659272900620963e-07,0.0,3.7676250000206174e-06,4.333552290082714e-06,0.0,Tunisia,TUN,,,,Windows-11-10.0.26200-SP0,3.13.3,3.2.6,8,Intel(R) Core(TM) i7-8650U CPU @ 1.90GHz,0,,,,7.87811279296875,machine,0.0,0,0.0,0.0,N,1.0,0.0
2026-05-07T11:18:37,codecarbon,78b5ea0a-704b-4b3a-873d-85dee9f7fc4a,5b0fa12a-3dd7-45bb-9766-cc326314d9f1,1.852295899996534,2.4353238581252967e-06,1.3147596224392947e-06,1.5008008065,0.0,10.0,5.635956018020375e-07,0.0,3.754691388894571e-06,4.318286990696609e-06,0.0,Tunisia,TUN,,,,Windows-11-10.0.26200-SP0,3.13.3,3.2.6,8,Intel(R) Core(TM) i7-8650U CPU @ 1.90GHz,0,,,,7.87811279296875,machine,0.0,0,0.0,0.0,N,1.0,0.0
2026-05-07T11:18:40,codecarbon,4c1613e6-9ebe-4641-af31-0f0d89a7efb7,5b0fa12a-3dd7-45bb-9766-cc326314d9f1,1.86093450000044,2.45121995766184e-06,1.3171984063175035e-06,1.5040603005,0.0,10.0,5.683434854749625e-07,0.0,3.778130277836075e-06,4.346473763311038e-06,0.0,Tunisia,TUN,,,,Windows-11-10.0.26200-SP0,3.13.3,3.2.6,8,Intel(R) Core(TM) i7-8650U CPU @ 1.90GHz,0,,,,7.87811279296875,machine,0.0,0,0.0,0.0,N,1.0,0.0
2026-05-07T11:18:43,codecarbon,deef5d89-e2e0-4391-8ff3-d7eb901538ef,5b0fa12a-3dd7-45bb-9766-cc326314d9f1,1.883250000013504,2.490593458300547e-06,1.3224975219873557e-06,1.5005788125,0.0,10.0,5.7631038132717e-07,0.0,3.839980000015607e-06,4.4162903813427766e-06,0.0,Tunisia,TUN,,,,Windows-11-10.0.26200-SP0,3.13.3,3.2.6,8,Intel(R) Core(TM) i7-8650U CPU @ 1.90GHz,0,,,,7.87811279296875,machine,0.0,0,0.0,0.0,N,1.0,0.0
2026-05-07T11:18:47,codecarbon,72c9e7ed-689f-463e-9053-418f7441fc4b,5b0fa12a-3dd7-45bb-9766-cc326314d9f1,1.8475479999906383,2.426710272973618e-06,1.3134761711121523e-06,1.502125764,0.0,10.0,5.620340406376171e-07,0.0,3.740979444410186e-06,4.303013485047803e-06,0.0,Tunisia,TUN,,,,Windows-11-10.0.26200-SP0,3.13.3,3.2.6,8,Intel(R) Core(TM) i7-8650U CPU @ 1.90GHz,0,,,,7.87811279296875,machine,0.0,0,0.0,0.0,N,1.0,0.0
2026-05-07T11:18:50,codecarbon,0fed4a95-854e-46fe-a06b-6a4d55a46797,5b0fa12a-3dd7-45bb-9766-cc326314d9f1,1.8445649000059348,2.420065482818192e-06,1.311998012545075e-06,1.5004021785,0.0,10.0,5.599479674402648e-07,0.0,3.7312830555796e-06,4.2912310230198655e-06,0.0,Tunisia,TUN,,,,Windows-11-10.0.26200-SP0,3.13.3,3.2.6,8,Intel(R) Core(TM) i7-8650U CPU @ 1.90GHz,0,,,,7.87811279296875,machine,0.0,0,0.0,0.0,N,1.0,0.0
2026-05-07T11:18:53,codecarbon,11572095-2e58-46c1-bd54-2380afb67553,5b0fa12a-3dd7-45bb-9766-cc326314d9f1,1.8559740000055167,2.4408890161138223e-06,1.3151525916346708e-06,1.5002657205,0.0,10.0,5.64795617459938e-07,0.0,3.763359444484296e-06,4.328155061944234e-06,0.0,Tunisia,TUN,,,,Windows-11-10.0.26200-SP0,3.13.3,3.2.6,8,Intel(R) Core(TM) i7-8650U CPU @ 1.90GHz,0,,,,7.87811279296875,machine,0.0,0,0.0,0.0,N,1.0,0.0
2026-05-07T11:18:57,codecarbon,c866e85b-33b1-42ad-bc7a-d04bb88e1cb9,5b0fa12a-3dd7-45bb-9766-cc326314d9f1,1.8403837000078056,2.41331771823856e-06,1.311312265060989e-06,1.5022460625,0.0,10.0,5.590134679519225e-07,0.0,3.720252500028841e-06,4.279265967980764e-06,0.0,Tunisia,TUN,,,,Windows-11-10.0.26200-SP0,3.13.3,3.2.6,8,Intel(R) Core(TM) i7-8650U CPU @ 1.90GHz,0,,,,7.87811279296875,machine,0.0,0,0.0,0.0,N,1.0,0.0
2026-05-07T11:19:00,codecarbon,0e468490-48f1-4e36-b937-a2dd2e5d0d7c,5b0fa12a-3dd7-45bb-9766-cc326314d9f1,1.872980500018457,2.47140341269373e-06,1.3195030128019892e-06,1.5001642545000002,0.0,10.0,5.717447675769829e-07,0.0,3.8105180555754087e-06,4.382262823152391e-06,0.0,Tunisia,TUN,,,,Windows-11-10.0.26200-SP0,3.13.3,3.2.6,8,Intel(R) Core(TM) i7-8650U CPU @ 1.90GHz,0,,,,7.87811279296875,machine,0.0,0,0.0,0.0,N,1.0,0.0
2026-05-07T11:19:03,codecarbon,deb1fe1b-e78f-44dd-899e-0ab4a1ea0da8,5b0fa12a-3dd7-45bb-9766-cc326314d9f1,1.846927300008247,2.425249358875647e-06,1.3131265961929409e-06,1.5005788125,0.0,10.0,5.611963431054804e-07,0.0,3.739226666625149e-06,4.30042300973063e-06,0.0,Tunisia,TUN,,,,Windows-11-10.0.26200-SP0,3.13.3,3.2.6,8,Intel(R) Core(TM) i7-8650U CPU @ 1.90GHz,0,,,,7.87811279296875,machine,0.0,0,0.0,0.0,N,1.0,0.0
2026-05-07T11:19:06,codecarbon,f2ec18b6-bd6c-483f-b52d-e0ef60ba9ce8,5b0fa12a-3dd7-45bb-9766-cc326314d9f1,1.850582399987616,2.43158812188332e-06,1.313958309502777e-06,1.5010733445,0.0,10.0,5.628311615002951e-07,0.0,3.7488316665985625e-06,4.311662828098858e-06,0.0,Tunisia,TUN,,,,Windows-11-10.0.26200-SP0,3.13.3,3.2.6,8,Intel(R) Core(TM) i7-8650U CPU @ 1.90GHz,0,,,,7.87811279296875,machine,0.0,0,0.0,0.0,N,1.0,0.0
2026-05-07T11:19:10,codecarbon,3a247981-be61-470b-b34c-714eb48408c5,5b0fa12a-3dd7-45bb-9766-cc326314d9f1,1.8419440000143368,2.4161466071187424e-06,1.311737277083308e-06,1.5001866240000004,0.0,10.0,5.589721197610423e-07,0.0,3.725309999976566e-06,4.284282119737608e-06,0.0,Tunisia,TUN,,,,Windows-11-10.0.26200-SP0,3.13.3,3.2.6,8,Intel(R) Core(TM) i7-8650U CPU @ 1.90GHz,0,,,,7.87811279296875,machine,0.0,0,0.0,0.0,N,1.0,0.0
2026-05-07T11:19:13,codecarbon,f24257a3-15cc-4f6b-84b0-25dd2a8206e4,5b0fa12a-3dd7-45bb-9766-cc326314d9f1,1.5036906999885105,1.8199018191196865e-06,1.2102900012173992e-06,1.5882792405,0.0,10.0,4.423621956799652e-07,0.0,2.784665833314648e-06,3.2270280289946134e-06,0.0,Tunisia,TUN,,,,Windows-11-10.0.26200-SP0,3.13.3,3.2.6,8,Intel(R) Core(TM) i7-8650U CPU @ 1.90GHz,0,,,,7.87811279296875,machine,0.0,0,0.0,0.0,N,1.0,0.0
2026-05-07T11:19:16,codecarbon,40db72d4-8df7-4272-ad9d-9c8ef9ec71cd,5b0fa12a-3dd7-45bb-9766-cc326314d9f1,1.5037490999966394,1.8223141371635536e-06,1.2118472005520246e-06,1.6032125355000002,0.0,10.0,4.465380224050017e-07,0.0,2.784767499947015e-06,3.2313055223520165e-06,0.0,Tunisia,TUN,,,,Windows-11-10.0.26200-SP0,3.13.3,3.2.6,8,Intel(R) Core(TM) i7-8650U CPU @ 1.90GHz,0,,,,7.87811279296875,machine,0.0,0,0.0,0.0,N,1.0,0.0
2026-05-07T11:19:19,codecarbon,7fe3a0ee-bb52-4408-a829-eefab408aaa8,5b0fa12a-3dd7-45bb-9766-cc326314d9f1,1.5034944000071846,1.8206827700751004e-06,1.2109674436209409e-06,1.595551488,0.0,10.0,4.443008573481951e-07,0.0,2.7841119444929065e-06,3.2284128018411016e-06,0.0,Tunisia,TUN,,,,Windows-11-10.0.26200-SP0,3.13.3,3.2.6,8,Intel(R) Core(TM) i7-8650U CPU @ 1.90GHz,0,,,,7.87811279296875,machine,0.0,0,0.0,0.0,N,1.0,0.0
2026-05-07T11:19:22,codecarbon,30b35168-2240-44aa-a786-be3b62daf132,5b0fa12a-3dd7-45bb-9766-cc326314d9f1,1.503617700014729,1.8861806085840383e-06,1.2544283088484272e-06,2.0075375625,0.0,10.0,5.592955594887538e-07,0.0,2.785257222260245e-06,3.3445527817489985e-06,0.0,Tunisia,TUN,,,,Windows-11-10.0.26200-SP0,3.13.3,3.2.6,8,Intel(R) Core(TM) i7-8650U CPU @ 1.90GHz,0,,,,7.87811279296875,machine,0.0,0,0.0,0.0,N,1.0,0.0
2026-05-07T11:19:25,codecarbon,670fb074-a6a7-4115-8306-af4440b4c2bd,5b0fa12a-3dd7-45bb-9766-cc326314d9f1,1.5040812999941409,1.821348262854337e-06,1.210937376098907e-06,1.5970522695000002,0.0,10.0,4.448514567578793e-07,0.0,2.784741388879613e-06,3.2295928456374924e-06,0.0,Tunisia,TUN,,,,Windows-11-10.0.26200-SP0,3.13.3,3.2.6,8,Intel(R) Core(TM) i7-8650U CPU @ 1.90GHz,0,,,,7.87811279296875,machine,0.0,0,0.0,0.0,N,1.0,0.0
2026-05-07T11:19:27,codecarbon,e82887e3-09d0-42f9-bafc-152c4d5e6196,5b0fa12a-3dd7-45bb-9766-cc326314d9f1,1.5042596999846864,1.8226431704776705e-06,1.2116545902919725e-06,1.6001008125000002,0.0,10.0,4.459028491483465e-07,0.0,2.785986111121019e-06,3.231888960269366e-06,0.0,Tunisia,TUN,,,,Windows-11-10.0.26200-SP0,3.13.3,3.2.6,8,Intel(R) Core(TM) i7-8650U CPU @ 1.90GHz,0,,,,7.87811279296875,machine,0.0,0,0.0,0.0,N,1.0,0.0
2026-05-07T11:19:30,codecarbon,ce7f0136-99ce-4404-b4bd-41c304f01ddd,5b0fa12a-3dd7-45bb-9766-cc326314d9f1,1.5040427999920212,1.8226938748431785e-06,1.2118630366455314e-06,1.6047922920000002,0.0,10.0,4.4704025757323017e-07,0.0,2.784938611067547e-06,3.231978868640777e-06,0.0,Tunisia,TUN,,,,Windows-11-10.0.26200-SP0,3.13.3,3.2.6,8,Intel(R) Core(TM) i7-8650U CPU @ 1.90GHz,0,,,,7.87811279296875,machine,0.0,0,0.0,0.0,N,1.0,0.0
2026-05-07T11:19:33,codecarbon,7dbf7819-8ca6-4771-b9b9-e683e2af0ad9,5b0fa12a-3dd7-45bb-9766-cc326314d9f1,1.5036833000194747,1.8290483996777025e-06,1.2163787412243085e-06,1.647704148,0.0,10.0,4.588966356891865e-07,0.0,2.7843500000017227e-06,3.243246635690909e-06,0.0,Tunisia,TUN,,,,Windows-11-10.0.26200-SP0,3.13.3,3.2.6,8,Intel(R) Core(TM) i7-8650U CPU @ 1.90GHz,0,,,,7.87811279296875,machine,0.0,0,0.0,0.0,N,1.0,0.0
2026-05-07T11:19:36,codecarbon,5fb1e404-b75c-46e3-b97a-68dde173a744,5b0fa12a-3dd7-45bb-9766-cc326314d9f1,1.5052431999938565,1.8218711974874009e-06,1.2103500600400234e-06,1.5940662585,0.0,10.0,4.442642736668088e-07,0.0,2.78625583337594e-06,3.230520107042749e-06,0.0,Tunisia,TUN,,,,Windows-11-10.0.26200-SP0,3.13.3,3.2.6,8,Intel(R) Core(TM) i7-8650U CPU @ 1.90GHz,0,,,,7.87811279296875,machine,0.0,0,0.0,0.0,N,1.0,0.0
2026-05-07T11:19:39,codecarbon,91870d9e-6a36-45d6-af30-d5f1aa382bc1,5b0fa12a-3dd7-45bb-9766-cc326314d9f1,1.5035449999850243,1.819767271978954e-06,1.210317796937956e-06,1.586870556,0.0,10.0,4.420211183353371e-07,0.0,2.7847683332866938e-06,3.22678945162203e-06,0.0,Tunisia,TUN,,,,Windows-11-10.0.26200-SP0,3.13.3,3.2.6,8,Intel(R) Core(TM) i7-8650U CPU @ 1.90GHz,0,,,,7.87811279296875,machine,0.0,0,0.0,0.0,N,1.0,0.0
2026-05-07T11:19:42,codecarbon,3905e640-86a4-4a04-864c-2fdfc00c699b,5b0fa12a-3dd7-45bb-9766-cc326314d9f1,1.5032037000055425,1.820475254307541e-06,1.2110635799398502e-06,1.595551488,0.0,10.0,4.4428011516279973e-07,0.0,2.78376472221377e-06,3.22804483737657e-06,0.0,Tunisia,TUN,,,,Windows-11-10.0.26200-SP0,3.13.3,3.2.6,8,Intel(R) Core(TM) i7-8650U CPU @ 1.90GHz,0,,,,7.87811279296875,machine,0.0,0,0.0,0.0,N,1.0,0.0
2026-05-07T11:19:45,codecarbon,60e11219-e2a1-42e3-b77f-e60859965f8d,5b0fa12a-3dd7-45bb-9766-cc326314d9f1,1.503310700005386,1.818643237439698e-06,1.2097587261456878e-06,1.581385668,0.0,10.0,4.404313270537154e-07,0.0,2.7843650000350965e-06,3.224796327088812e-06,0.0,Tunisia,TUN,,,,Windows-11-10.0.26200-SP0,3.13.3,3.2.6,8,Intel(R) Core(TM) i7-8650U CPU @ 1.90GHz,0,,,,7.87811279296875,machine,0.0,0,0.0,0.0,N,1.0,0.0
2026-05-07T11:19:48,codecarbon,f010ffbc-3547-4f53-b784-f7d64294c77c,5b0fa12a-3dd7-45bb-9766-cc326314d9f1,1.5032694999827072,1.8168661989709777e-06,1.2086097662407691e-06,1.5723515625000002,0.0,10.0,4.378269705086111e-07,0.0,2.783818333328883e-06,3.221645303837494e-06,0.0,Tunisia,TUN,,,,Windows-11-10.0.26200-SP0,3.13.3,3.2.6,8,Intel(R) Core(TM) i7-8650U CPU @ 1.90GHz,0,,,,7.87811279296875,machine,0.0,0,0.0,0.0,N,1.0,0.0
2026-05-07T11:19:51,codecarbon,9e88d21a-799a-4646-9c8f-567eafb200fe,5b0fa12a-3dd7-45bb-9766-cc326314d9f1,1.5042875000217464,1.822125860674712e-06,1.2112883080184944e-06,1.598568684,0.0,10.0,4.454063949282231e-07,0.0,2.785565277817012e-06,3.2309716727452355e-06,0.0,Tunisia,TUN,,,,Windows-11-10.0.26200-SP0,3.13.3,3.2.6,8,Intel(R) Core(TM) i7-8650U CPU @ 1.90GHz,0,,,,7.87811279296875,machine,0.0,0,0.0,0.0,N,1.0,0.0
2026-05-07T11:19:54,codecarbon,1bdf1edb-e2c9-465b-9239-2944c1a5541f,5b0fa12a-3dd7-45bb-9766-cc326314d9f1,1.5037547999818344,1.8196547322813416e-06,1.2100740973883e-06,1.584098304,0.0,10.0,4.413276753655677e-07,0.0,2.785262222217474e-06,3.2265898975830414e-06,0.0,Tunisia,TUN,,,,Windows-11-10.0.26200-SP0,3.13.3,3.2.6,8,Intel(R) Core(TM) i7-8650U CPU @ 1.90GHz,0,,,,7.87811279296875,machine,0.0,0,0.0,0.0,N,1.0,0.0
2026-05-07T11:19:57,codecarbon,d6ad5099-227e-4708-a0db-5ebf7bff162c,5b0fa12a-3dd7-45bb-9766-cc326314d9f1,1.5029718999867328,1.819654625439457e-06,1.2107043554543632e-06,1.5925965000000006,0.0,10.0,4.433697081654888e-07,0.0,2.783219999966807e-06,3.226589708132296e-06,0.0,Tunisia,TUN,,,,Windows-11-10.0.26200-SP0,3.13.3,3.2.6,8,Intel(R) Core(TM) i7-8650U CPU @ 1.90GHz,0,,,,7.87811279296875,machine,0.0,0,0.0,0.0,N,1.0,0.0
2026-05-07T11:20:00,codecarbon,f1304d98-f2f6-441b-9bfe-b6bb5f39bc10,5b0fa12a-3dd7-45bb-9766-cc326314d9f1,1.5030466000025626,1.823330169455584e-06,1.2130895804910343e-06,1.6163041875,0.0,10.0,4.499479719434051e-07,0.0,2.7831591666553225e-06,3.233107138598728e-06,0.0,Tunisia,TUN,,,,Windows-11-10.0.26200-SP0,3.13.3,3.2.6,8,Intel(R) Core(TM) i7-8650U CPU @ 1.90GHz,0,,,,7.87811279296875,machine,0.0,0,0.0,0.0,N,1.0,0.0
2026-05-07T11:20:03,codecarbon,9c9a0e23-63e0-4c2f-b176-d8482a5f4166,5b0fa12a-3dd7-45bb-9766-cc326314d9f1,1.5041150999895765,1.818681615546093e-06,1.2091372632045891e-06,1.5774270765,0.0,10.0,4.3952354532447604e-07,0.0,2.785340833361261e-06,3.224864378685737e-06,0.0,Tunisia,TUN,,,,Windows-11-10.0.26200-SP0,3.13.3,3.2.6,8,Intel(R) Core(TM) i7-8650U CPU @ 1.90GHz,0,,,,7.87811279296875,machine,0.0,0,0.0,0.0,N,1.0,0.0
2026-05-07T11:20:06,codecarbon,80f03c06-ba71-4392-8cd1-5dcf3e5509a0,5b0fa12a-3dd7-45bb-9766-cc326314d9f1,1.5032312000112142,1.8185062561580537e-06,1.209731580973364e-06,1.5827345745000003,0.0,10.0,4.407295446000828e-07,0.0,2.783823888926741e-06,3.224553433526824e-06,0.0,Tunisia,TUN,,,,Windows-11-10.0.26200-SP0,3.13.3,3.2.6,8,Intel(R) Core(TM) i7-8650U CPU @ 1.90GHz,0,,,,7.87811279296875,machine,0.0,0,0.0,0.0,N,1.0,0.0
2026-05-07T11:20:09,codecarbon,769b0c98-a5bf-4f1f-817a-6fbe60b34cbd,5b0fa12a-3dd7-45bb-9766-cc326314d9f1,1.5036508000048343,1.818897292807329e-06,1.2096540585097828e-06,1.5800515035,0.0,10.0,4.401707039491802e-07,0.0,2.785076111063568e-06,3.2252468150127484e-06,0.0,Tunisia,TUN,,,,Windows-11-10.0.26200-SP0,3.13.3,3.2.6,8,Intel(R) Core(TM) i7-8650U CPU @ 1.90GHz,0,,,,7.87811279296875,machine,0.0,0,0.0,0.0,N,1.0,0.0
2026-05-07T11:20:12,codecarbon,8a86bfbf-468f-4f3a-9081-2b3b05cf04f6,5b0fa12a-3dd7-45bb-9766-cc326314d9f1,1.5040813999949023,1.8216748708792564e-06,1.2111544434266858e-06,1.595551488,0.0,10.0,4.445705941814742e-07,0.0,2.785601388879716e-06,3.2301719830611898e-06,0.0,Tunisia,TUN,,,,Windows-11-10.0.26200-SP0,3.13.3,3.2.6,8,Intel(R) Core(TM) i7-8650U CPU @ 1.90GHz,0,,,,7.87811279296875,machine,0.0,0,0.0,0.0,N,1.0,0.0
2026-05-07T11:20:15,codecarbon,38b92af9-6eac-4fd0-b2e5-9a8c6ccee39a,5b0fa12a-3dd7-45bb-9766-cc326314d9f1,1.5037551999848802,1.8400768078338705e-06,1.2236544936651735e-06,1.7186227395,0.0,10.0,4.786209653428478e-07,0.0,2.7841811111203343e-06,3.262802076463182e-06,0.0,Tunisia,TUN,,,,Windows-11-10.0.26200-SP0,3.13.3,3.2.6,8,Intel(R) Core(TM) i7-8650U CPU @ 1.90GHz,0,,,,7.87811279296875,machine,0.0,0,0.0,0.0,N,1.0,0.0
2026-05-07T11:20:18,codecarbon,2212889a-cbec-46c4-93a0-9f0a95d0baf5,5b0fa12a-3dd7-45bb-9766-cc326314d9f1,1.503293699992355,1.8190200245175349e-06,1.2100230477429562e-06,1.584098304,0.0,10.0,4.411738858162481e-07,0.0,2.784290555589703e-06,3.225464441405951e-06,0.0,Tunisia,TUN,,,,Windows-11-10.0.26200-SP0,3.13.3,3.2.6,8,Intel(R) Core(TM) i7-8650U CPU @ 1.90GHz,0,,,,7.87811279296875,machine,0.0,0,0.0,0.0,N,1.0,0.0
2026-05-07T11:20:21,codecarbon,f94099df-0343-4660-9ae3-a5f3346737b3,5b0fa12a-3dd7-45bb-9766-cc326314d9f1,1.5030127000063658,1.831136994064904e-06,1.2183110588866935e-06,1.6664062785000002,0.0,10.0,4.638917727890937e-07,0.0,2.783058333362634e-06,3.246950106151728e-06,0.0,Tunisia,TUN,,,,Windows-11-10.0.26200-SP0,3.13.3,3.2.6,8,Intel(R) Core(TM) i7-8650U CPU @ 1.90GHz,0,,,,7.87811279296875,machine,0.0,0,0.0,0.0,N,1.0,0.0
2026-05-07T11:20:23,codecarbon,9f426374-a275-48de-996a-5066a1fdc60e,5b0fa12a-3dd7-45bb-9766-cc326314d9f1,1.5040028000075836,2.17117801357228e-06,1.4435997150812035e-06,3.820374816000001,0.0,10.0,1.0644309210402516e-06,0.0,2.785475833338246e-06,3.8499067543784974e-06,0.0,Tunisia,TUN,,,,Windows-11-10.0.26200-SP0,3.13.3,3.2.6,8,Intel(R) Core(TM) i7-8650U CPU @ 1.90GHz,0,,,,7.87811279296875,machine,0.0,0,0.0,0.0,N,1.0,0.0
2026-05-07T11:20:27,codecarbon,d8079b19-50de-431e-a4e7-147ae19f0c77,5b0fa12a-3dd7-45bb-9766-cc326314d9f1,1.5037445000198204,1.889200736400988e-06,1.256330936788854e-06,2.0259359565,0.0,10.0,5.644605360579734e-07,0.0,2.7854475000317e-06,3.349908036089673e-06,0.0,Tunisia,TUN,,,,Windows-11-10.0.26200-SP0,3.13.3,3.2.6,8,Intel(R) Core(TM) i7-8650U CPU @ 1.90GHz,0,,,,7.87811279296875,machine,0.0,0,0.0,0.0,N,1.0,0.0
2026-05-07T11:20:30,codecarbon,5dfa5216-244c-482a-8bb1-679d62875da5,5b0fa12a-3dd7-45bb-9766-cc326314d9f1,1.502910300012445,1.8195950812834384e-06,1.2107143595119222e-06,1.5940662585,0.0,10.0,4.437430140003671e-07,0.0,2.7827411111502444e-06,3.226484125150612e-06,0.0,Tunisia,TUN,,,,Windows-11-10.0.26200-SP0,3.13.3,3.2.6,8,Intel(R) Core(TM) i7-8650U CPU @ 1.90GHz,0,,,,7.87811279296875,machine,0.0,0,0.0,0.0,N,1.0,0.0
2026-05-07T11:20:33,codecarbon,ccca2947-0130-4029-928b-034a0d3a0c22,5b0fa12a-3dd7-45bb-9766-cc326314d9f1,1.5037715999933423,1.82174489969048e-06,1.2114505285899437e-06,1.6032125355000002,0.0,10.0,4.464833795764249e-07,0.0,2.7838127777310246e-06,3.2302961573074494e-06,0.0,Tunisia,TUN,,,,Windows-11-10.0.26200-SP0,3.13.3,3.2.6,8,Intel(R) Core(TM) i7-8650U CPU @ 1.90GHz,0,,,,7.87811279296875,machine,0.0,0,0.0,0.0,N,1.0,0.0
2026-05-07T11:20:36,codecarbon,97b82f5a-2e38-4233-b989-48327c2b245a,5b0fa12a-3dd7-45bb-9766-cc326314d9f1,1.5044099999940954,2.096834813594705e-06,1.393792126882256e-06,3.3439768125,0.0,10.0,9.319442302520708e-07,0.0,2.786138055590628e-06,3.7180822858426974e-06,0.0,Tunisia,TUN,,,,Windows-11-10.0.26200-SP0,3.13.3,3.2.6,8,Intel(R) Core(TM) i7-8650U CPU @ 1.90GHz,0,,,,7.87811279296875,machine,0.0,0,0.0,0.0,N,1.0,0.0
2026-05-07T11:20:39,codecarbon,5216cb65-1cdb-4ab9-bc49-07cc97c5cb10,5b0fa12a-3dd7-45bb-9766-cc326314d9f1,1.5042645999928936,1.87043389815804e-06,1.2434208038711251e-06,1.9060831185,0.0,10.0,5.310870152635098e-07,0.0,2.785543888846102e-06,3.316630904109612e-06,0.0,Tunisia,TUN,,,,Windows-11-10.0.26200-SP0,3.13.3,3.2.6,8,Intel(R) Core(TM) i7-8650U CPU @ 1.90GHz,0,,,,7.87811279296875,machine,0.0,0,0.0,0.0,N,1.0,0.0
2026-05-07T11:20:42,codecarbon,b1f75cf8-fe43-4148-be6f-32a16b9073b9,5b0fa12a-3dd7-45bb-9766-cc326314d9f1,1.503593000001274,1.83129184715799e-06,1.217943849935746e-06,1.6621213515000002,0.0,10.0,4.629160786738761e-07,0.0,2.7843086111210547e-06,3.2472246897949308e-06,0.0,Tunisia,TUN,,,,Windows-11-10.0.26200-SP0,3.13.3,3.2.6,8,Intel(R) Core(TM) i7-8650U CPU @ 1.90GHz,0,,,,7.87811279296875,machine,0.0,0,0.0,0.0,N,1.0,0.0
2026-05-07T11:20:45,codecarbon,9260df2d-1efb-4a9e-bba0-31b2677f6c7e,5b0fa12a-3dd7-45bb-9766-cc326314d9f1,1.5053788000077477,1.896328347931092e-06,1.2597017760057017e-06,2.0543589375,0.0,10.0,5.731635756138855e-07,0.0,2.789383055561404e-06,3.362546631175289e-06,0.0,Tunisia,TUN,,,,Windows-11-10.0.26200-SP0,3.13.3,3.2.6,8,Intel(R) Core(TM) i7-8650U CPU @ 1.90GHz,0,,,,7.87811279296875,machine,0.0,0,0.0,0.0,N,1.0,0.0
2026-05-07T11:20:48,codecarbon,88bc0942-63ca-48d9-bc81-24899f0d5c07,5b0fa12a-3dd7-45bb-9766-cc326314d9f1,1.5039899999974295,1.816251095755465e-06,1.207621789877971e-06,1.5651619215000006,0.0,10.0,4.359493324267218e-07,0.0,2.784605277783056e-06,3.220554610209778e-06,0.0,Tunisia,TUN,,,,Windows-11-10.0.26200-SP0,3.13.3,3.2.6,8,Intel(R) Core(TM) i7-8650U CPU @ 1.90GHz,0,,,,7.87811279296875,machine,0.0,0,0.0,0.0,N,1.0,0.0
2026-05-07T11:20:51,codecarbon,7415b5eb-368e-4070-a9e8-82f42efebd44,5b0fa12a-3dd7-45bb-9766-cc326314d9f1,1.5035990000178572,1.836565903689745e-06,1.221446611541996e-06,1.6961115840000005,0.0,10.0,4.723626945335153e-07,0.0,2.7842138889051664e-06,3.256576583438681e-06,0.0,Tunisia,TUN,,,,Windows-11-10.0.26200-SP0,3.13.3,3.2.6,8,Intel(R) Core(TM) i7-8650U CPU @ 1.90GHz,0,,,,7.87811279296875,machine,0.0,0,0.0,0.0,N,1.0,0.0
2026-05-07T11:20:54,codecarbon,77b25d14-c6fe-41f2-a8e3-cd5e731c4ffb,5b0fa12a-3dd7-45bb-9766-cc326314d9f1,1.5072707000072114,1.864505562512509e-06,1.2370077667558911e-06,1.8326693085,0.0,10.0,5.122024617128731e-07,0.0,2.7939163888933963e-06,3.3061188506062693e-06,0.0,Tunisia,TUN,,,,Windows-11-10.0.26200-SP0,3.13.3,3.2.6,8,Intel(R) Core(TM) i7-8650U CPU @ 1.90GHz,0,,,,7.87811279296875,machine,0.0,0,0.0,0.0,N,1.0,0.0
2026-05-07T11:20:57,codecarbon,a7f43d71-5065-42ef-a52c-eb6649f431b7,5b0fa12a-3dd7-45bb-9766-cc326314d9f1,1.5045329999993555,1.8361676494613684e-06,1.220423646049741e-06,1.6843009065,0.0,10.0,4.694412371734852e-07,0.0,2.7864291666547715e-06,3.2558704038282567e-06,0.0,Tunisia,TUN,,,,Windows-11-10.0.26200-SP0,3.13.3,3.2.6,8,Intel(R) Core(TM) i7-8650U CPU @ 1.90GHz,0,,,,7.87811279296875,machine,0.0,0,0.0,0.0,N,1.0,0.0
2026-05-07T11:21:01,codecarbon,04a7d33d-af05-4098-9a5b-94131bac37d7,5b0fa12a-3dd7-45bb-9766-cc326314d9f1,1.504678099998273,1.8453999961696856e-06,1.2264417194427194e-06,1.7400243435,0.0,10.0,4.850647012044993e-07,0.0,2.78717638882679e-06,3.2722410900312894e-06,0.0,Tunisia,TUN,,,,Windows-11-10.0.26200-SP0,3.13.3,3.2.6,8,Intel(R) Core(TM) i7-8650U CPU @ 1.90GHz,0,,,,7.87811279296875,machine,0.0,0,0.0,0.0,N,1.0,0.0
2026-05-07T11:21:04,codecarbon,54ec466f-ca3f-41b1-b55f-37667aea5030,5b0fa12a-3dd7-45bb-9766-cc326314d9f1,1.5038711999950465,1.815324126032421e-06,1.2071007982853855e-06,1.5584650845,0.0,10.0,4.34133696396523e-07,0.0,2.7847772222432668e-06,3.2189109186397896e-06,0.0,Tunisia,TUN,,,,Windows-11-10.0.26200-SP0,3.13.3,3.2.6,8,Intel(R) Core(TM) i7-8650U CPU @ 1.90GHz,0,,,,7.87811279296875,machine,0.0,0,0.0,0.0,N,1.0,0.0
2026-05-07T11:21:06,codecarbon,4ff30113-c1ae-4cda-8608-bb5c80411656,5b0fa12a-3dd7-45bb-9766-cc326314d9f1,1.5036325000110082,1.819206057656462e-06,1.2098741265855475e-06,1.584098304,0.0,10.0,4.412198686741557e-07,0.0,2.784574444457475e-06,3.2257943131316307e-06,0.0,Tunisia,TUN,,,,Windows-11-10.0.26200-SP0,3.13.3,3.2.6,8,Intel(R) Core(TM) i7-8650U CPU @ 1.90GHz,0,,,,7.87811279296875,machine,0.0,0,0.0,0.0,N,1.0,0.0
2026-05-07T11:21:09,codecarbon,b64352a7-4609-457e-ad55-4efe71de3aa3,5b0fa12a-3dd7-45bb-9766-cc326314d9f1,1.5031738999823574,1.816459049022844e-06,1.2084157721499578e-06,1.571118324,0.0,10.0,4.374339060018948e-07,0.0,2.7834894444418348e-06,3.2209233504437294e-06,0.0,Tunisia,TUN,,,,Windows-11-10.0.26200-SP0,3.13.3,3.2.6,8,Intel(R) Core(TM) i7-8650U CPU @ 1.90GHz,0,,,,7.87811279296875,machine,0.0,0,0.0,0.0,N,1.0,0.0
2026-05-07T11:21:12,codecarbon,e5129f10-a868-4b7e-9d89-fcc22367c50e,5b0fa12a-3dd7-45bb-9766-cc326314d9f1,1.5042952000221703,1.8171082512654115e-06,1.2079465860415102e-06,1.5628757505000006,0.0,10.0,4.356233968708548e-07,0.0,2.786451111185468e-06,3.2220745080563225e-06,0.0,Tunisia,TUN,,,,Windows-11-10.0.26200-SP0,3.13.3,3.2.6,8,Intel(R) Core(TM) i7-8650U CPU @ 1.90GHz,0,,,,7.87811279296875,machine,0.0,0,0.0,0.0,N,1.0,0.0
2026-05-07T11:21:15,codecarbon,a1f81ca9-070b-4b8c-8e40-3271bde0ade5,5b0fa12a-3dd7-45bb-9766-cc326314d9f1,1.5037155999743843,1.8186714395521044e-06,1.2094517338139508e-06,1.581385668,0.0,10.0,4.404363347619904e-07,0.0,2.7844099999735288e-06,3.224846334735519e-06,0.0,Tunisia,TUN,,,,Windows-11-10.0.26200-SP0,3.13.3,3.2.6,8,Intel(R) Core(TM) i7-8650U CPU @ 1.90GHz,0,,,,7.87811279296875,machine,0.0,0,0.0,0.0,N,1.0,0.0
2026-05-07T11:21:18,codecarbon,18fdd660-37a6-43d6-bde9-4442c35a7d56,5b0fa12a-3dd7-45bb-9766-cc326314d9f1,1.5034717999806162,1.8198706121508213e-06,1.2104454584211586e-06,1.5882792405,0.0,10.0,4.423896376192436e-07,0.0,2.784583055553311e-06,3.2269726931725547e-06,0.0,Tunisia,TUN,,,,Windows-11-10.0.26200-SP0,3.13.3,3.2.6,8,Intel(R) Core(TM) i7-8650U CPU @ 1.90GHz,0,,,,7.87811279296875,machine,0.0,0,0.0,0.0,N,1.0,0.0
2026-05-07T11:21:21,codecarbon,2947d3d4-25d6-4901-9f08-d1f1fe7e099f,5b0fa12a-3dd7-45bb-9766-cc326314d9f1,1.5039006999868434,1.8214892875954405e-06,1.2111765674498155e-06,1.6001008125000002,0.0,10.0,4.4561985353324105e-07,0.0,2.784223055479945e-06,3.229842909013186e-06,0.0,Tunisia,TUN,,,,Windows-11-10.0.26200-SP0,3.13.3,3.2.6,8,Intel(R) Core(TM) i7-8650U CPU @ 1.90GHz,0,,,,7.87811279296875,machine,0.0,0,0.0,0.0,N,1.0,0.0
2026-05-07T11:21:24,codecarbon,d1ad823e-3a35-4612-b387-7c60937e1187,5b0fa12a-3dd7-45bb-9766-cc326314d9f1,1.5039524999738203,1.819783667242778e-06,1.2100007595149814e-06,1.5827345745000003,0.0,10.0,4.410299124344105e-07,0.0,2.785788611072349e-06,3.226818523506759e-06,0.0,Tunisia,TUN,,,,Windows-11-10.0.26200-SP0,3.13.3,3.2.6,8,Intel(R) Core(TM) i7-8650U CPU @ 1.90GHz,0,,,,7.87811279296875,machine,0.0,0,0.0,0.0,N,1.0,0.0
2026-05-07T11:21:28,codecarbon,2a2e88f8-89e0-425e-9010-0423ba139590,5b0fa12a-3dd7-45bb-9766-cc326314d9f1,2.11318929999834,2.903982886905744e-06,1.3742180536821883e-06,1.5002657205,0.0,10.0,6.718286580163731e-07,0.0,4.4774788888591705e-06,5.149307546875543e-06,0.0,Tunisia,TUN,,,,Windows-11-10.0.26200-SP0,3.13.3,3.2.6,8,Intel(R) Core(TM) i7-8650U CPU @ 1.90GHz,0,,,,7.87811279296875,machine,0.0,0,0.0,0.0,N,1.0,0.0
2026-05-07T11:21:31,codecarbon,b9857c4b-4679-474a-bcf8-16aaf14aae2e,5b0fa12a-3dd7-45bb-9766-cc326314d9f1,2.1684430000022985,3.003876136770707e-06,1.3852686636298592e-06,1.5014016105,0.0,10.0,6.9541677901732e-07,0.0,4.631020277722402e-06,5.3264370567397225e-06,0.0,Tunisia,TUN,,,,Windows-11-10.0.26200-SP0,3.13.3,3.2.6,8,Intel(R) Core(TM) i7-8650U CPU @ 1.90GHz,0,,,,7.87811279296875,machine,0.0,0,0.0,0.0,N,1.0,0.0
2026-05-07T11:21:35,codecarbon,db77a58c-6de2-4794-b478-62ca9c7a728e,5b0fa12a-3dd7-45bb-9766-cc326314d9f1,2.241059199994197,3.14349113814178e-06,1.4026809903771929e-06,1.532482404,0.0,10.0,7.4086014328965e-07,0.0,4.833140555597816e-06,5.574000698887465e-06,0.0,Tunisia,TUN,,,,Windows-11-10.0.26200-SP0,3.13.3,3.2.6,8,Intel(R) Core(TM) i7-8650U CPU @ 1.90GHz,0,,,,7.87811279296875,machine,0.0,0,0.0,0.0,N,1.0,0.0
2026-05-07T11:21:39,codecarbon,ae7a11fe-20ff-4166-a91e-06e47bf4d892,5b0fa12a-3dd7-45bb-9766-cc326314d9f1,2.3901749000069685,3.403613599346233e-06,1.4240019001690252e-06,1.500740772,0.0,10.0,7.876264424109204e-07,0.0,5.247620277805254e-06,6.035246720216174e-06,0.0,Tunisia,TUN,,,,Windows-11-10.0.26200-SP0,3.13.3,3.2.6,8,Intel(R) Core(TM) i7-8650U CPU @ 1.90GHz,0,,,,7.87811279296875,machine,0.0,0,0.0,0.0,N,1.0,0.0
2026-05-07T11:21:42,codecarbon,37a68016-137e-41cc-8d32-d128ed54d30c,5b0fa12a-3dd7-45bb-9766-cc326314d9f1,2.163670400012052,3.013740784036746e-06,1.3928834927999937e-06,1.5698991795,0.0,10.0,7.251897639767777e-07,0.0,4.618739166714174e-06,5.343928930690951e-06,0.0,Tunisia,TUN,,,,Windows-11-10.0.26200-SP0,3.13.3,3.2.6,8,Intel(R) Core(TM) i7-8650U CPU @ 1.90GHz,0,,,,7.87811279296875,machine,0.0,0,0.0,0.0,N,1.0,0.0
2026-05-07T11:21:46,codecarbon,73b346ae-00fb-4d52-93e4-538381e9bb36,5b0fa12a-3dd7-45bb-9766-cc326314d9f1,2.2151378999988083,3.096141086026152e-06,1.3977193410973727e-06,1.5289803015,0.0,10.0,7.281671001046898e-07,0.0,4.76187305555666e-06,5.49004015566135e-06,0.0,Tunisia,TUN,,,,Windows-11-10.0.26200-SP0,3.13.3,3.2.6,8,Intel(R) Core(TM) i7-8650U CPU @ 1.90GHz,0,,,,7.87811279296875,machine,0.0,0,0.0,0.0,N,1.0,0.0
2026-05-07T11:21:50,codecarbon,cd00f804-3dd8-405a-a8f6-53fde8454c04,5b0fa12a-3dd7-45bb-9766-cc326314d9f1,2.1479662000201643,2.9670917827700503e-06,1.3813493819140154e-06,1.5014016105,0.0,10.0,6.868864823765007e-07,0.0,4.57432500002647e-06,5.261211482402971e-06,0.0,Tunisia,TUN,,,,Windows-11-10.0.26200-SP0,3.13.3,3.2.6,8,Intel(R) Core(TM) i7-8650U CPU @ 1.90GHz,0,,,,7.87811279296875,machine,0.0,0,0.0,0.0,N,1.0,0.0
2026-05-07T11:21:53,codecarbon,7744a756-a852-436f-bb90-1df6aa91d5ec,5b0fa12a-3dd7-45bb-9766-cc326314d9f1,2.184902200009674,3.032956839657207e-06,1.3881430663778811e-06,1.5002657205,0.0,10.0,7.016667761531489e-07,0.0,4.676335833371721e-06,5.3780026095248695e-06,0.0,Tunisia,TUN,,,,Windows-11-10.0.26200-SP0,3.13.3,3.2.6,8,Intel(R) Core(TM) i7-8650U CPU @ 1.90GHz,0,,,,7.87811279296875,machine,0.0,0,0.0,0.0,N,1.0,0.0
2026-05-07T11:21:57,codecarbon,c0bea427-cdae-4c1c-8e57-40cd99e1a9e3,5b0fa12a-3dd7-45bb-9766-cc326314d9f1,2.1580936000100337,2.9857269749002693e-06,1.3835020755755855e-06,1.5001642545000002,0.0,10.0,6.907004588236739e-07,0.0,4.60355472225476e-06,5.294255181078434e-06,0.0,Tunisia,TUN,,,,Windows-11-10.0.26200-SP0,3.13.3,3.2.6,8,Intel(R) Core(TM) i7-8650U CPU @ 1.90GHz,0,,,,7.87811279296875,machine,0.0,0,0.0,0.0,N,1.0,0.0
2026-05-07T11:22:01,codecarbon,a48ec88b-e362-4c54-bd37-ad418d0af459,5b0fa12a-3dd7-45bb-9766-cc326314d9f1,2.598066900012782,3.861309822396991e-06,1.4862241701235616e-06,1.7548563885000004,0.0,10.0,1.0222473277377915e-06,0.0,5.824580833319084e-06,6.846828161056875e-06,0.0,Tunisia,TUN,,,,Windows-11-10.0.26200-SP0,3.13.3,3.2.6,8,Intel(R) Core(TM) i7-8650U CPU @ 1.90GHz,0,,,,7.87811279296875,machine,0.0,0,88.3,6.95355224609375,N,1.0,0.0
2026-05-07T11:22:05,codecarbon,8431a405-0d2a-46f1-ba4b-e2c88a64cda2,5b0fa12a-3dd7-45bb-9766-cc326314d9f1,2.137137099984102,2.947078712416336e-06,1.3789843957312138e-06,1.5004021785,0.0,10.0,6.818534355176371e-07,0.0,4.543871111107162e-06,5.225724546624799e-06,0.0,Tunisia,TUN,,,,Windows-11-10.0.26200-SP0,3.13.3,3.2.6,8,Intel(R) Core(TM) i7-8650U CPU @ 1.90GHz,0,,,,7.87811279296875,machine,0.0,0,0.0,0.0,N,1.0,0.0
2026-05-07T11:22:08,codecarbon,48475e30-0e72-43aa-bcec-7a4537cdf769,5b0fa12a-3dd7-45bb-9766-cc326314d9f1,2.129703699989477,2.93456490939226e-06,1.3779216843201048e-06,1.500442368,0.0,10.0,6.789785548801844e-07,0.0,4.524556666648196e-06,5.203535221528381e-06,0.0,Tunisia,TUN,,,,Windows-11-10.0.26200-SP0,3.13.3,3.2.6,8,Intel(R) Core(TM) i7-8650U CPU @ 1.90GHz,0,,,,7.87811279296875,machine,0.0,0,0.0,0.0,N,1.0,0.0
2026-05-07T11:22:12,codecarbon,7defacea-66f3-4b04-b52b-986a085ff0fd,5b0fa12a-3dd7-45bb-9766-cc326314d9f1,2.183697400003439,3.031323914347608e-06,1.3881611592992848e-06,1.500055296,0.0,10.0,7.012026815126421e-07,0.0,4.673904444482307e-06,5.375107125994949e-06,0.0,Tunisia,TUN,,,,Windows-11-10.0.26200-SP0,3.13.3,3.2.6,8,Intel(R) Core(TM) i7-8650U CPU @ 1.90GHz,0,,,,7.87811279296875,machine,0.0,0,0.0,0.0,N,1.0,0.0
2026-05-07T11:22:16,codecarbon,88ed862c-ebce-4a63-90b5-0e2dd90e6564,5b0fa12a-3dd7-45bb-9766-cc326314d9f1,2.109526600019308,2.897877806060484e-06,1.3737100096457473e-06,1.5001866240000004,0.0,10.0,6.703868131459713e-07,0.0,4.468095277762687e-06,5.138482090908659e-06,0.0,Tunisia,TUN,,,,Windows-11-10.0.26200-SP0,3.13.3,3.2.6,8,Intel(R) Core(TM) i7-8650U CPU @ 1.90GHz,0,,,,7.87811279296875,machine,0.0,0,0.0,0.0,N,1.0,0.0
2026-05-07T11:22:19,codecarbon,3c6e93df-0c25-4d56-a111-1222eb3f0ba5,5b0fa12a-3dd7-45bb-9766-cc326314d9f1,2.130457099992782,2.938923822168032e-06,1.3794804045469816e-06,1.5156279375,0.0,10.0,6.8595244882767e-07,0.0,4.5253119444371095e-06,5.211264393264779e-06,0.0,Tunisia,TUN,,,,Windows-11-10.0.26200-SP0,3.13.3,3.2.6,8,Intel(R) Core(TM) i7-8650U CPU @ 1.90GHz,0,,,,7.87811279296875,machine,0.0,0,0.0,0.0,N,1.0,0.0
2026-05-07T11:22:22,codecarbon,ce5a5088-de8b-4b10-8316-cefa7aac13a7,5b0fa12a-3dd7-45bb-9766-cc326314d9f1,1.5037223999970593,1.827774720411159e-06,1.2155000952401411e-06,1.639863132,0.0,10.0,4.567198296469989e-07,0.0,2.784268333279114e-06,3.240988162926113e-06,0.0,Tunisia,TUN,,,,Windows-11-10.0.26200-SP0,3.13.3,3.2.6,8,Intel(R) Core(TM) i7-8650U CPU @ 1.90GHz,0,,,,7.87811279296875,machine,0.0,0,0.0,0.0,N,1.0,0.0
2026-05-07T11:22:25,codecarbon,6ab56a92-ed17-47c2-82de-fa1e2b60d90f,5b0fa12a-3dd7-45bb-9766-cc326314d9f1,1.504098300007172,1.8686485547953808e-06,1.242371296335134e-06,1.8906149805000003,0.0,10.0,5.26979043591594e-07,0.0,2.786486111128599e-06,3.3134651547201933e-06,0.0,Tunisia,TUN,,,,Windows-11-10.0.26200-SP0,3.13.3,3.2.6,8,Intel(R) Core(TM) i7-8650U CPU @ 1.90GHz,0,,,,7.87811279296875,machine,0.0,0,0.0,0.0,N,1.0,0.0
2026-05-07T11:22:28,codecarbon,6e89ee8b-ec7e-4fef-b19c-149a707a1f75,5b0fa12a-3dd7-45bb-9766-cc326314d9f1,1.5040019000007303,1.8223770187475536e-06,1.2116853168514406e-06,1.6001008125000002,0.0,10.0,4.458436898678156e-07,0.0,2.7855733333530626e-06,3.2314170232208784e-06,0.0,Tunisia,TUN,,,,Windows-11-10.0.26200-SP0,3.13.3,3.2.6,8,Intel(R) Core(TM) i7-8650U CPU @ 1.90GHz,0,,,,7.87811279296875,machine,0.0,0,0.0,0.0,N,1.0,0.0
2026-05-07T11:22:31,codecarbon,68ffc2d1-61ba-4190-806e-ed1e5f1b216c,5b0fa12a-3dd7-45bb-9766-cc326314d9f1,1.506917399994563,1.8735288258274112e-06,1.2432856809763897e-06,1.8906149805000003,0.0,10.0,5.283843482115611e-07,0.0,2.793734444437885e-06,3.3221187926494463e-06,0.0,Tunisia,TUN,,,,Windows-11-10.0.26200-SP0,3.13.3,3.2.6,8,Intel(R) Core(TM) i7-8650U CPU @ 1.90GHz,0,,,,7.87811279296875,machine,0.0,0,0.0,0.0,N,1.0,0.0
2026-05-07T11:22:34,codecarbon,6bbfc27b-9f57-4430-921c-a372b8bd8062,5b0fa12a-3dd7-45bb-9766-cc326314d9f1,1.5035790000110865,1.837072566481764e-06,1.2217998299179614e-06,1.7009736360000005,0.0,10.0,4.7364499180745814e-07,0.0,2.783830000003541e-06,3.257474991810999e-06,0.0,Tunisia,TUN,,,,Windows-11-10.0.26200-SP0,3.13.3,3.2.6,8,Intel(R) Core(TM) i7-8650U CPU @ 1.90GHz,0,,,,7.87811279296875,machine,0.0,0,0.0,0.0,N,1.0,0.0
2026-05-07T11:22:37,codecarbon,e45123f3-16b4-42e7-9221-787f77b8bdad,5b0fa12a-3dd7-45bb-9766-cc326314d9f1,1.5044109000009485,1.818314759263335e-06,1.2086556666547608e-06,1.5735989760000002,0.0,10.0,4.384855402144043e-07,0.0,2.78572833332065e-06,3.224213873535054e-06,0.0,Tunisia,TUN,,,,Windows-11-10.0.26200-SP0,3.13.3,3.2.6,8,Intel(R) Core(TM) i7-8650U CPU @ 1.90GHz,0,,,,7.87811279296875,machine,0.0,0,0.0,0.0,N,1.0,0.0
2026-05-07T11:22:40,codecarbon,d9ecc862-7ee2-4882-9940-aa7c6f8a6151,5b0fa12a-3dd7-45bb-9766-cc326314d9f1,1.504167000006419,1.8148936805948167e-06,1.206577248794231e-06,1.5542656665,0.0,10.0,4.33015435685565e-07,0.0,2.785132222278561e-06,3.218147657964126e-06,0.0,Tunisia,TUN,,,,Windows-11-10.0.26200-SP0,3.13.3,3.2.6,8,Intel(R) Core(TM) i7-8650U CPU @ 1.90GHz,0,,,,7.87811279296875,machine,0.0,0,0.0,0.0,N,1.0,0.0
2026-05-07T11:22:43,codecarbon,74f76b81-ffe2-484e-83fb-1def258dc4ad,5b0fa12a-3dd7-45bb-9766-cc326314d9f1,1.5040619999927003,1.8198801315084008e-06,1.2099768038267265e-06,1.584098304,0.0,10.0,4.4140762833408573e-07,0.0,2.7855819444489e-06,3.226989572782985e-06,0.0,Tunisia,TUN,,,,Windows-11-10.0.26200-SP0,3.13.3,3.2.6,8,Intel(R) Core(TM) i7-8650U CPU @ 1.90GHz,0,,,,7.87811279296875,machine,0.0,0,0.0,0.0,N,1.0,0.0
2026-05-07T11:22:46,codecarbon,723e409e-d19e-4fe5-9d89-e035a1a3f416,5b0fa12a-3dd7-45bb-9766-cc326314d9f1,1.5037595000176225,1.815098254731721e-06,1.207040257907232e-06,1.5606436875,0.0,10.0,4.346081841547496e-07,0.0,2.783902222209792e-06,3.218510406364541e-06,0.0,Tunisia,TUN,,,,Windows-11-10.0.26200-SP0,3.13.3,3.2.6,8,Intel(R) Core(TM) i7-8650U CPU @ 1.90GHz,0,,,,7.87811279296875,machine,0.0,0,0.0,0.0,N,1.0,0.0
2026-05-07T11:22:49,codecarbon,40255a23-2ea1-40bd-b723-b1006b95e5fb,5b0fa12a-3dd7-45bb-9766-cc326314d9f1,1.5032876999757718,1.8148116053445351e-06,1.2072284003745816e-06,1.557395628,0.0,10.0,4.337315675986793e-07,0.0,2.7842705555182573e-06,3.2180021231169364e-06,0.0,Tunisia,TUN,,,,Windows-11-10.0.26200-SP0,3.13.3,3.2.6,8,Intel(R) Core(TM) i7-8650U CPU @ 1.90GHz,0,,,,7.87811279296875,machine,0.0,0,0.0,0.0,N,1.0,0.0
2026-05-07T11:22:52,codecarbon,43a2066a-6415-4d56-a7d6-2deacac230bb,5b0fa12a-3dd7-45bb-9766-cc326314d9f1,1.503389199991943,1.8168176344337047e-06,1.208481233231848e-06,1.5698991795,0.0,10.0,4.3722668975362825e-07,0.0,2.784332500030157e-06,3.2215591897837857e-06,0.0,Tunisia,TUN,,,,Windows-11-10.0.26200-SP0,3.13.3,3.2.6,8,Intel(R) Core(TM) i7-8650U CPU @ 1.90GHz,0,,,,7.87811279296875,machine,0.0,0,0.0,0.0,N,1.0,0.0
2026-05-07T11:22:55,codecarbon,fb5d7e87-e741-4a32-a3e4-55d6569f9962,5b0fa12a-3dd7-45bb-9766-cc326314d9f1,1.503225000022212,1.837471869681968e-06,1.2223531870843135e-06,1.7034345105000002,0.0,10.0,4.743696980740051e-07,0.0,2.783813333371654e-06,3.258183031445659e-06,0.0,Tunisia,TUN,,,,Windows-11-10.0.26200-SP0,3.13.3,3.2.6,8,Intel(R) Core(TM) i7-8650U CPU @ 1.90GHz,0,,,,7.87811279296875,machine,0.0,0,0.0,0.0,N,1.0,0.0
2026-05-07T11:22:58,codecarbon,23a67d51-90fb-4d5c-8d27-4e9101a3f11e,5b0fa12a-3dd7-45bb-9766-cc326314d9f1,1.5036484000156634,1.8169722247199468e-06,1.2083757244719045e-06,1.5723515625000002,0.0,10.0,4.378533074071523e-07,0.0,2.7839800000139e-06,3.221833307421052e-06,0.0,Tunisia,TUN,,,,Windows-11-10.0.26200-SP0,3.13.3,3.2.6,8,Intel(R) Core(TM) i7-8650U CPU @ 1.90GHz,0,,,,7.87811279296875,machine,0.0,0,0.0,0.0,N,1.0,0.0
2026-05-07T11:23:01,codecarbon,5ac99270-ac47-49d5-8e3c-c544a0247a2b,5b0fa12a-3dd7-45bb-9766-cc326314d9f1,1.5040111000125762,1.8176490543145625e-06,1.2085343348193131e-06,1.5698991795,0.0,10.0,4.3744067573831483e-07,0.0,2.785592777783879e-06,3.2230334535221937e-06,0.0,Tunisia,TUN,,,,Windows-11-10.0.26200-SP0,3.13.3,3.2.6,8,Intel(R) Core(TM) i7-8650U CPU @ 1.90GHz,0,,,,7.87811279296875,machine,0.0,0,0.0,0.0,N,1.0,0.0
2026-05-07T11:23:04,codecarbon,b32e8cfb-5edd-4d1e-84e6-3b7c03ea4f09,5b0fa12a-3dd7-45bb-9766-cc326314d9f1,1.5039059999980964,1.8189737860006288e-06,1.2094996535707231e-06,1.581385668,0.0,10.0,4.405160629623014e-07,0.0,2.784866388861297e-06,3.2253824518235986e-06,0.0,Tunisia,TUN,,,,Windows-11-10.0.26200-SP0,3.13.3,3.2.6,8,Intel(R) Core(TM) i7-8650U CPU @ 1.90GHz,0,,,,7.87811279296875,machine,0.0,0,0.0,0.0,N,1.0,0.0
2026-05-07T11:23:07,codecarbon,0d0f5370-11d2-4f29-96b0-f5648f385044,5b0fa12a-3dd7-45bb-9766-cc326314d9f1,1.5039970000216272,1.8181442814277548e-06,1.2088749388473583e-06,1.5748606455,0.0,10.0,4.387396398064105e-07,0.0,2.785171944479872e-06,3.2239115842862826e-06,0.0,Tunisia,TUN,,,,Windows-11-10.0.26200-SP0,3.13.3,3.2.6,8,Intel(R) Core(TM) i7-8650U CPU @ 1.90GHz,0,,,,7.87811279296875,machine,0.0,0,0.0,0.0,N,1.0,0.0
2026-05-07T11:23:09,codecarbon,babd1e98-30b6-4a6f-b1e6-dda0856a8d6d,5b0fa12a-3dd7-45bb-9766-cc326314d9f1,1.5033698999905027,1.81664539852207e-06,1.20838218094798e-06,1.5723515625000002,0.0,10.0,4.377782276076551e-07,0.0,2.7834755555280328e-06,3.221253783135688e-06,0.0,Tunisia,TUN,,,,Windows-11-10.0.26200-SP0,3.13.3,3.2.6,8,Intel(R) Core(TM) i7-8650U CPU @ 1.90GHz,0,,,,7.87811279296875,machine,0.0,0,0.0,0.0,N,1.0,0.0
2026-05-07T11:23:12,codecarbon,4c63e9aa-f4a0-4cd0-8db2-0a863f3eda8c,5b0fa12a-3dd7-45bb-9766-cc326314d9f1,1.5037701999826822,1.8228216161274605e-06,1.2121676677383636e-06,1.608,0.0,10.0,4.478503779915628e-07,0.0,2.784354999958952e-06,3.232205377950514e-06,0.0,Tunisia,TUN,,,,Windows-11-10.0.26200-SP0,3.13.3,3.2.6,8,Intel(R) Core(TM) i7-8650U CPU @ 1.90GHz,0,,,,7.87811279296875,machine,0.0,0,0.0,0.0,N,1.0,0.0
2026-05-07T11:23:15,codecarbon,4c5168a0-aa3a-4032-9423-2d90e795d632,5b0fa12a-3dd7-45bb-9766-cc326314d9f1,1.5034285000001546,1.8147652162744169e-06,1.20708448474552e-06,1.5584650845,0.0,10.0,4.339834776813483e-07,0.0,2.783936388894088e-06,3.217919866575436e-06,0.0,Tunisia,TUN,,,,Windows-11-10.0.26200-SP0,3.13.3,3.2.6,8,Intel(R) Core(TM) i7-8650U CPU @ 1.90GHz,0,,,,7.87811279296875,machine,0.0,0,0.0,0.0,N,1.0,0.0
2026-05-07T11:23:18,codecarbon,1a725530-6522-4e92-a5ae-778806d29610,5b0fa12a-3dd7-45bb-9766-cc326314d9f1,1.5061087999783922,1.880430810622596e-06,1.2485358366205511e-06,1.9465281735,0.0,10.0,5.434270313591986e-07,0.0,2.790930277761719e-06,3.334357309120917e-06,0.0,Tunisia,TUN,,,,Windows-11-10.0.26200-SP0,3.13.3,3.2.6,8,Intel(R) Core(TM) i7-8650U CPU @ 1.90GHz,0,,,,7.87811279296875,machine,0.0,0,0.0,0.0,N,1.0,0.0
2026-05-07T11:23:21,codecarbon,405359cc-1ff8-4dd9-af2a-882b06a6f866,5b0fa12a-3dd7-45bb-9766-cc326314d9f1,1.5028723000141326,1.8766187989930743e-06,1.2486881280434989e-06,1.9549266045,0.0,10.0,5.442951181138764e-07,0.0,2.7833027778089875e-06,3.327597895922864e-06,0.0,Tunisia,TUN,,,,Windows-11-10.0.26200-SP0,3.13.3,3.2.6,8,Intel(R) Core(TM) i7-8650U CPU @ 1.90GHz,0,,,,7.87811279296875,machine,0.0,0,0.0,0.0,N,1.0,0.0
2026-05-07T11:23:25,codecarbon,3de20bc6-1457-40b3-82a8-5226d138e027,5b0fa12a-3dd7-45bb-9766-cc326314d9f1,1.5057759000046644,1.8314844979571103e-06,1.2163061568135315e-06,1.639863132,0.0,10.0,4.576837958669174e-07,0.0,2.7898825000091973e-06,3.247566295876115e-06,0.0,Tunisia,TUN,,,,Windows-11-10.0.26200-SP0,3.13.3,3.2.6,8,Intel(R) Core(TM) i7-8650U CPU @ 1.90GHz,0,,,,7.87811279296875,machine,0.0,0,0.0,0.0,N,1.0,0.0
2026-05-07T11:23:28,codecarbon,a7a7827d-c4c1-43da-9071-b7d642833d33,5b0fa12a-3dd7-45bb-9766-cc326314d9f1,1.5038826999953017,1.8155313311652429e-06,1.2072293478546663e-06,1.5606436875,0.0,10.0,4.346952767372269e-07,0.0,2.784583055553311e-06,3.2192783322905382e-06,0.0,Tunisia,TUN,,,,Windows-11-10.0.26200-SP0,3.13.3,3.2.6,8,Intel(R) Core(TM) i7-8650U CPU @ 1.90GHz,0,,,,7.87811279296875,machine,0.0,0,0.0,0.0,N,1.0,0.0
2026-05-07T11:23:31,codecarbon,faba33f0-11bd-4de1-b836-a084700c38ed,5b0fa12a-3dd7-45bb-9766-cc326314d9f1,1.5035564999852795,1.819018809489024e-06,1.209810745061348e-06,1.584098304,0.0,10.0,4.411992313900085e-07,0.0,2.7842630555419928e-06,3.225462286932001e-06,0.0,Tunisia,TUN,,,,Windows-11-10.0.26200-SP0,3.13.3,3.2.6,8,Intel(R) Core(TM) i7-8650U CPU @ 1.90GHz,0,,,,7.87811279296875,machine,0.0,0,0.0,0.0,N,1.0,0.0
2026-05-07T11:23:33,codecarbon,c7b0dc8d-e99e-488f-a1e6-0352cacf5d7b,5b0fa12a-3dd7-45bb-9766-cc326314d9f1,1.504195300018182,1.815862780586404e-06,1.2071988129230654e-06,1.559547744,0.0,10.0,4.345299432359294e-07,0.0,2.785336111183925e-06,3.2198660544198545e-06,0.0,Tunisia,TUN,,,,Windows-11-10.0.26200-SP0,3.13.3,3.2.6,8,Intel(R) Core(TM) i7-8650U CPU @ 1.90GHz,0,,,,7.87811279296875,machine,0.0,0,0.0,0.0,N,1.0,0.0
2026-05-07T11:23:36,codecarbon,e03e333d-6c5e-4050-a3fa-5a29b20b965f,5b0fa12a-3dd7-45bb-9766-cc326314d9f1,1.5029418999911286,1.8160718727035035e-06,1.2083446956360876e-06,1.5723515625000002,0.0,10.0,4.37655147424916e-07,0.0,2.782581666623527e-06,3.2202368140484427e-06,0.0,Tunisia,TUN,,,,Windows-11-10.0.26200-SP0,3.13.3,3.2.6,8,Intel(R) Core(TM) i7-8650U CPU @ 1.90GHz,0,,,,7.87811279296875,machine,0.0,0,0.0,0.0,N,1.0,0.0
2026-05-07T11:23:39,codecarbon,89050853-9b17-448a-9e9f-081555ca5f9d,5b0fa12a-3dd7-45bb-9766-cc326314d9f1,1.503179099992849,1.8162341837669143e-06,1.2082619987036503e-06,1.5686940480000002,0.0,10.0,4.3679462202444274e-07,0.0,2.783730000050532e-06,3.2205246220749744e-06,0.0,Tunisia,TUN,,,,Windows-11-10.0.26200-SP0,3.13.3,3.2.6,8,Intel(R) Core(TM) i7-8650U CPU @ 1.90GHz,0,,,,7.87811279296875,machine,0.0,0,0.0,0.0,N,1.0,0.0
2026-05-07T11:23:42,codecarbon,bef13f7e-51c0-4475-b0a5-78fcacaf2925,5b0fa12a-3dd7-45bb-9766-cc326314d9f1,1.5028747000033036,1.8916184840788333e-06,1.2586667964233316e-06,2.0543589375,0.0,10.0,5.71770434931244e-07,0.0,2.7824247222775337e-06,3.3541951572087776e-06,0.0,Tunisia,TUN,,,,Windows-11-10.0.26200-SP0,3.13.3,3.2.6,8,Intel(R) Core(TM) i7-8650U CPU @ 1.90GHz,0,,,,7.87811279296875,machine,0.0,0,0.0,0.0,N,1.0,0.0
2026-05-07T11:23:45,codecarbon,a7b7f87c-edf5-481a-85e6-2114c253a611,5b0fa12a-3dd7-45bb-9766-cc326314d9f1,1.5036953999951947,1.8163991549209323e-06,1.207956847461751e-06,1.5675028485000002,0.0,10.0,4.365493691420226e-07,0.0,2.784267777800172e-06,3.2208171469421944e-06,0.0,Tunisia,TUN,,,,Windows-11-10.0.26200-SP0,3.13.3,3.2.6,8,Intel(R) Core(TM) i7-8650U CPU @ 1.90GHz,0,,,,7.87811279296875,machine,0.0,0,0.0,0.0,N,1.0,0.0
2026-05-07T11:23:48,codecarbon,5aabc22e-dd76-405f-b2df-947a66a3d79f,5b0fa12a-3dd7-45bb-9766-cc326314d9f1,1.5034181000082754,1.817972088109516e-06,1.209225888726169e-06,1.5827345745000003,0.0,10.0,4.4058208648594427e-07,0.0,2.783024166678337e-06,3.2236062531642813e-06,0.0,Tunisia,TUN,,,,Windows-11-10.0.26200-SP0,3.13.3,3.2.6,8,Intel(R) Core(TM) i7-8650U CPU @ 1.90GHz,0,,,,7.87811279296875,machine,0.0,0,0.0,0.0,N,1.0,0.0
2026-05-07T11:23:51,codecarbon,06c3cf79-e287-47ff-86ca-dba41de07d7e,5b0fa12a-3dd7-45bb-9766-cc326314d9f1,1.5046924999915063,1.8167942291172923e-06,1.2074189438224407e-06,1.5651619215000006,0.0,10.0,4.360796321618888e-07,0.0,2.785438055596185e-06,3.2215176877580736e-06,0.0,Tunisia,TUN,,,,Windows-11-10.0.26200-SP0,3.13.3,3.2.6,8,Intel(R) Core(TM) i7-8650U CPU @ 1.90GHz,0,,,,7.87811279296875,machine,0.0,0,0.0,0.0,N,1.0,0.0
2026-05-07T11:23:54,codecarbon,835c00d8-c392-4d19-a73f-6ebaba13dfaf,5b0fa12a-3dd7-45bb-9766-cc326314d9f1,1.5042340999934822,1.8190551113911344e-06,1.2092899046757523e-06,1.578732,0.0,10.0,4.398933237035774e-07,0.0,2.7856333333248686e-06,3.2255266570284462e-06,0.0,Tunisia,TUN,,,,Windows-11-10.0.26200-SP0,3.13.3,3.2.6,8,Intel(R) Core(TM) i7-8650U CPU @ 1.90GHz,0,,,,7.87811279296875,machine,0.0,0,0.0,0.0,N,1.0,0.0
2026-05-07T11:23:57,codecarbon,3ab538d8-1fb7-4883-9750-8ed9b0fd3eb0,5b0fa12a-3dd7-45bb-9766-cc326314d9f1,1.503228499990655,1.8270522928231024e-06,1.2154188753303043e-06,1.6341680625000006,0.0,10.0,4.5516160750082603e-07,0.0,2.7845455555103e-06,3.2397071630111257e-06,0.0,Tunisia,TUN,,,,Windows-11-10.0.26200-SP0,3.13.3,3.2.6,8,Intel(R) Core(TM) i7-8650U CPU @ 1.90GHz,0,,,,7.87811279296875,machine,0.0,0,0.0,0.0,N,1.0,0.0
2026-05-07T11:24:00,codecarbon,93ecccbc-c777-4ea3-b06e-8eda9748ff83,5b0fa12a-3dd7-45bb-9766-cc326314d9f1,1.5037421000015456,1.8301614418525228e-06,1.2170713594110595e-06,1.6497091545,0.0,10.0,4.596583242373506e-07,0.0,2.785561944458297e-06,3.245220268695648e-06,0.0,Tunisia,TUN,,,,Windows-11-10.0.26200-SP0,3.13.3,3.2.6,8,Intel(R) Core(TM) i7-8650U CPU @ 1.90GHz,0,,,,7.87811279296875,machine,0.0,0,0.0,0.0,N,1.0,0.0
2026-05-07T11:24:03,codecarbon,41a67ec2-a3e4-4a8f-9db1-9ddbadf5cdc5,5b0fa12a-3dd7-45bb-9766-cc326314d9f1,1.5038137000228744,1.8230563009160128e-06,1.212288663740916e-06,1.6063880865000002,0.0,10.0,4.47536240396444e-07,0.0,2.785085277800034e-06,3.2326215181964783e-06,0.0,Tunisia,TUN,,,,Windows-11-10.0.26200-SP0,3.13.3,3.2.6,8,Intel(R) Core(TM) i7-8650U CPU @ 1.90GHz,0,,,,7.87811279296875,machine,0.0,0,0.0,0.0,N,1.0,0.0
2026-05-07T11:24:06,codecarbon,85299d80-5300-46d2-9d95-a21e8e631aa7,5b0fa12a-3dd7-45bb-9766-cc326314d9f1,1.5038102999969851,1.819064114985897e-06,1.209636690870879e-06,1.581385668,0.0,10.0,4.40560122127197e-07,0.0,2.784982499967252e-06,3.2255426220944485e-06,0.0,Tunisia,TUN,,,,Windows-11-10.0.26200-SP0,3.13.3,3.2.6,8,Intel(R) Core(TM) i7-8650U CPU @ 1.90GHz,0,,,,7.87811279296875,machine,0.0,0,0.0,0.0,N,1.0,0.0
2026-05-07T11:24:09,codecarbon,7462569a-3af6-4d71-aee1-5383b267cba0,5b0fa12a-3dd7-45bb-9766-cc326314d9f1,1.5040098000026774,1.8533125770142728e-06,1.2322476735264448e-06,1.7995385535,0.0,10.0,5.013815832788845e-07,0.0,2.7848899999905064e-06,3.286271583269391e-06,0.0,Tunisia,TUN,,,,Windows-11-10.0.26200-SP0,3.13.3,3.2.6,8,Intel(R) Core(TM) i7-8650U CPU @ 1.90GHz,0,,,,7.87811279296875,machine,0.0,0,0.0,0.0,N,1.0,0.0
2026-05-07T11:24:12,codecarbon,33487432-41e7-4fe7-a3cb-7ffccfca2234,5b0fa12a-3dd7-45bb-9766-cc326314d9f1,1.5038044000102673,1.845643834816972e-06,1.2273164214736776e-06,1.748396544,0.0,10.0,4.87174572881853e-07,0.0,2.785498888907669e-06,3.2726734617895226e-06,0.0,Tunisia,TUN,,,,Windows-11-10.0.26200-SP0,3.13.3,3.2.6,8,Intel(R) Core(TM) i7-8650U CPU @ 1.90GHz,0,,,,7.87811279296875,machine,0.0,0,0.0,0.0,N,1.0,0.0
2026-05-07T11:24:15,codecarbon,a4d389b8-782e-4f44-9f99-0c1165d9c251,5b0fa12a-3dd7-45bb-9766-cc326314d9f1,1.50531169999158,1.8730106582583696e-06,1.2442676545122492e-06,1.9060831185,0.0,10.0,5.318588730238599e-07,0.0,2.789341111120949e-06,3.3211999841448088e-06,0.0,Tunisia,TUN,,,,Windows-11-10.0.26200-SP0,3.13.3,3.2.6,8,Intel(R) Core(TM) i7-8650U CPU @ 1.90GHz,0,,,,7.87811279296875,machine,0.0,0,0.0,0.0,N,1.0,0.0
2026-05-07T11:24:18,codecarbon,5f34685b-2100-4cf0-ad24-2f5f6a341d6a,5b0fa12a-3dd7-45bb-9766-cc326314d9f1,1.504721100005554,1.823356712843604e-06,1.2117572571002517e-06,1.6001008125000002,0.0,10.0,4.460839272183097e-07,0.0,2.787070277796981e-06,3.2331542050152907e-06,0.0,Tunisia,TUN,,,,Windows-11-10.0.26200-SP0,3.13.3,3.2.6,8,Intel(R) Core(TM) i7-8650U CPU @ 1.90GHz,0,,,,7.87811279296875,machine,0.0,0,0.0,0.0,N,1.0,0.0
2026-05-07T11:24:21,codecarbon,e6e4190b-c6c5-4b2a-8ace-c2c7704a4cf0,5b0fa12a-3dd7-45bb-9766-cc326314d9f1,1.5044289999932516,1.8597845636646447e-06,1.236206270733273e-06,1.8326693085,0.0,10.0,5.108759654898182e-07,0.0,2.786871666709582e-06,3.2977476321994e-06,0.0,Tunisia,TUN,,,,Windows-11-10.0.26200-SP0,3.13.3,3.2.6,8,Intel(R) Core(TM) i7-8650U CPU @ 1.90GHz,0,,,,7.87811279296875,machine,0.0,0,0.0,0.0,N,1.0,0.0
2026-05-07T11:24:24,codecarbon,2bcf8a45-b82d-49d2-923a-dc4e6e74eefd,5b0fa12a-3dd7-45bb-9766-cc326314d9f1,1.503472399985185,1.827466655525949e-06,1.21549730846004e-06,1.636048896,0.0,10.0,4.5571523934871123e-07,0.0,2.7847266666261324e-06,3.240441905974844e-06,0.0,Tunisia,TUN,,,,Windows-11-10.0.26200-SP0,3.13.3,3.2.6,8,Intel(R) Core(TM) i7-8650U CPU @ 1.90GHz,0,,,,7.87811279296875,machine,0.0,0,0.0,0.0,N,1.0,0.0
2026-05-07T11:24:27,codecarbon,91a7fa54-445e-4269-a641-17811d8d1486,5b0fa12a-3dd7-45bb-9766-cc326314d9f1,1.504192199994577,1.8388306775216487e-06,1.2224705576376995e-06,1.7009736360000005,0.0,10.0,4.741113420825018e-07,0.0,2.7864811110905268e-06,3.2605924531730287e-06,0.0,Tunisia,TUN,,,,Windows-11-10.0.26200-SP0,3.13.3,3.2.6,8,Intel(R) Core(TM) i7-8650U CPU @ 1.90GHz,0,,,,7.87811279296875,machine,0.0,0,0.0,0.0,N,1.0,0.0
2026-05-07T11:24:30,codecarbon,45feab2a-0b9a-436b-a725-9d9879215681,5b0fa12a-3dd7-45bb-9766-cc326314d9f1,1.5033964999893217,1.92888614378953e-06,1.2830189133759663e-06,2.2824681405,0.0,10.0,6.357307790110884e-07,0.0,2.7845469444097643e-06,3.4202777234208524e-06,0.0,Tunisia,TUN,,,,Windows-11-10.0.26200-SP0,3.13.3,3.2.6,8,Intel(R) Core(TM) i7-8650U CPU @ 1.90GHz,0,,,,7.87811279296875,machine,0.0,0,0.0,0.0,N,1.0,0.0
2026-05-07T11:24:33,codecarbon,7f1ad199-47ed-4f8c-97a8-6622d620c466,5b0fa12a-3dd7-45bb-9766-cc326314d9f1,1.504185800004052,1.819011017984824e-06,1.2092994216405472e-06,1.5774270765,0.0,10.0,4.395854155318285e-07,0.0,2.7858630555985857e-06,3.225448471130414e-06,0.0,Tunisia,TUN,,,,Windows-11-10.0.26200-SP0,3.13.3,3.2.6,8,Intel(R) Core(TM) i7-8650U CPU @ 1.90GHz,0,,,,7.87811279296875,machine,0.0,0,0.0,0.0,N,1.0,0.0
2026-05-07T11:24:38,codecarbon,c76203df-274a-4fff-8513-07fd6bca64e5,5b0fa12a-3dd7-45bb-9766-cc326314d9f1,2.957987100002356,4.437999366135313e-06,1.5003443950556031e-06,1.52980152,0.0,10.0,1.044213238850502e-06,0.0,6.825193888895834e-06,7.869407127746337e-06,0.0,Tunisia,TUN,,,,Windows-11-10.0.26200-SP0,3.13.3,3.2.6,8,Intel(R) Core(TM) i7-8650U CPU @ 1.90GHz,0,,,,7.87811279296875,machine,0.0,0,87.6,6.902999877929688,N,1.0,0.0
2026-05-07T11:24:42,codecarbon,82f7d88b-f5ac-440d-9652-0ebb7792e635,5b0fa12a-3dd7-45bb-9766-cc326314d9f1,2.9745161999890115,4.462842269206117e-06,1.5003590396389852e-06,1.5167557072500002,0.0,10.0,1.0422799315675848e-06,0.0,6.8711783332724325e-06,7.913458264840018e-06,0.0,Tunisia,TUN,,,,Windows-11-10.0.26200-SP0,3.13.3,3.2.6,8,Intel(R) Core(TM) i7-8650U CPU @ 1.90GHz,0,,,,7.87811279296875,machine,0.0,0,87.2,6.868408203125,N,1.0,0.0
2026-05-07T11:24:46,codecarbon,e15b0e1e-bf69-4003-8460-a11233a786e1,5b0fa12a-3dd7-45bb-9766-cc326314d9f1,2.9851892999722622,4.485070651659993e-06,1.5024409512996938e-06,1.5257079352500005,0.0,10.0,1.052830865413195e-06,0.0,6.900042499991185e-06,7.95287336540438e-06,0.0,Tunisia,TUN,,,,Windows-11-10.0.26200-SP0,3.13.3,3.2.6,8,Intel(R) Core(TM) i7-8650U CPU @ 1.90GHz,0,,,,7.87811279296875,machine,0.0,0,86.9,6.846015930175781,N,1.0,0.0
2026-05-07T11:24:51,codecarbon,df731007-29dd-4c91-9917-099b66aa57b4,5b0fa12a-3dd7-45bb-9766-cc326314d9f1,3.008358399994904,4.529697203561409e-06,1.5057039758191983e-06,1.5303680137500002,0.0,10.0,1.0660876863900037e-06,0.0,6.965916944399295e-06,8.032004630789298e-06,0.0,Tunisia,TUN,,,,Windows-11-10.0.26200-SP0,3.13.3,3.2.6,8,Intel(R) Core(TM) i7-8650U CPU @ 1.90GHz,0,,,,7.87811279296875,machine,0.0,0,87.0,6.85748291015625,N,1.0,0.0
2026-05-07T11:24:55,codecarbon,876aad2f-0eb3-45d3-b899-fe8bcf075579,5b0fa12a-3dd7-45bb-9766-cc326314d9f1,3.0340654000174254,4.633261989370172e-06,1.527080460870607e-06,1.67563176,0.0,10.0,1.1791569640294088e-06,0.0,7.03648750002483e-06,8.215644464054239e-06,0.0,Tunisia,TUN,,,,Windows-11-10.0.26200-SP0,3.13.3,3.2.6,8,Intel(R) Core(TM) i7-8650U CPU @ 1.90GHz,0,,,,7.87811279296875,machine,0.0,0,87.3,6.874801635742188,N,1.0,0.0
2026-05-07T11:25:00,codecarbon,1d73f110-eec4-4bdc-95dd-b17098cb9a97,5b0fa12a-3dd7-45bb-9766-cc326314d9f1,3.0002639000013005,4.510348294749767e-06,1.5033171897804763e-06,1.5201087832500002,0.0,10.0,1.0553970449515123e-06,0.0,6.942298333322267e-06,7.997695378273778e-06,0.0,Tunisia,TUN,,,,Windows-11-10.0.26200-SP0,3.13.3,3.2.6,8,Intel(R) Core(TM) i7-8650U CPU @ 1.90GHz,0,,,,7.87811279296875,machine,0.0,0,87.4,6.888408660888672,N,1.0,0.0
2026-05-07T11:25:04,codecarbon,aa224955-b47b-407c-bdf6-7d7c67684762,5b0fa12a-3dd7-45bb-9766-cc326314d9f1,3.0119948999781627,4.532656017564376e-06,1.5048684237802788e-06,1.521060918,0.0,10.0,1.061205330922669e-06,0.0,6.976045833289391e-06,8.03725116421206e-06,0.0,Tunisia,TUN,,,,Windows-11-10.0.26200-SP0,3.13.3,3.2.6,8,Intel(R) Core(TM) i7-8650U CPU @ 1.90GHz,0,,,,7.87811279296875,machine,0.0,0,87.3,6.874790191650391,N,1.0,0.0
2026-05-07T11:25:09,codecarbon,6c87b5f6-1512-49d7-bf88-4da1e1a42c4d,5b0fa12a-3dd7-45bb-9766-cc326314d9f1,2.959827800019412,4.442828094389733e-06,1.501042761460851e-06,1.5351003847500002,0.0,10.0,1.0484852039609784e-06,0.0,6.829484166680939e-06,7.877969370641917e-06,0.0,Tunisia,TUN,,,,Windows-11-10.0.26200-SP0,3.13.3,3.2.6,8,Intel(R) Core(TM) i7-8650U CPU @ 1.90GHz,0,,,,7.87811279296875,machine,0.0,0,87.3,6.879428863525391,N,1.0,0.0
2026-05-07T11:25:13,codecarbon,16900242-d588-433c-ba36-46170e629b52,5b0fa12a-3dd7-45bb-9766-cc326314d9f1,3.028064499987522,4.564654352699872e-06,1.507449511963395e-06,1.52932585425,0.0,10.0,1.0736913385770004e-06,0.0,7.0202988888518624e-06,8.093990227428863e-06,0.0,Tunisia,TUN,,,,Windows-11-10.0.26200-SP0,3.13.3,3.2.6,8,Intel(R) Core(TM) i7-8650U CPU @ 1.90GHz,0,,,,7.87811279296875,machine,0.0,0,87.4,6.882133483886719,N,1.0,0.0
2026-05-07T11:25:18,codecarbon,515d44d2-f4f1-4b7e-b22d-ea5670c2b7a9,5b0fa12a-3dd7-45bb-9766-cc326314d9f1,3.2050581000221428,4.920596214578927e-06,1.5352595993641835e-06,1.61662201125,0.0,10.0,1.2143181693295078e-06,0.0,7.510823888878804e-06,8.725142058208311e-06,0.0,Tunisia,TUN,,,,Windows-11-10.0.26200-SP0,3.13.3,3.2.6,8,Intel(R) Core(TM) i7-8650U CPU @ 1.90GHz,0,,,,7.87811279296875,machine,0.0,0,90.0,7.090274810791016,N,1.0,0.0
2026-05-07T11:25:22,codecarbon,11f927e8-640d-4cae-b530-19972c1bbb99,5b0fa12a-3dd7-45bb-9766-cc326314d9f1,3.1985389000037685,4.895772300579816e-06,1.5306277189794523e-06,1.5858150247500002,0.0,10.0,1.1883226478288425e-06,0.0,7.49280194447945e-06,8.681124592308293e-06,0.0,Tunisia,TUN,,,,Windows-11-10.0.26200-SP0,3.13.3,3.2.6,8,Intel(R) Core(TM) i7-8650U CPU @ 1.90GHz,0,,,,7.87811279296875,machine,0.0,0,89.5,7.049167633056641,N,1.0,0.0
2026-05-07T11:25:27,codecarbon,4501a3dc-1929-443b-b5b0-28ad8fd415c1,5b0fa12a-3dd7-45bb-9766-cc326314d9f1,3.0203687000030186,4.547800372129084e-06,1.505710336663381e-06,1.5215743905,0.0,10.0,1.0650102294265356e-06,0.0,6.999094722252468e-06,8.064104951679003e-06,0.0,Tunisia,TUN,,,,Windows-11-10.0.26200-SP0,3.13.3,3.2.6,8,Intel(R) Core(TM) i7-8650U CPU @ 1.90GHz,0,,,,7.87811279296875,machine,0.0,0,86.5,6.817649841308594,N,1.0,0.0
2026-05-07T11:25:31,codecarbon,4c68cbb3-4c2e-40af-ada9-9175b0955cef,5b0fa12a-3dd7-45bb-9766-cc326314d9f1,3.049860399973113,4.6073964852390064e-06,1.5106909435197835e-06,1.53840558975,0.0,10.0,1.0893192297965651e-06,0.0,7.080460833256237e-06,8.169780063052802e-06,0.0,Tunisia,TUN,,,,Windows-11-10.0.26200-SP0,3.13.3,3.2.6,8,Intel(R) Core(TM) i7-8650U CPU @ 1.90GHz,0,,,,7.87811279296875,machine,0.0,0,86.5,6.812614440917969,N,1.0,0.0
2026-05-07T11:25:36,codecarbon,4fbfaa79-313f-4504-924f-2ab8d7006641,5b0fa12a-3dd7-45bb-9766-cc326314d9f1,2.9692368999822065,4.453481479770113e-06,1.49987408542471e-06,1.5170079345,0.0,10.0,1.040248158930325e-06,0.0,6.856611666605911e-06,7.896859825536235e-06,0.0,Tunisia,TUN,,,,Windows-11-10.0.26200-SP0,3.13.3,3.2.6,8,Intel(R) Core(TM) i7-8650U CPU @ 1.90GHz,0,,,,7.87811279296875,machine,0.0,0,86.5,6.814975738525391,N,1.0,0.0
2026-05-07T11:25:40,codecarbon,88184e40-3c77-4956-a9c6-8dc48e30334c,5b0fa12a-3dd7-45bb-9766-cc326314d9f1,2.982114899990848,4.475928040901476e-06,1.5009240726825158e-06,1.516313076,0.0,10.0,1.0450706868077807e-06,0.0,6.891591111101054e-06,7.936661797908836e-06,0.0,Tunisia,TUN,,,,Windows-11-10.0.26200-SP0,3.13.3,3.2.6,8,Intel(R) Core(TM) i7-8650U CPU @ 1.90GHz,0,,,,7.87811279296875,machine,0.0,0,86.5,6.813983917236328,N,1.0,0.0
2026-05-07T11:25:43,codecarbon,7b56513b-5386-4279-840c-080c4a69cb23,5b0fa12a-3dd7-45bb-9766-cc326314d9f1,1.503367299999809,1.827875250770434e-06,1.2158540702399648e-06,1.636048896,0.0,10.0,4.558153110142695e-07,0.0,2.7853511111364547e-06,3.2411664221507244e-06,0.0,Tunisia,TUN,,,,Windows-11-10.0.26200-SP0,3.13.3,3.2.6,8,Intel(R) Core(TM) i7-8650U CPU @ 1.90GHz,0,,,,7.87811279296875,machine,0.0,0,0.0,0.0,N,1.0,0.0
2026-05-07T11:25:46,codecarbon,5f4f50eb-7085-4891-920d-401480b01981,5b0fa12a-3dd7-45bb-9766-cc326314d9f1,1.5037982999929227,1.819116324604417e-06,1.2096810620233971e-06,1.5800515035,0.0,10.0,4.4022297733457654e-07,0.0,2.785412222227832e-06,3.2256351995624087e-06,0.0,Tunisia,TUN,,,,Windows-11-10.0.26200-SP0,3.13.3,3.2.6,8,Intel(R) Core(TM) i7-8650U CPU @ 1.90GHz,0,,,,7.87811279296875,machine,0.0,0,0.0,0.0,N,1.0,0.0
2026-05-07T11:25:49,codecarbon,c310790f-02de-408f-a2b6-a39644d60e3c,5b0fa12a-3dd7-45bb-9766-cc326314d9f1,1.5050928000127897,1.825117812157164e-06,1.2126280931924296e-06,1.608,0.0,10.0,4.484083540023615e-07,0.0,2.7878686111459194e-06,3.2362769651482808e-06,0.0,Tunisia,TUN,,,,Windows-11-10.0.26200-SP0,3.13.3,3.2.6,8,Intel(R) Core(TM) i7-8650U CPU @ 1.90GHz,0,,,,7.87811279296875,machine,0.0,0,0.0,0.0,N,1.0,0.0
2026-05-07T11:25:52,codecarbon,67a15409-9b6b-4e8a-b3be-be129b407e51,5b0fa12a-3dd7-45bb-9766-cc326314d9f1,1.5034756000095513,1.8194500458656144e-06,1.21016266965294e-06,1.5854769375000006,0.0,10.0,4.416086167339874e-07,0.0,2.78461833335718e-06,3.226226950091168e-06,0.0,Tunisia,TUN,,,,Windows-11-10.0.26200-SP0,3.13.3,3.2.6,8,Intel(R) Core(TM) i7-8650U CPU @ 1.90GHz,0,,,,7.87811279296875,machine,0.0,0,0.0,0.0,N,1.0,0.0
2026-05-07T11:25:55,codecarbon,3fb3ef48-6020-4eb0-af36-18b95f066ab0,5b0fa12a-3dd7-45bb-9766-cc326314d9f1,1.5038165000150912,1.8173953073876368e-06,1.2085219887994304e-06,1.5675028485000002,0.0,10.0,4.367868458323661e-07,0.0,2.785796666689243e-06,3.222583512521609e-06,0.0,Tunisia,TUN,,,,Windows-11-10.0.26200-SP0,3.13.3,3.2.6,8,Intel(R) Core(TM) i7-8650U CPU @ 1.90GHz,0,,,,7.87811279296875,machine,0.0,0,0.0,0.0,N,1.0,0.0
2026-05-07T11:25:58,codecarbon,87275c41-f0fd-4f7e-b9a5-cff4f30b0248,5b0fa12a-3dd7-45bb-9766-cc326314d9f1,1.503489000024274,1.8160341592749977e-06,1.2078799108245405e-06,1.5686940480000002,0.0,10.0,4.367391076808681e-07,0.0,2.7834308333694934e-06,3.220169941050361e-06,0.0,Tunisia,TUN,,,,Windows-11-10.0.26200-SP0,3.13.3,3.2.6,8,Intel(R) Core(TM) i7-8650U CPU @ 1.90GHz,0,,,,7.87811279296875,machine,0.0,0,0.0,0.0,N,1.0,0.0
2026-05-07T11:26:01,codecarbon,22ea33c7-9cf2-4fcc-b13c-7f86ded0cedf,5b0fa12a-3dd7-45bb-9766-cc326314d9f1,1.5038133000198286,1.8133942539409224e-06,1.2058639552642683e-06,1.5464798385,0.0,10.0,4.307822259293677e-07,0.0,2.7847066667163743e-06,3.2154888926457422e-06,0.0,Tunisia,TUN,,,,Windows-11-10.0.26200-SP0,3.13.3,3.2.6,8,Intel(R) Core(TM) i7-8650U CPU @ 1.90GHz,0,,,,7.87811279296875,machine,0.0,0,0.0,0.0,N,1.0,0.0
2026-05-07T11:26:04,codecarbon,114c187d-dfa2-4fdb-8f3e-d9128f6bb821,5b0fa12a-3dd7-45bb-9766-cc326314d9f1,1.5049859999853652,1.8227215458616293e-06,1.211121927964349e-06,1.5897030720000005,0.0,10.0,4.434259901539309e-07,0.0,2.7886019444041365e-06,3.232027934558068e-06,0.0,Tunisia,TUN,,,,Windows-11-10.0.26200-SP0,3.13.3,3.2.6,8,Intel(R) Core(TM) i7-8650U CPU @ 1.90GHz,0,,,,7.87811279296875,machine,0.0,0,0.0,0.0,N,1.0,0.0
2026-05-07T11:26:07,codecarbon,971c6214-c197-4e69-a392-6fccfc4ba0a5,5b0fa12a-3dd7-45bb-9766-cc326314d9f1,1.5034554000012577,1.81747972943876e-06,1.2088684037033885e-06,1.5735989760000002,0.0,10.0,4.382768197955707e-07,0.0,2.784456388892269e-06,3.22273320868784e-06,0.0,Tunisia,TUN,,,,Windows-11-10.0.26200-SP0,3.13.3,3.2.6,8,Intel(R) Core(TM) i7-8650U CPU @ 1.90GHz,0,,,,7.87811279296875,machine,0.0,0,0.0,0.0,N,1.0,0.0
2026-05-07T11:26:10,codecarbon,a62a0fb9-93ed-4374-b72b-3d8a5bd37259,5b0fa12a-3dd7-45bb-9766-cc326314d9f1,1.5038971999892965,1.817966237451614e-06,1.2088367725297663e-06,1.5735989760000002,0.0,10.0,4.38394490022875e-07,0.0,2.785201388825145e-06,3.22359587884802e-06,0.0,Tunisia,TUN,,,,Windows-11-10.0.26200-SP0,3.13.3,3.2.6,8,Intel(R) Core(TM) i7-8650U CPU @ 1.90GHz,0,,,,7.87811279296875,machine,0.0,0,0.0,0.0,N,1.0,0.0
2026-05-07T11:26:13,codecarbon,43e496f0-beda-41ca-a2a2-024ea75dda51,5b0fa12a-3dd7-45bb-9766-cc326314d9f1,1.5034693999914452,1.8233789581011568e-06,1.2127808907261647e-06,1.611272508,0.0,10.0,4.487744834094292e-07,0.0,2.784419166629151e-06,3.23319365003858e-06,0.0,Tunisia,TUN,,,,Windows-11-10.0.26200-SP0,3.13.3,3.2.6,8,Intel(R) Core(TM) i7-8650U CPU @ 1.90GHz,0,,,,7.87811279296875,machine,0.0,0,0.0,0.0,N,1.0,0.0
2026-05-07T11:26:16,codecarbon,41f16a78-fc1d-4996-9848-62bbc7790e7d,5b0fa12a-3dd7-45bb-9766-cc326314d9f1,1.5034992000146303,1.854849567012856e-06,1.2336884296279015e-06,1.809235104,0.0,10.0,5.040038998558533e-07,0.0,2.7849930556031822e-06,3.288996955459036e-06,0.0,Tunisia,TUN,,,,Windows-11-10.0.26200-SP0,3.13.3,3.2.6,8,Intel(R) Core(TM) i7-8650U CPU @ 1.90GHz,0,,,,7.87811279296875,machine,0.0,0,0.0,0.0,N,1.0,0.0
2026-05-07T11:26:19,codecarbon,7c528d87-d63f-429c-81bb-cf345a2b6d5b,5b0fa12a-3dd7-45bb-9766-cc326314d9f1,1.5036375000199769,1.821341306316109e-06,1.2112901588926262e-06,1.5940662585,0.0,10.0,4.441141214847977e-07,0.0,2.7854663889027308e-06,3.2295805103875284e-06,0.0,Tunisia,TUN,,,,Windows-11-10.0.26200-SP0,3.13.3,3.2.6,8,Intel(R) Core(TM) i7-8650U CPU @ 1.90GHz,0,,,,7.87811279296875,machine,0.0,0,0.0,0.0,N,1.0,0.0
2026-05-07T11:26:21,codecarbon,0644c502-b196-40f4-8756-695cad22a27b,5b0fa12a-3dd7-45bb-9766-cc326314d9f1,1.5032503999827895,1.8170619449412969e-06,1.2087553377415367e-06,1.5735989760000002,0.0,10.0,4.3816684271378724e-07,0.0,2.7838255555252544e-06,3.2219923982390416e-06,0.0,Tunisia,TUN,,,,Windows-11-10.0.26200-SP0,3.13.3,3.2.6,8,Intel(R) Core(TM) i7-8650U CPU @ 1.90GHz,0,,,,7.87811279296875,machine,0.0,0,0.0,0.0,N,1.0,0.0
2026-05-07T11:26:24,codecarbon,d76c4061-3c4c-47ef-bb0f-2fdbfbfc47dc,5b0fa12a-3dd7-45bb-9766-cc326314d9f1,1.5034997999900952,1.819521551213168e-06,1.210190750424546e-06,1.586870556,0.0,10.0,4.419698536077714e-07,0.0,2.784383888906127e-06,3.2263537425138985e-06,0.0,Tunisia,TUN,,,,Windows-11-10.0.26200-SP0,3.13.3,3.2.6,8,Intel(R) Core(TM) i7-8650U CPU @ 1.90GHz,0,,,,7.87811279296875,machine,0.0,0,0.0,0.0,N,1.0,0.0
2026-05-07T11:26:27,codecarbon,e8e1a3e0-92ed-4992-b7ae-492cec6c5ab7,5b0fa12a-3dd7-45bb-9766-cc326314d9f1,1.5045744000235572,1.8303685062120509e-06,1.2165357234467053e-06,1.6537734375000006,0.0,10.0,4.607121549110138e-07,0.0,2.7848752778178702e-06,3.245587432728884e-06,0.0,Tunisia,TUN,,,,Windows-11-10.0.26200-SP0,3.13.3,3.2.6,8,Intel(R) Core(TM) i7-8650U CPU @ 1.90GHz,0,,,,7.87811279296875,machine,0.0,0,0.0,0.0,N,1.0,0.0
2026-05-07T11:26:30,codecarbon,663b902c-00f8-4006-bc7c-c698a262bea2,5b0fa12a-3dd7-45bb-9766-cc326314d9f1,1.503692800004501,1.8207645535238489e-06,1.210862054748416e-06,1.5940662585,0.0,10.0,4.43995319266397e-07,0.0,2.7845625000029234e-06,3.2285578192693203e-06,0.0,Tunisia,TUN,,,,Windows-11-10.0.26200-SP0,3.13.3,3.2.6,8,Intel(R) Core(TM) i7-8650U CPU @ 1.90GHz,0,,,,7.87811279296875,machine,0.0,0,0.0,0.0,N,1.0,0.0
2026-05-07T11:26:33,codecarbon,d08ba230-ce2f-4a29-a083-9eb89ca41a78,5b0fa12a-3dd7-45bb-9766-cc326314d9f1,1.5034575999889055,1.8169388686644284e-06,1.2085068901695904e-06,1.571118324,0.0,10.0,4.375499941840127e-07,0.0,2.7842241666803603e-06,3.221774160864373e-06,0.0,Tunisia,TUN,,,,Windows-11-10.0.26200-SP0,3.13.3,3.2.6,8,Intel(R) Core(TM) i7-8650U CPU @ 1.90GHz,0,,,,7.87811279296875,machine,0.0,0,0.0,0.0,N,1.0,0.0
2026-05-07T11:26:36,codecarbon,1534be10-aaad-49f9-a9fe-e354f85c14c5,5b0fa12a-3dd7-45bb-9766-cc326314d9f1,1.5038980999961495,1.8218185542315672e-06,1.2113976034920396e-06,1.6001008125000002,0.0,10.0,4.457320383924957e-07,0.0,2.784694722261824e-06,3.230426760654319e-06,0.0,Tunisia,TUN,,,,Windows-11-10.0.26200-SP0,3.13.3,3.2.6,8,Intel(R) Core(TM) i7-8650U CPU @ 1.90GHz,0,,,,7.87811279296875,machine,0.0,0,0.0,0.0,N,1.0,0.0
2026-05-07T11:26:39,codecarbon,59d5d5ed-1438-438e-8ad6-012355a6b7c6,5b0fa12a-3dd7-45bb-9766-cc326314d9f1,1.5038168000173755,1.8170653627411965e-06,1.2083023428919013e-06,1.5675028485000002,0.0,10.0,4.367101252750197e-07,0.0,2.78528833336572e-06,3.221998458640739e-06,0.0,Tunisia,TUN,,,,Windows-11-10.0.26200-SP0,3.13.3,3.2.6,8,Intel(R) Core(TM) i7-8650U CPU @ 1.90GHz,0,,,,7.87811279296875,machine,0.0,0,0.0,0.0,N,1.0,0.0
2026-05-07T11:26:42,codecarbon,e3e98132-866b-4579-9f7a-034b4525f189,5b0fa12a-3dd7-45bb-9766-cc326314d9f1,1.5033895999949891,1.836665089164196e-06,1.221682715624957e-06,1.6961115840000005,0.0,10.0,4.723944023919164e-07,0.0,2.784358055537773e-06,3.256752457929689e-06,0.0,Tunisia,TUN,,,,Windows-11-10.0.26200-SP0,3.13.3,3.2.6,8,Intel(R) Core(TM) i7-8650U CPU @ 1.90GHz,0,,,,7.87811279296875,machine,0.0,0,0.0,0.0,N,1.0,0.0
2026-05-07T11:26:45,codecarbon,91c84c94-9468-4c8a-80a2-c1526e607260,5b0fa12a-3dd7-45bb-9766-cc326314d9f1,1.5035030000144616,1.8152459776420256e-06,1.20734443338295e-06,1.5584650845,0.0,10.0,4.3410845791710404e-07,0.0,2.7846638889362417e-06,3.2187723468533457e-06,0.0,Tunisia,TUN,,,,Windows-11-10.0.26200-SP0,3.13.3,3.2.6,8,Intel(R) Core(TM) i7-8650U CPU @ 1.90GHz,0,,,,7.87811279296875,machine,0.0,0,0.0,0.0,N,1.0,0.0
2026-05-07T11:26:48,codecarbon,6193eabd-fb2f-442e-9153-5107e3d2d36c,5b0fa12a-3dd7-45bb-9766-cc326314d9f1,1.503954599989811,1.832915717386135e-06,1.2187307498501305e-06,1.6707660495000003,0.0,10.0,4.654155058590853e-07,0.0,2.784688611104179e-06,3.2501041169632646e-06,0.0,Tunisia,TUN,,,,Windows-11-10.0.26200-SP0,3.13.3,3.2.6,8,Intel(R) Core(TM) i7-8650U CPU @ 1.90GHz,0,,,,7.87811279296875,machine,0.0,0,0.0,0.0,N,1.0,0.0
2026-05-07T11:26:51,codecarbon,bbcfdfe4-2889-4272-8be8-26ada810a1a8,5b0fa12a-3dd7-45bb-9766-cc326314d9f1,1.5033433999924457,1.8157936670795508e-06,1.2078369234126252e-06,1.5628757505000006,0.0,10.0,4.353073920585281e-07,0.0,2.7844361111217747e-06,3.219743503180302e-06,0.0,Tunisia,TUN,,,,Windows-11-10.0.26200-SP0,3.13.3,3.2.6,8,Intel(R) Core(TM) i7-8650U CPU @ 1.90GHz,0,,,,7.87811279296875,machine,0.0,0,0.0,0.0,N,1.0,0.0
2026-05-07T11:26:54,codecarbon,142b1bba-8833-4226-8b4b-e2569bb167cf,5b0fa12a-3dd7-45bb-9766-cc326314d9f1,1.5038208000187296,1.8181643572083045e-06,1.2090299304183448e-06,1.5748606455,0.0,10.0,4.387682935226758e-07,0.0,2.7851788888963507e-06,3.2239471824190264e-06,0.0,Tunisia,TUN,,,,Windows-11-10.0.26200-SP0,3.13.3,3.2.6,8,Intel(R) Core(TM) i7-8650U CPU @ 1.90GHz,0,,,,7.87811279296875,machine,0.0,0,0.0,0.0,N,1.0,0.0
2026-05-07T11:26:57,codecarbon,c365ddef-3e54-4d22-a115-d6e3ff58ba23,5b0fa12a-3dd7-45bb-9766-cc326314d9f1,1.5043406000186224,1.8224333162757904e-06,1.2114499311214695e-06,1.5970522695000002,0.0,10.0,4.451504604371696e-07,0.0,2.786366388884037e-06,3.2315168493212067e-06,0.0,Tunisia,TUN,,,,Windows-11-10.0.26200-SP0,3.13.3,3.2.6,8,Intel(R) Core(TM) i7-8650U CPU @ 1.90GHz,0,,,,7.87811279296875,machine,0.0,0,0.0,0.0,N,1.0,0.0
2026-05-07T11:27:00,codecarbon,b4c730fb-5249-42fa-998a-5a4e1f2c37c8,5b0fa12a-3dd7-45bb-9766-cc326314d9f1,1.5041526000131853,1.820078343319564e-06,1.2100356993722636e-06,1.5854769375000006,0.0,10.0,4.417638173123105e-07,0.0,2.785577222271564e-06,3.227341039583874e-06,0.0,Tunisia,TUN,,,,Windows-11-10.0.26200-SP0,3.13.3,3.2.6,8,Intel(R) Core(TM) i7-8650U CPU @ 1.90GHz,0,,,,7.87811279296875,machine,0.0,0,0.0,0.0,N,1.0,0.0
2026-05-07T11:27:03,codecarbon,624ee4a3-bbf1-40a6-8b78-77df4f8324e6,5b0fa12a-3dd7-45bb-9766-cc326314d9f1,1.5032184000010602,1.8170027040956512e-06,1.2087416599573088e-06,1.5735989760000002,0.0,10.0,4.381629087118349e-07,0.0,2.783724444371829e-06,3.2218873530836646e-06,0.0,Tunisia,TUN,,,,Windows-11-10.0.26200-SP0,3.13.3,3.2.6,8,Intel(R) Core(TM) i7-8650U CPU @ 1.90GHz,0,,,,7.87811279296875,machine,0.0,0,0.0,0.0,N,1.0,0.0
2026-05-07T11:27:06,codecarbon,9193ae42-bc11-4e8a-bd38-8ecd8206852a,5b0fa12a-3dd7-45bb-9766-cc326314d9f1,1.503616999980295,1.817461132055258e-06,1.2087261131518704e-06,1.5735989760000002,0.0,10.0,4.382966209141349e-07,0.0,2.7844036111168355e-06,3.2227002320309706e-06,0.0,Tunisia,TUN,,,,Windows-11-10.0.26200-SP0,3.13.3,3.2.6,8,Intel(R) Core(TM) i7-8650U CPU @ 1.90GHz,0,,,,7.87811279296875,machine,0.0,0,0.0,0.0,N,1.0,0.0
2026-05-07T11:27:09,codecarbon,5a7e019a-3805-434b-870c-f6a4d722d9e5,5b0fa12a-3dd7-45bb-9766-cc326314d9f1,1.5039845000137575,1.8408571710287108e-06,1.2239867970792729e-06,1.7186227395,0.0,10.0,4.788821960015447e-07,0.0,2.785303611098142e-06,3.2641858070996863e-06,0.0,Tunisia,TUN,,,,Windows-11-10.0.26200-SP0,3.13.3,3.2.6,8,Intel(R) Core(TM) i7-8650U CPU @ 1.90GHz,0,,,,7.87811279296875,machine,0.0,0,0.0,0.0,N,1.0,0.0
2026-05-07T11:27:12,codecarbon,139b73f9-438f-4955-ada0-db90b3c76afc,5b0fa12a-3dd7-45bb-9766-cc326314d9f1,1.5045530000061262,1.826194685828204e-06,1.2137789003250585e-06,1.6214853120000003,0.0,10.0,4.519714646226753e-07,0.0,2.786214999974214e-06,3.238186464596889e-06,0.0,Tunisia,TUN,,,,Windows-11-10.0.26200-SP0,3.13.3,3.2.6,8,Intel(R) Core(TM) i7-8650U CPU @ 1.90GHz,0,,,,7.87811279296875,machine,0.0,0,0.0,0.0,N,1.0,0.0
2026-05-07T11:27:15,codecarbon,16dafb71-7c41-42bd-98ec-869904eca450,5b0fa12a-3dd7-45bb-9766-cc326314d9f1,1.5038411999994423,1.8209430734753128e-06,1.2108612754298713e-06,1.5940662585,0.0,10.0,4.440477020413185e-07,0.0,2.784826666659986e-06,3.228874368701304e-06,0.0,Tunisia,TUN,,,,Windows-11-10.0.26200-SP0,3.13.3,3.2.6,8,Intel(R) Core(TM) i7-8650U CPU @ 1.90GHz,0,,,,7.87811279296875,machine,0.0,0,0.0,0.0,N,1.0,0.0
2026-05-07T11:27:18,codecarbon,87f0cafc-9457-4c97-9c23-188c979cab5d,5b0fa12a-3dd7-45bb-9766-cc326314d9f1,1.5045858999947086,1.819375794584808e-06,1.209220287516456e-06,1.5774270765,0.0,10.0,4.396563997424201e-07,0.0,2.78643888887018e-06,3.2260952886126e-06,0.0,Tunisia,TUN,,,,Windows-11-10.0.26200-SP0,3.13.3,3.2.6,8,Intel(R) Core(TM) i7-8650U CPU @ 1.90GHz,0,,,,7.87811279296875,machine,0.0,0,0.0,0.0,N,1.0,0.0
2026-05-07T11:27:21,codecarbon,eff5b6ba-d5ad-4cb3-bbf8-5d3d936ec55c,5b0fa12a-3dd7-45bb-9766-cc326314d9f1,1.504502499999944,1.8196369840352305e-06,1.209460924149543e-06,1.5800515035,0.0,10.0,4.404056488431197e-07,0.0,2.786152777763265e-06,3.2265584266063844e-06,0.0,Tunisia,TUN,,,,Windows-11-10.0.26200-SP0,3.13.3,3.2.6,8,Intel(R) Core(TM) i7-8650U CPU @ 1.90GHz,0,,,,7.87811279296875,machine,0.0,0,0.0,0.0,N,1.0,0.0
2026-05-07T11:27:24,codecarbon,a54f9af5-a501-4c09-87a6-ed4b032c3ff1,5b0fa12a-3dd7-45bb-9766-cc326314d9f1,1.503967399999965,1.8193140734661424e-06,1.2096765351869892e-06,1.581385668,0.0,10.0,4.405930676699041e-07,0.0,2.785392777797016e-06,3.22598584546692e-06,0.0,Tunisia,TUN,,,,Windows-11-10.0.26200-SP0,3.13.3,3.2.6,8,Intel(R) Core(TM) i7-8650U CPU @ 1.90GHz,0,,,,7.87811279296875,machine,0.0,0,0.0,0.0,N,1.0,0.0
2026-05-07T11:27:27,codecarbon,b72f3b21-2aad-400f-a1ad-55b38ad29427,5b0fa12a-3dd7-45bb-9766-cc326314d9f1,1.5052364000002854,1.8397867614194989e-06,1.2222576875095166e-06,1.7034345105000002,0.0,10.0,4.74945269657713e-07,0.0,2.787342499990094e-06,3.262287769647807e-06,0.0,Tunisia,TUN,,,,Windows-11-10.0.26200-SP0,3.13.3,3.2.6,8,Intel(R) Core(TM) i7-8650U CPU @ 1.90GHz,0,,,,7.87811279296875,machine,0.0,0,0.0,0.0,N,1.0,0.0
2026-05-07T11:27:30,codecarbon,2a7abff6-b8f0-4aa3-b8e8-c6aaf7d81655,5b0fa12a-3dd7-45bb-9766-cc326314d9f1,1.5055333999916911,1.836625703942722e-06,1.2199169436910918e-06,1.6752013125,0.0,10.0,4.673940094030047e-07,0.0,2.7892886111254083e-06,3.256682620528413e-06,0.0,Tunisia,TUN,,,,Windows-11-10.0.26200-SP0,3.13.3,3.2.6,8,Intel(R) Core(TM) i7-8650U CPU @ 1.90GHz,0,,,,7.87811279296875,machine,0.0,0,0.0,0.0,N,1.0,0.0
2026-05-07T11:27:33,codecarbon,aa8b1f49-d637-4d99-8c96-974e77c50535,5b0fa12a-3dd7-45bb-9766-cc326314d9f1,1.5042134999821428,1.9322637553820708e-06,1.2845674868660662e-06,2.2946622315000003,0.0,10.0,6.396179748428219e-07,0.0,2.786648888852344e-06,3.4262668636951658e-06,0.0,Tunisia,TUN,,,,Windows-11-10.0.26200-SP0,3.13.3,3.2.6,8,Intel(R) Core(TM) i7-8650U CPU @ 1.90GHz,0,,,,7.87811279296875,machine,0.0,0,0.0,0.0,N,1.0,0.0
2026-05-07T11:27:36,codecarbon,9f378a41-8fb2-471a-b3bf-cefff7b01da7,5b0fa12a-3dd7-45bb-9766-cc326314d9f1,1.5042467000021134,1.8410570544951584e-06,1.223906327660597e-06,1.7186227395,0.0,10.0,4.788894046823548e-07,0.0,2.7856508333772783e-06,3.264540238059633e-06,0.0,Tunisia,TUN,,,,Windows-11-10.0.26200-SP0,3.13.3,3.2.6,8,Intel(R) Core(TM) i7-8650U CPU @ 1.90GHz,0,,,,7.87811279296875,machine,0.0,0,0.0,0.0,N,1.0,0.0
2026-05-07T11:27:39,codecarbon,ac116f5c-0dd6-455a-b9ff-c13e69eda475,5b0fa12a-3dd7-45bb-9766-cc326314d9f1,1.5047873000148684,1.8184184150540244e-06,1.2084222235501703e-06,1.5698991795,0.0,10.0,4.376290636401725e-07,0.0,2.786768611096907e-06,3.2243976747370794e-06,0.0,Tunisia,TUN,,,,Windows-11-10.0.26200-SP0,3.13.3,3.2.6,8,Intel(R) Core(TM) i7-8650U CPU @ 1.90GHz,0,,,,7.87811279296875,machine,0.0,0,0.0,0.0,N,1.0,0.0
2026-05-07T11:27:42,codecarbon,e7300a7b-fe34-4c94-b518-fb7a29e3e5db,5b0fa12a-3dd7-45bb-9766-cc326314d9f1,1.50425389999873,1.838564028817628e-06,1.2222431524486528e-06,1.705915392,0.0,10.0,4.752090793554948e-07,0.0,2.7849105555408946e-06,3.2601196348963893e-06,0.0,Tunisia,TUN,,,,Windows-11-10.0.26200-SP0,3.13.3,3.2.6,8,Intel(R) Core(TM) i7-8650U CPU @ 1.90GHz,0,,,,7.87811279296875,machine,0.0,0,0.0,0.0,N,1.0,0.0
2026-05-07T11:27:45,codecarbon,124eaae1-cffa-4fe6-bdf0-2b40f2d73895,5b0fa12a-3dd7-45bb-9766-cc326314d9f1,1.5040152999863494,1.819630316740366e-06,1.209848275317998e-06,1.5800515035,0.0,10.0,4.403502153562012e-07,0.0,2.7861963888830765e-06,3.226546604239277e-06,0.0,Tunisia,TUN,,,,Windows-11-10.0.26200-SP0,3.13.3,3.2.6,8,Intel(R) Core(TM) i7-8650U CPU @ 1.90GHz,0,,,,7.87811279296875,machine,0.0,0,0.0,0.0,N,1.0,0.0
2026-05-07T11:27:47,codecarbon,89f23697-c6c0-4fcc-bce5-2e4c90b87def,5b0fa12a-3dd7-45bb-9766-cc326314d9f1,1.5037037000001874,1.8199411069820675e-06,1.2103056652596124e-06,1.5897030720000005,0.0,10.0,4.42761582591151e-07,0.0,2.7843361111687654e-06,3.2270976937599164e-06,0.0,Tunisia,TUN,,,,Windows-11-10.0.26200-SP0,3.13.3,3.2.6,8,Intel(R) Core(TM) i7-8650U CPU @ 1.90GHz,0,,,,7.87811279296875,machine,0.0,0,0.0,0.0,N,1.0,0.0
2026-05-07T11:27:50,codecarbon,642afa54-af9a-4576-bec0-52921e362e4c,5b0fa12a-3dd7-45bb-9766-cc326314d9f1,1.5042570999939926,1.8331725696281645e-06,1.2186564182648602e-06,1.6642545,0.0,10.0,4.638712309166579e-07,0.0,2.786688333354605e-06,3.250559564271264e-06,0.0,Tunisia,TUN,,,,Windows-11-10.0.26200-SP0,3.13.3,3.2.6,8,Intel(R) Core(TM) i7-8650U CPU @ 1.90GHz,0,,,,7.87811279296875,machine,0.0,0,0.0,0.0,N,1.0,0.0
2026-05-07T11:27:53,codecarbon,04b40591-71b5-42eb-8903-d0ec5ae1630e,5b0fa12a-3dd7-45bb-9766-cc326314d9f1,1.5043830999929924,1.8182460535915544e-06,1.2086323314852608e-06,1.5686940480000002,0.0,10.0,4.373006565773119e-07,0.0,2.7867913888864376e-06,3.2240920454637497e-06,0.0,Tunisia,TUN,,,,Windows-11-10.0.26200-SP0,3.13.3,3.2.6,8,Intel(R) Core(TM) i7-8650U CPU @ 1.90GHz,0,,,,7.87811279296875,machine,0.0,0,0.0,0.0,N,1.0,0.0
2026-05-07T11:27:59,codecarbon,47437098-27db-4018-bc81-f0df0c28e627,5b0fa12a-3dd7-45bb-9766-cc326314d9f1,4.263832099997671,6.816082516943064e-06,1.5985813599336584e-06,1.5636141915,0.0,10.0,1.6343603064926426e-06,0.0,1.0451835277813692e-05,1.2086195584306337e-05,0.0,Tunisia,TUN,,,,Windows-11-10.0.26200-SP0,3.13.3,3.2.6,8,Intel(R) Core(TM) i7-8650U CPU @ 1.90GHz,0,,,,7.87811279296875,machine,0.0,0,86.35,6.802820205688477,N,1.0,0.0
2026-05-07T11:28:05,codecarbon,7634a4da-81fd-4ea8-bbda-1fa78394fdd7,5b0fa12a-3dd7-45bb-9766-cc326314d9f1,4.235510499973316,6.764805139381043e-06,1.5971640583640772e-06,1.5628143975000002,0.0,10.0,1.6213444881880363e-06,0.0,1.0373926666620215e-05,1.1995271154808252e-05,0.0,Tunisia,TUN,,,,Windows-11-10.0.26200-SP0,3.13.3,3.2.6,8,Intel(R) Core(TM) i7-8650U CPU @ 1.90GHz,0,,,,7.87811279296875,machine,0.0,0,86.1,6.78169059753418,N,1.0,0.0
2026-05-07T11:28:11,codecarbon,d0227652-ee31-433d-b9f5-269a6828bcee,5b0fa12a-3dd7-45bb-9766-cc326314d9f1,4.406975100020645,7.159915457182679e-06,1.6246779922013032e-06,1.7006639325,0.0,10.0,1.845394354130255e-06,0.0,1.0850481666663351e-05,1.2695876020793606e-05,0.0,Tunisia,TUN,,,,Windows-11-10.0.26200-SP0,3.13.3,3.2.6,8,Intel(R) Core(TM) i7-8650U CPU @ 1.90GHz,0,,,,7.87811279296875,machine,0.0,0,86.4,6.805307388305664,N,1.0,0.0
2026-05-07T11:28:17,codecarbon,b5cfbc5d-e4ab-4805-a34e-647cb3efb94a,5b0fa12a-3dd7-45bb-9766-cc326314d9f1,4.593000900000334,7.397437638330068e-06,1.6105891985193232e-06,1.53892401,0.0,10.0,1.7494736083424977e-06,0.0,1.1367573888855986e-05,1.3117047497198482e-05,0.0,Tunisia,TUN,,,,Windows-11-10.0.26200-SP0,3.13.3,3.2.6,8,Intel(R) Core(TM) i7-8650U CPU @ 1.90GHz,0,,,,7.87811279296875,machine,0.0,0,87.16666666666667,6.866447448730469,N,1.0,0.0
2026-05-07T11:28:23,codecarbon,a0e9947e-d054-4c46-a3d4-a0f25134efec,5b0fa12a-3dd7-45bb-9766-cc326314d9f1,4.334245799982455,6.941680240807036e-06,1.601588964067321e-06,1.5604278945000003,0.0,10.0,1.6615386807051994e-06,0.0,1.0647365277772122e-05,1.230890395847732e-05,0.0,Tunisia,TUN,,,,Windows-11-10.0.26200-SP0,3.13.3,3.2.6,8,Intel(R) Core(TM) i7-8650U CPU @ 1.90GHz,0,,,,7.87811279296875,machine,0.0,0,86.25,6.795276641845703,N,1.0,0.0
2026-05-07T11:28:28,codecarbon,e365ecc5-1da8-47b0-8bf3-1b28a19d04d0,5b0fa12a-3dd7-45bb-9766-cc326314d9f1,4.263499299995601,6.7942094640230144e-06,1.593575836644332e-06,1.5297907515000002,0.0,10.0,1.5985474942850356e-06,0.0,1.0448863055514974e-05,1.204741054980001e-05,0.0,Tunisia,TUN,,,,Windows-11-10.0.26200-SP0,3.13.3,3.2.6,8,Intel(R) Core(TM) i7-8650U CPU @ 1.90GHz,0,,,,7.87811279296875,machine,0.0,0,85.95,6.77125358581543,N,1.0,0.0
2026-05-07T11:28:34,codecarbon,36016483-af30-4798-8da9-1d69139c2225,5b0fa12a-3dd7-45bb-9766-cc326314d9f1,4.476950799988117,7.22892168157672e-06,1.6146975931913094e-06,1.6059539940000005,0.0,10.0,1.7737845284124634e-06,0.0,1.1044452499966912e-05,1.2818237028379376e-05,0.0,Tunisia,TUN,,,,Windows-11-10.0.26200-SP0,3.13.3,3.2.6,8,Intel(R) Core(TM) i7-8650U CPU @ 1.90GHz,0,,,,7.87811279296875,machine,0.0,0,85.9,6.770841598510742,N,1.0,0.0
2026-05-07T11:28:40,codecarbon,232b0baa-4ff1-4d83-a1e8-ec740044aacf,5b0fa12a-3dd7-45bb-9766-cc326314d9f1,4.330654299992602,6.941879782367052e-06,1.6029632710186333e-06,1.5726224175,0.0,10.0,1.6727936165724018e-06,0.0,1.063646416660049e-05,1.2309257783172892e-05,0.0,Tunisia,TUN,,,,Windows-11-10.0.26200-SP0,3.13.3,3.2.6,8,Intel(R) Core(TM) i7-8650U CPU @ 1.90GHz,0,,,,7.87811279296875,machine,0.0,0,86.2,6.790285110473633,N,1.0,0.0
2026-05-07T11:28:46,codecarbon,ca5c8b55-f50d-4f10-a53e-3baf793d7200,5b0fa12a-3dd7-45bb-9766-cc326314d9f1,4.264276400004746,6.829763382167004e-06,1.6016230519577488e-06,1.5842717925,0.0,10.0,1.6563165522636138e-06,0.0,1.0454137777802923e-05,1.2110454330066537e-05,0.0,Tunisia,TUN,,,,Windows-11-10.0.26200-SP0,3.13.3,3.2.6,8,Intel(R) Core(TM) i7-8650U CPU @ 1.90GHz,0,,,,7.87811279296875,machine,0.0,0,86.4,6.809476852416992,N,1.0,0.0
2026-05-07T11:28:52,codecarbon,9b2c7137-68fc-4c70-b4d2-4e72f6651733,5b0fa12a-3dd7-45bb-9766-cc326314d9f1,4.19463879999239,6.668615183954168e-06,1.589794855272465e-06,1.5269397135000002,0.0,10.0,1.566465226612194e-06,0.0,1.0258243055512947e-05,1.1824708282125144e-05,0.0,Tunisia,TUN,,,,Windows-11-10.0.26200-SP0,3.13.3,3.2.6,8,Intel(R) Core(TM) i7-8650U CPU @ 1.90GHz,0,,,,7.87811279296875,machine,0.0,0,85.65,6.747491836547852,N,1.0,0.0
2026-05-07T11:28:58,codecarbon,937e982e-0c85-490c-9e86-e58a70bfbbc8,5b0fa12a-3dd7-45bb-9766-cc326314d9f1,4.401318899996113,7.080031715029351e-06,1.6086159344272016e-06,1.5871026615,0.0,10.0,1.7196412961587597e-06,0.0,1.0834585833314729e-05,1.2554227129473489e-05,0.0,Tunisia,TUN,,,,Windows-11-10.0.26200-SP0,3.13.3,3.2.6,8,Intel(R) Core(TM) i7-8650U CPU @ 1.90GHz,0,,,,7.87811279296875,machine,0.0,0,85.35,6.725170135498047,N,1.0,0.0
2026-05-07T11:29:03,codecarbon,fdc55ef7-94e5-461f-9236-67c59b58f0fa,5b0fa12a-3dd7-45bb-9766-cc326314d9f1,4.260930000018561,6.805042689819969e-06,1.5970792033171924e-06,1.5558397395000003,0.0,10.0,1.6246890621798234e-06,0.0,1.044193083337935e-05,1.2066619895559173e-05,0.0,Tunisia,TUN,,,,Windows-11-10.0.26200-SP0,3.13.3,3.2.6,8,Intel(R) Core(TM) i7-8650U CPU @ 1.90GHz,0,,,,7.87811279296875,machine,0.0,0,85.6,6.744205474853516,N,1.0,0.0
2026-05-07T11:29:10,codecarbon,0850564d-c5fb-46ad-b0ce-5b2297f39b7e,5b0fa12a-3dd7-45bb-9766-cc326314d9f1,4.718470400024671,7.722201117349418e-06,1.636589924842814e-06,1.68860043375,0.0,10.0,1.978269472030853e-06,0.0,1.1714644722249227e-05,1.3692914194280082e-05,0.0,Tunisia,TUN,,,,Windows-11-10.0.26200-SP0,3.13.3,3.2.6,8,Intel(R) Core(TM) i7-8650U CPU @ 1.90GHz,0,,,,7.87811279296875,machine,0.0,0,85.66666666666667,6.748106638590495,N,1.0,0.0
2026-05-07T11:29:15,codecarbon,27bb5a16-62d4-4f23-acc2-2d45163d6988,5b0fa12a-3dd7-45bb-9766-cc326314d9f1,4.329346999991685,6.925309155354384e-06,1.5996197937859185e-06,1.5484706385000002,0.0,10.0,1.6466252243707517e-06,0.0,1.0633249722175404e-05,1.2279874946546155e-05,0.0,Tunisia,TUN,,,,Windows-11-10.0.26200-SP0,3.13.3,3.2.6,8,Intel(R) Core(TM) i7-8650U CPU @ 1.90GHz,0,,,,7.87811279296875,machine,0.0,0,85.75,6.755762100219727,N,1.0,0.0
2026-05-07T11:29:21,codecarbon,4691325c-0e31-4905-9cb4-57d4c7b19bc3,5b0fa12a-3dd7-45bb-9766-cc326314d9f1,4.179892799991649,6.646266113065195e-06,1.5900565950108755e-06,1.5318820185000002,0.0,10.0,1.5655816782683173e-06,0.0,1.021949750001012e-05,1.1785079178278436e-05,0.0,Tunisia,TUN,,,,Windows-11-10.0.26200-SP0,3.13.3,3.2.6,8,Intel(R) Core(TM) i7-8650U CPU @ 1.90GHz,0,,,,7.87811279296875,machine,0.0,0,85.8,6.759677886962891,N,1.0,0.0
2026-05-07T11:29:24,codecarbon,719ba848-e978-487b-9243-c64d8e133f3d,5b0fa12a-3dd7-45bb-9766-cc326314d9f1,1.5038012000150047,1.82266295602373e-06,1.2120371735343366e-06,1.601648736,0.0,10.0,4.462790437622733e-07,0.0,2.785644999999527e-06,3.2319240437618007e-06,0.0,Tunisia,TUN,,,,Windows-11-10.0.26200-SP0,3.13.3,3.2.6,8,Intel(R) Core(TM) i7-8650U CPU @ 1.90GHz,0,,,,7.87811279296875,machine,0.0,0,0.0,0.0,N,1.0,0.0
2026-05-07T11:29:27,codecarbon,a26cecf8-e835-492e-8d8f-e24b627758de,5b0fa12a-3dd7-45bb-9766-cc326314d9f1,1.5030148999940138,1.8186726660962168e-06,1.2100163917892364e-06,1.584098304,0.0,10.0,4.410851763144895e-07,0.0,2.7837633333143053e-06,3.2248485096287946e-06,0.0,Tunisia,TUN,,,,Windows-11-10.0.26200-SP0,3.13.3,3.2.6,8,Intel(R) Core(TM) i7-8650U CPU @ 1.90GHz,0,,,,7.87811279296875,machine,0.0,0,0.0,0.0,N,1.0,0.0
2026-05-07T11:29:30,codecarbon,c44f94dd-c916-4813-84bf-b32953d5d7fc,5b0fa12a-3dd7-45bb-9766-cc326314d9f1,1.5036698000039903,1.824110545001371e-06,1.2131057929051512e-06,1.6163041875,0.0,10.0,4.501514466891453e-07,0.0,2.7843394444466363e-06,3.2344908911357817e-06,0.0,Tunisia,TUN,,,,Windows-11-10.0.26200-SP0,3.13.3,3.2.6,8,Intel(R) Core(TM) i7-8650U CPU @ 1.90GHz,0,,,,7.87811279296875,machine,0.0,0,0.0,0.0,N,1.0,0.0
2026-05-07T11:29:33,codecarbon,f545315b-0c88-4f41-bfea-9a659a3cae35,5b0fa12a-3dd7-45bb-9766-cc326314d9f1,1.503783599997405,1.8161223461596645e-06,1.2077019234435052e-06,1.5628757505000006,0.0,10.0,4.353682573949689e-07,0.0,2.784958055579207e-06,3.220326312974176e-06,0.0,Tunisia,TUN,,,,Windows-11-10.0.26200-SP0,3.13.3,3.2.6,8,Intel(R) Core(TM) i7-8650U CPU @ 1.90GHz,0,,,,7.87811279296875,machine,0.0,0,0.0,0.0,N,1.0,0.0
2026-05-07T11:29:36,codecarbon,3d2a771f-2713-4388-866e-acb870f2847a,5b0fa12a-3dd7-45bb-9766-cc326314d9f1,1.5038717999996152,1.820232227950572e-06,1.2103639605124835e-06,1.584098304,0.0,10.0,4.415127948543607e-07,0.0,2.7861011111074023e-06,3.227613905961763e-06,0.0,Tunisia,TUN,,,,Windows-11-10.0.26200-SP0,3.13.3,3.2.6,8,Intel(R) Core(TM) i7-8650U CPU @ 1.90GHz,0,,,,7.87811279296875,machine,0.0,0,0.0,0.0,N,1.0,0.0
2026-05-07T11:29:39,codecarbon,794ff619-b07f-405b-86f9-73fdb340fdaf,5b0fa12a-3dd7-45bb-9766-cc326314d9f1,1.5056691999780014,1.827610307806118e-06,1.2138192823714667e-06,1.6163041875,0.0,10.0,4.510044063143265e-07,0.0,2.789692222156898e-06,3.2406966284712245e-06,0.0,Tunisia,TUN,,,,Windows-11-10.0.26200-SP0,3.13.3,3.2.6,8,Intel(R) Core(TM) i7-8650U CPU @ 1.90GHz,0,,,,7.87811279296875,machine,0.0,0,0.0,0.0,N,1.0,0.0
2026-05-07T11:29:42,codecarbon,ab59c4d9-6fd4-4e6a-80c5-08478b669afb,5b0fa12a-3dd7-45bb-9766-cc326314d9f1,1.5035793000133708,1.826124795863508e-06,1.214518446647456e-06,1.6304585595,0.0,10.0,4.540675365043513e-07,0.0,2.783995000047273e-06,3.2380625365516243e-06,0.0,Tunisia,TUN,,,,Windows-11-10.0.26200-SP0,3.13.3,3.2.6,8,Intel(R) Core(TM) i7-8650U CPU @ 1.90GHz,0,,,,7.87811279296875,machine,0.0,0,0.0,0.0,N,1.0,0.0
2026-05-07T11:29:45,codecarbon,3155d514-016a-4060-88e4-53493ae8080c,5b0fa12a-3dd7-45bb-9766-cc326314d9f1,1.5046061000030022,1.8207753514166456e-06,1.210134234742909e-06,1.5854769375000006,0.0,10.0,4.419319659483417e-07,0.0,2.786645000014687e-06,3.2285769659630287e-06,0.0,Tunisia,TUN,,,,Windows-11-10.0.26200-SP0,3.13.3,3.2.6,8,Intel(R) Core(TM) i7-8650U CPU @ 1.90GHz,0,,,,7.87811279296875,machine,0.0,0,0.0,0.0,N,1.0,0.0
2026-05-07T11:29:48,codecarbon,5b3bd39f-1934-4c38-9d37-fd3036f4cfdd,5b0fa12a-3dd7-45bb-9766-cc326314d9f1,1.5040753000066616,1.8236250887108656e-06,1.2124559779040244e-06,1.6047922920000002,0.0,10.0,4.472692525100062e-07,0.0,2.7863608333670226e-06,3.233630085877029e-06,0.0,Tunisia,TUN,,,,Windows-11-10.0.26200-SP0,3.13.3,3.2.6,8,Intel(R) Core(TM) i7-8650U CPU @ 1.90GHz,0,,,,7.87811279296875,machine,0.0,0,0.0,0.0,N,1.0,0.0
2026-05-07T11:29:51,codecarbon,86a551cd-f043-408f-9e09-cf70ea4cd4de,5b0fa12a-3dd7-45bb-9766-cc326314d9f1,1.5046459999866784,1.827062180131592e-06,1.2142804222041384e-06,1.6214853120000003,0.0,10.0,4.52123028458602e-07,0.0,2.787601666609084e-06,3.239724695067686e-06,0.0,Tunisia,TUN,,,,Windows-11-10.0.26200-SP0,3.13.3,3.2.6,8,Intel(R) Core(TM) i7-8650U CPU @ 1.90GHz,0,,,,7.87811279296875,machine,0.0,0,0.0,0.0,N,1.0,0.0
2026-05-07T11:29:54,codecarbon,37962537-afc7-4a11-9550-95abe6368ec9,5b0fa12a-3dd7-45bb-9766-cc326314d9f1,1.5039563999744132,1.823338173031032e-06,1.2123610585134333e-06,1.608,0.0,10.0,4.479435526657229e-07,0.0,2.7851777777767794e-06,3.2331213304425024e-06,0.0,Tunisia,TUN,,,,Windows-11-10.0.26200-SP0,3.13.3,3.2.6,8,Intel(R) Core(TM) i7-8650U CPU @ 1.90GHz,0,,,,7.87811279296875,machine,0.0,0,0.0,0.0,N,1.0,0.0
2026-05-07T11:29:57,codecarbon,1ced1d1e-1b0b-4385-bdbd-d2315d715346,5b0fa12a-3dd7-45bb-9766-cc326314d9f1,1.5040598000050522,1.8395074616985688e-06,1.2230281413627235e-06,1.705915392,0.0,10.0,4.754511298038529e-07,0.0,2.786341388936206e-06,3.261792518740059e-06,0.0,Tunisia,TUN,,,,Windows-11-10.0.26200-SP0,3.13.3,3.2.6,8,Intel(R) Core(TM) i7-8650U CPU @ 1.90GHz,0,,,,7.87811279296875,machine,0.0,0,0.0,0.0,N,1.0,0.0
2026-05-07T11:30:00,codecarbon,20763393-5308-43a0-9335-103c4bb4da93,5b0fa12a-3dd7-45bb-9766-cc326314d9f1,1.5035894000029657,1.8234390678056915e-06,1.2127240773326117e-06,1.611272508,0.0,10.0,4.487835692001243e-07,0.0,2.7845166666439685e-06,3.233300235844093e-06,0.0,Tunisia,TUN,,,,Windows-11-10.0.26200-SP0,3.13.3,3.2.6,8,Intel(R) Core(TM) i7-8650U CPU @ 1.90GHz,0,,,,7.87811279296875,machine,0.0,0,0.0,0.0,N,1.0,0.0
2026-05-07T11:30:03,codecarbon,7d815329-74bc-4918-807c-3669fb1a44a7,5b0fa12a-3dd7-45bb-9766-cc326314d9f1,1.5041506999987178,1.8175887714530423e-06,1.2083820932667132e-06,1.5663255,0.0,10.0,4.365504495773496e-07,0.0,2.786376111099445e-06,3.2229265606767944e-06,0.0,Tunisia,TUN,,,,Windows-11-10.0.26200-SP0,3.13.3,3.2.6,8,Intel(R) Core(TM) i7-8650U CPU @ 1.90GHz,0,,,,7.87811279296875,machine,0.0,0,0.0,0.0,N,1.0,0.0
2026-05-07T11:30:05,codecarbon,e3b30f83-ec8f-45d4-93c8-9e07a4154d54,5b0fa12a-3dd7-45bb-9766-cc326314d9f1,1.5036123000027146,1.822177284721432e-06,1.211866439718631e-06,1.6047922920000002,0.0,10.0,4.469248016864125e-07,0.0,2.7841380555603083e-06,3.2310628572467205e-06,0.0,Tunisia,TUN,,,,Windows-11-10.0.26200-SP0,3.13.3,3.2.6,8,Intel(R) Core(TM) i7-8650U CPU @ 1.90GHz,0,,,,7.87811279296875,machine,0.0,0,0.0,0.0,N,1.0,0.0
2026-05-07T11:30:08,codecarbon,332d3907-4ecb-4275-a6d4-476690daa93d,5b0fa12a-3dd7-45bb-9766-cc326314d9f1,1.5042847000004258,1.818270342182489e-06,1.2087275381993675e-06,1.5698991795,0.0,10.0,4.3759400255805003e-07,0.0,2.7865411111431766e-06,3.2241351137012268e-06,0.0,Tunisia,TUN,,,,Windows-11-10.0.26200-SP0,3.13.3,3.2.6,8,Intel(R) Core(TM) i7-8650U CPU @ 1.90GHz,0,,,,7.87811279296875,machine,0.0,0,0.0,0.0,N,1.0,0.0
2026-05-07T11:30:11,codecarbon,42a6da1c-b72e-475f-9fcc-e6c4302d90e8,5b0fa12a-3dd7-45bb-9766-cc326314d9f1,1.504586900002323,1.8176694485747768e-06,1.208085387804434e-06,1.5651619215000006,0.0,10.0,4.363204497131614e-07,0.0,2.7867491666660904e-06,3.223069616379252e-06,0.0,Tunisia,TUN,,,,Windows-11-10.0.26200-SP0,3.13.3,3.2.6,8,Intel(R) Core(TM) i7-8650U CPU @ 1.90GHz,0,,,,7.87811279296875,machine,0.0,0,0.0,0.0,N,1.0,0.0
2026-05-07T11:30:14,codecarbon,806c47a4-15af-4565-a92c-fbf9294de2c2,5b0fa12a-3dd7-45bb-9766-cc326314d9f1,1.5034001000167336,1.8181734684494585e-06,1.209374316543694e-06,1.578732,0.0,10.0,4.3967861615036453e-07,0.0,2.784284722211952e-06,3.2239633383623164e-06,0.0,Tunisia,TUN,,,,Windows-11-10.0.26200-SP0,3.13.3,3.2.6,8,Intel(R) Core(TM) i7-8650U CPU @ 1.90GHz,0,,,,7.87811279296875,machine,0.0,0,0.0,0.0,N,1.0,0.0
2026-05-07T11:30:17,codecarbon,7610a115-0cb7-449c-8eb4-1b9116be48f7,5b0fa12a-3dd7-45bb-9766-cc326314d9f1,1.504340100014815,1.818530659370672e-06,1.2088560687525137e-06,1.578732,0.0,10.0,4.397561494363053e-07,0.0,2.784840555573788e-06,3.224596705010093e-06,0.0,Tunisia,TUN,,,,Windows-11-10.0.26200-SP0,3.13.3,3.2.6,8,Intel(R) Core(TM) i7-8650U CPU @ 1.90GHz,0,,,,7.87811279296875,machine,0.0,0,0.0,0.0,N,1.0,0.0
2026-05-07T11:30:20,codecarbon,4f23fdb3-bb77-4727-819b-b9a7717a3bb5,5b0fa12a-3dd7-45bb-9766-cc326314d9f1,1.503936799999792,1.8222197557807315e-06,1.2116331988026248e-06,1.6047922920000002,0.0,10.0,4.46994833040261e-07,0.0,2.784143333378274e-06,3.231138166418535e-06,0.0,Tunisia,TUN,,,,Windows-11-10.0.26200-SP0,3.13.3,3.2.6,8,Intel(R) Core(TM) i7-8650U CPU @ 1.90GHz,0,,,,7.87811279296875,machine,0.0,0,0.0,0.0,N,1.0,0.0
2026-05-07T11:30:23,codecarbon,6acf02d2-0873-4187-8447-5eb7255dd5be,5b0fa12a-3dd7-45bb-9766-cc326314d9f1,1.5035829999833368,1.9256312657743195e-06,1.2806950236838672e-06,2.2584554745,0.0,10.0,6.29245657312389e-07,0.0,2.785260555538116e-06,3.414506212850505e-06,0.0,Tunisia,TUN,,,,Windows-11-10.0.26200-SP0,3.13.3,3.2.6,8,Intel(R) Core(TM) i7-8650U CPU @ 1.90GHz,0,,,,7.87811279296875,machine,0.0,0,0.0,0.0,N,1.0,0.0
2026-05-07T11:30:26,codecarbon,69d37378-da8f-41d4-b849-1eb5134b73b2,5b0fa12a-3dd7-45bb-9766-cc326314d9f1,1.503956400003517,1.8183649221087644e-06,1.2090542798345166e-06,1.5735989760000002,0.0,10.0,4.384853216700484e-07,0.0,2.785817500019524e-06,3.224302821689572e-06,0.0,Tunisia,TUN,,,,Windows-11-10.0.26200-SP0,3.13.3,3.2.6,8,Intel(R) Core(TM) i7-8650U CPU @ 1.90GHz,0,,,,7.87811279296875,machine,0.0,0,0.0,0.0,N,1.0,0.0
2026-05-07T11:30:29,codecarbon,14ac3b57-2cc4-41b4-9bd1-bdc3b54b9b86,5b0fa12a-3dd7-45bb-9766-cc326314d9f1,1.5038866000249982,1.8221937702316385e-06,1.2116563643836903e-06,1.6032125355000002,0.0,10.0,4.4659903355964745e-07,0.0,2.7844930555956023e-06,3.23109208915525e-06,0.0,Tunisia,TUN,,,,Windows-11-10.0.26200-SP0,3.13.3,3.2.6,8,Intel(R) Core(TM) i7-8650U CPU @ 1.90GHz,0,,,,7.87811279296875,machine,0.0,0,0.0,0.0,N,1.0,0.0
2026-05-07T11:30:32,codecarbon,d26fb9eb-8700-4e04-9c08-cd4f33946ba8,5b0fa12a-3dd7-45bb-9766-cc326314d9f1,1.5034773999941535,1.8253296910514123e-06,1.2140719182466663e-06,1.6250235000000002,0.0,10.0,4.525668329119487e-07,0.0,2.78408583334466e-06,3.236652666256609e-06,0.0,Tunisia,TUN,,,,Windows-11-10.0.26200-SP0,3.13.3,3.2.6,8,Intel(R) Core(TM) i7-8650U CPU @ 1.90GHz,0,,,,7.87811279296875,machine,0.0,0,0.0,0.0,N,1.0,0.0
2026-05-07T11:30:35,codecarbon,3741be2c-642d-4ccd-9313-4ff6be40261f,5b0fa12a-3dd7-45bb-9766-cc326314d9f1,1.5042507000034675,1.817632144683869e-06,1.2083305958771895e-06,1.5698991795,0.0,10.0,4.3742013621995204e-07,0.0,2.785583333348364e-06,3.223003469568316e-06,0.0,Tunisia,TUN,,,,Windows-11-10.0.26200-SP0,3.13.3,3.2.6,8,Intel(R) Core(TM) i7-8650U CPU @ 1.90GHz,0,,,,7.87811279296875,machine,0.0,0,0.0,0.0,N,1.0,0.0
2026-05-07T11:30:38,codecarbon,aa3ab0ea-97fb-4367-9979-79c0551bb218,5b0fa12a-3dd7-45bb-9766-cc326314d9f1,1.5030582000035793,1.8302271747523228e-06,1.2176688665468605e-06,1.6579106205,0.0,10.0,4.6162904766262484e-07,0.0,2.7837077778207862e-06,3.245336825483411e-06,0.0,Tunisia,TUN,,,,Windows-11-10.0.26200-SP0,3.13.3,3.2.6,8,Intel(R) Core(TM) i7-8650U CPU @ 1.90GHz,0,,,,7.87811279296875,machine,0.0,0,0.0,0.0,N,1.0,0.0
2026-05-07T11:30:41,codecarbon,4ef6bd76-76f4-4dcd-9d1a-4d4c8211c425,5b0fa12a-3dd7-45bb-9766-cc326314d9f1,1.5031819000141695,1.8244114589204367e-06,1.2136997251651575e-06,1.6250235000000002,0.0,10.0,4.523086347381674e-07,0.0,2.782715833341677e-06,3.2350244680798445e-06,0.0,Tunisia,TUN,,,,Windows-11-10.0.26200-SP0,3.13.3,3.2.6,8,Intel(R) Core(TM) i7-8650U CPU @ 1.90GHz,0,,,,7.87811279296875,machine,0.0,0,0.0,0.0,N,1.0,0.0
2026-05-07T11:30:44,codecarbon,677465af-7e51-4c43-9c70-f8e0d37679d6,5b0fa12a-3dd7-45bb-9766-cc326314d9f1,1.5038047999842092,1.8192802425864587e-06,1.2097848355089452e-06,1.5800515035,0.0,10.0,4.402641903263245e-07,0.0,2.7856616666314143e-06,3.225925856957739e-06,0.0,Tunisia,TUN,,,,Windows-11-10.0.26200-SP0,3.13.3,3.2.6,8,Intel(R) Core(TM) i7-8650U CPU @ 1.90GHz,0,,,,7.87811279296875,machine,0.0,0,0.0,0.0,N,1.0,0.0
2026-05-07T11:30:47,codecarbon,9a47a66d-c3b3-46a9-88b6-c59582422677,5b0fa12a-3dd7-45bb-9766-cc326314d9f1,1.5041705000039656,1.8235929212060497e-06,1.212357855177483e-06,1.608,0.0,10.0,4.480183246630865e-07,0.0,2.7855547221810816e-06,3.233573046844168e-06,0.0,Tunisia,TUN,,,,Windows-11-10.0.26200-SP0,3.13.3,3.2.6,8,Intel(R) Core(TM) i7-8650U CPU @ 1.90GHz,0,,,,7.87811279296875,machine,0.0,0,0.0,0.0,N,1.0,0.0
2026-05-07T11:30:50,codecarbon,27d4f44d-4d16-44f9-ae65-76a5ce9005e4,5b0fa12a-3dd7-45bb-9766-cc326314d9f1,1.5037339000264185,1.850202608013784e-06,1.2304055976800673e-06,1.777706124,0.0,10.0,4.953014680542759e-07,0.0,2.7854555555677506e-06,3.2807570236220267e-06,0.0,Tunisia,TUN,,,,Windows-11-10.0.26200-SP0,3.13.3,3.2.6,8,Intel(R) Core(TM) i7-8650U CPU @ 1.90GHz,0,,,,7.87811279296875,machine,0.0,0,0.0,0.0,N,1.0,0.0
2026-05-07T11:30:53,codecarbon,244432fb-d78f-4ec4-88af-5fb9d1f477c0,5b0fa12a-3dd7-45bb-9766-cc326314d9f1,1.5059447000094224,1.8257158260894253e-06,1.2123392220697098e-06,1.6047922920000002,0.0,10.0,4.477951340369795e-07,0.0,2.789542222227384e-06,3.2373373562643635e-06,0.0,Tunisia,TUN,,,,Windows-11-10.0.26200-SP0,3.13.3,3.2.6,8,Intel(R) Core(TM) i7-8650U CPU @ 1.90GHz,0,,,,7.87811279296875,machine,0.0,0,0.0,0.0,N,1.0,0.0
2026-05-07T11:30:56,codecarbon,97bb836f-b9ac-45d1-9754-a68e46f944bd,5b0fa12a-3dd7-45bb-9766-cc326314d9f1,1.5049500000022815,1.8244532448213448e-06,1.2123015680378609e-06,1.6032125355000002,0.0,10.0,4.471068956686812e-07,0.0,2.7879916666683533e-06,3.2350985623370347e-06,0.0,Tunisia,TUN,,,,Windows-11-10.0.26200-SP0,3.13.3,3.2.6,8,Intel(R) Core(TM) i7-8650U CPU @ 1.90GHz,0,,,,7.87811279296875,machine,0.0,0,0.0,0.0,N,1.0,0.0
2026-05-07T11:30:59,codecarbon,cae095ee-235d-4f30-b655-9e54dfadc0b9,5b0fa12a-3dd7-45bb-9766-cc326314d9f1,1.5046387999900617,1.8300974262331867e-06,1.216303491738532e-06,1.639863132,0.0,10.0,4.572845347417808e-07,0.0,2.787822222227179e-06,3.24510675696896e-06,0.0,Tunisia,TUN,,,,Windows-11-10.0.26200-SP0,3.13.3,3.2.6,8,Intel(R) Core(TM) i7-8650U CPU @ 1.90GHz,0,,,,7.87811279296875,machine,0.0,0,0.0,0.0,N,1.0,0.0
2026-05-07T11:31:02,codecarbon,5a5b15fb-8baf-4416-b941-84f098eb286b,5b0fa12a-3dd7-45bb-9766-cc326314d9f1,1.5048655999999028,1.8522335819613944e-06,1.2308299039871162e-06,1.777706124,0.0,10.0,4.958566555407714e-07,0.0,2.788501666671234e-06,3.284358322212006e-06,0.0,Tunisia,TUN,,,,Windows-11-10.0.26200-SP0,3.13.3,3.2.6,8,Intel(R) Core(TM) i7-8650U CPU @ 1.90GHz,0,,,,7.87811279296875,machine,0.0,0,0.0,0.0,N,1.0,0.0
2026-05-07T11:31:05,codecarbon,1190338a-5560-42b1-9e2f-d776a49d64ab,5b0fa12a-3dd7-45bb-9766-cc326314d9f1,1.5043109999969602,1.829215491524146e-06,1.2159822613328245e-06,1.639863132,0.0,10.0,4.570773653662344e-07,0.0,2.786465555578212e-06,3.243542920944446e-06,0.0,Tunisia,TUN,,,,Windows-11-10.0.26200-SP0,3.13.3,3.2.6,8,Intel(R) Core(TM) i7-8650U CPU @ 1.90GHz,0,,,,7.87811279296875,machine,0.0,0,0.0,0.0,N,1.0,0.0
2026-05-07T11:31:08,codecarbon,3156b642-4f6b-47ec-9d80-cb3c2c77265e,5b0fa12a-3dd7-45bb-9766-cc326314d9f1,1.5048704000073485,1.830729051314148e-06,1.216536022839713e-06,1.643748,0.0,10.0,4.583739691970162e-07,0.0,2.787852777772868e-06,3.246226746969884e-06,0.0,Tunisia,TUN,,,,Windows-11-10.0.26200-SP0,3.13.3,3.2.6,8,Intel(R) Core(TM) i7-8650U CPU @ 1.90GHz,0,,,,7.87811279296875,machine,0.0,0,0.0,0.0,N,1.0,0.0
2026-05-07T11:31:11,codecarbon,ca8e6210-c578-44cb-b1be-4923f749263c,5b0fa12a-3dd7-45bb-9766-cc326314d9f1,1.5055668999848422,1.825350242929089e-06,1.2124006199574831e-06,1.6032125355000002,0.0,10.0,4.473129975349745e-07,0.0,2.7893761110640804e-06,3.236689108599055e-06,0.0,Tunisia,TUN,,,,Windows-11-10.0.26200-SP0,3.13.3,3.2.6,8,Intel(R) Core(TM) i7-8650U CPU @ 1.90GHz,0,,,,7.87811279296875,machine,0.0,0,0.0,0.0,N,1.0,0.0
2026-05-07T11:31:14,codecarbon,9aac675a-7125-4399-8a75-421d91016707,5b0fa12a-3dd7-45bb-9766-cc326314d9f1,1.5048799999931362,1.8227758507670603e-06,1.2112433222418893e-06,1.5897030720000005,0.0,10.0,4.434528384712881e-07,0.0,2.788671388892302e-06,3.2321242273635896e-06,0.0,Tunisia,TUN,,,,Windows-11-10.0.26200-SP0,3.13.3,3.2.6,8,Intel(R) Core(TM) i7-8650U CPU @ 1.90GHz,0,,,,7.87811279296875,machine,0.0,0,0.0,0.0,N,1.0,0.0
2026-05-07T11:31:17,codecarbon,cc79b7e9-7ab6-49e7-a99e-5d0f6c303f11,5b0fa12a-3dd7-45bb-9766-cc326314d9f1,1.5043594000162557,1.8174373281311104e-06,1.208113784585965e-06,1.5628757505000006,0.0,10.0,4.3569385651248666e-07,0.0,2.786964166686327e-06,3.222658023198814e-06,0.0,Tunisia,TUN,,,,Windows-11-10.0.26200-SP0,3.13.3,3.2.6,8,Intel(R) Core(TM) i7-8650U CPU @ 1.90GHz,0,,,,7.87811279296875,machine,0.0,0,0.0,0.0,N,1.0,0.0
2026-05-07T11:31:20,codecarbon,c5c8a223-7207-4a48-86c3-8d51c24ecf41,5b0fa12a-3dd7-45bb-9766-cc326314d9f1,1.5062986999982968,1.828600161614279e-06,1.213969156062039e-06,1.618014516,0.0,10.0,4.516743253117498e-07,0.0,2.7907775000332754e-06,3.242451825345025e-06,0.0,Tunisia,TUN,,,,Windows-11-10.0.26200-SP0,3.13.3,3.2.6,8,Intel(R) Core(TM) i7-8650U CPU @ 1.90GHz,0,,,,7.87811279296875,machine,0.0,0,0.0,0.0,N,1.0,0.0
2026-05-07T11:31:23,codecarbon,c220f8eb-9b02-4e4f-adfe-e4ec6ad72235,5b0fa12a-3dd7-45bb-9766-cc326314d9f1,1.5045220000029076,1.819338622041436e-06,1.2092469382554194e-06,1.5748606455,0.0,10.0,4.390277080570425e-07,0.0,2.7870016666484944e-06,3.226029374705537e-06,0.0,Tunisia,TUN,,,,Windows-11-10.0.26200-SP0,3.13.3,3.2.6,8,Intel(R) Core(TM) i7-8650U CPU @ 1.90GHz,0,,,,7.87811279296875,machine,0.0,0,0.0,0.0,N,1.0,0.0
2026-05-07T11:31:26,codecarbon,78a9d764-811b-439e-9b9b-a9f508595c8f,5b0fa12a-3dd7-45bb-9766-cc326314d9f1,1.5045831000024918,1.8190315686089155e-06,1.208993752891351e-06,1.5698991795,0.0,10.0,4.377610223773354e-07,0.0,2.787723888872683e-06,3.2254849112500186e-06,0.0,Tunisia,TUN,,,,Windows-11-10.0.26200-SP0,3.13.3,3.2.6,8,Intel(R) Core(TM) i7-8650U CPU @ 1.90GHz,0,,,,7.87811279296875,machine,0.0,0,0.0,0.0,N,1.0,0.0
2026-05-07T11:31:29,codecarbon,4a9253f1-641d-4137-9704-3a49e465d0d7,5b0fa12a-3dd7-45bb-9766-cc326314d9f1,1.5057105000014417,1.8246377832076448e-06,1.211811821200621e-06,1.598568684,0.0,10.0,4.460271724307613e-07,0.0,2.7893986111545624e-06,3.2354257835853235e-06,0.0,Tunisia,TUN,,,,Windows-11-10.0.26200-SP0,3.13.3,3.2.6,8,Intel(R) Core(TM) i7-8650U CPU @ 1.90GHz,0,,,,7.87811279296875,machine,0.0,0,0.0,0.0,N,1.0,0.0
2026-05-07T11:31:32,codecarbon,468be4f2-9cef-4e79-ab66-57e2923f813e,5b0fa12a-3dd7-45bb-9766-cc326314d9f1,1.5051311000133865,1.8184544894457784e-06,1.208170164997325e-06,1.5651619215000006,0.0,10.0,4.365005302922301e-07,0.0,2.7879611111226647e-06,3.224461641414895e-06,0.0,Tunisia,TUN,,,,Windows-11-10.0.26200-SP0,3.13.3,3.2.6,8,Intel(R) Core(TM) i7-8650U CPU @ 1.90GHz,0,,,,7.87811279296875,machine,0.0,0,0.0,0.0,N,1.0,0.0
2026-05-07T11:31:35,codecarbon,b4944508-4eb9-4e20-92a8-907beb6a22fa,5b0fa12a-3dd7-45bb-9766-cc326314d9f1,1.5048439000092912,1.8224817693676588e-06,1.2110769557934925e-06,1.5911421315,0.0,10.0,4.437210990412202e-07,0.0,2.787881666720043e-06,3.231602765761263e-06,0.0,Tunisia,TUN,,,,Windows-11-10.0.26200-SP0,3.13.3,3.2.6,8,Intel(R) Core(TM) i7-8650U CPU @ 1.90GHz,0,,,,7.87811279296875,machine,0.0,0,0.0,0.0,N,1.0,0.0
2026-05-07T11:31:44,codecarbon,49da5d6d-0aef-4a3d-8c76-cbe68612a225,5b0fa12a-3dd7-45bb-9766-cc326314d9f1,7.765120500000194,1.3147718991235337e-05,1.6931764280071388e-06,1.5538214875714285,0.0,10.0,3.1353950469806737e-06,0.0,2.017798222223064e-05,2.331337726921132e-05,0.0,Tunisia,TUN,,,,Windows-11-10.0.26200-SP0,3.13.3,3.2.6,8,Intel(R) Core(TM) i7-8650U CPU @ 1.90GHz,0,,,,7.87811279296875,machine,0.0,0,85.40000000000002,6.727667490641276,N,1.0,0.0
2026-05-07T11:31:53,codecarbon,61f20c50-0e7a-44e8-b89d-25e93daa0acf,5b0fa12a-3dd7-45bb-9766-cc326314d9f1,7.56161720000091,1.2758418769182932e-05,1.6872605993836075e-06,1.5346200036428572,0.0,10.0,3.00997451736654e-06,0.0,1.9613100277799983e-05,2.2623074795166524e-05,0.0,Tunisia,TUN,,,,Windows-11-10.0.26200-SP0,3.13.3,3.2.6,8,Intel(R) Core(TM) i7-8650U CPU @ 1.90GHz,0,,,,7.87811279296875,machine,0.0,0,85.40000000000002,6.726382573445638,N,1.0,0.0
2026-05-07T11:32:02,codecarbon,2bf27d02-ce0a-468b-b825-253b72af2b11,5b0fa12a-3dd7-45bb-9766-cc326314d9f1,7.777904399990803,1.3166941818576716e-05,1.6928649596917502e-06,1.550511054214286,0.0,10.0,3.1341887888993702e-06,0.0,2.0213274166679994e-05,2.3347462955579365e-05,0.0,Tunisia,TUN,,,,Windows-11-10.0.26200-SP0,3.13.3,3.2.6,8,Intel(R) Core(TM) i7-8650U CPU @ 1.90GHz,0,,,,7.87811279296875,machine,0.0,0,85.2,6.713451385498047,N,1.0,0.0
2026-05-07T11:32:11,codecarbon,8d4801f3-552b-40ad-af45-3dc05c4021ac,5b0fa12a-3dd7-45bb-9766-cc326314d9f1,7.544087300018873,1.2738176851306088e-05,1.6884980707042215e-06,1.5449707860000002,0.0,10.0,3.0227445697235305e-06,0.0,1.9564437499987736e-05,2.2587182069711262e-05,0.0,Tunisia,TUN,,,,Windows-11-10.0.26200-SP0,3.13.3,3.2.6,8,Intel(R) Core(TM) i7-8650U CPU @ 1.90GHz,0,,,,7.87811279296875,machine,0.0,0,85.3,6.720008087158203,N,1.0,0.0
2026-05-07T11:32:21,codecarbon,7a608805-f91c-4536-9a72-3daa11b1836e,5b0fa12a-3dd7-45bb-9766-cc326314d9f1,7.9221996999986,1.3464067167029708e-05,1.6995364516034716e-06,1.581186874714286,0.0,10.0,3.2596598295580505e-06,0.0,2.061466222221497e-05,2.3874322051773025e-05,0.0,Tunisia,TUN,,,,Windows-11-10.0.26200-SP0,3.13.3,3.2.6,8,Intel(R) Core(TM) i7-8650U CPU @ 1.90GHz,0,,,,7.87811279296875,machine,0.0,0,85.78333333333335,6.759012858072917,N,1.0,0.0
2026-05-07T11:32:30,codecarbon,691dcf47-6751-4384-8c1c-f24962fd6d81,5b0fa12a-3dd7-45bb-9766-cc326314d9f1,7.900840299989795,1.3409006699362991e-05,1.6971620979834653e-06,1.5666018372857144,0.0,10.0,3.220437547981825e-06,0.0,2.0556251944395225e-05,2.377668949237705e-05,0.0,Tunisia,TUN,,,,Windows-11-10.0.26200-SP0,3.13.3,3.2.6,8,Intel(R) Core(TM) i7-8650U CPU @ 1.90GHz,0,,,,7.87811279296875,machine,0.0,0,85.41666666666667,6.730226516723633,N,1.0,0.0
2026-05-07T11:32:39,codecarbon,a5b2e018-ba82-4291-af22-43181f042d21,5b0fa12a-3dd7-45bb-9766-cc326314d9f1,7.773707699991064,1.3152125276242744e-05,1.6918728853488872e-06,1.5441145632857145,0.0,10.0,3.119469051927487e-06,0.0,2.020172138889191e-05,2.33211904408194e-05,0.0,Tunisia,TUN,,,,Windows-11-10.0.26200-SP0,3.13.3,3.2.6,8,Intel(R) Core(TM) i7-8650U CPU @ 1.90GHz,0,,,,7.87811279296875,machine,0.0,0,85.55,6.740525563557942,N,1.0,0.0
2026-05-07T11:32:48,codecarbon,09d204f6-7e4c-4b64-bef2-e5ddd9b6325f,5b0fa12a-3dd7-45bb-9766-cc326314d9f1,7.6939973999978974,1.3024130689578343e-05,1.6927651534665068e-06,1.5584631327857146,0.0,10.0,3.11394670052314e-06,0.0,1.998028527781976e-05,2.3094231978342893e-05,0.0,Tunisia,TUN,,,,Windows-11-10.0.26200-SP0,3.13.3,3.2.6,8,Intel(R) Core(TM) i7-8650U CPU @ 1.90GHz,0,,,,7.87811279296875,machine,0.0,0,85.06666666666666,6.702412923177083,N,1.0,0.0
2026-05-07T11:32:58,codecarbon,fa300666-461c-4f7e-a8d5-ff9b490f5fa3,5b0fa12a-3dd7-45bb-9766-cc326314d9f1,7.902792799985036,1.3425727171813344e-05,1.6988585569191143e-06,1.5783272430000002,0.0,10.0,3.245303033141094e-06,0.0,2.056103499999153e-05,2.380633803313263e-05,0.0,Tunisia,TUN,,,,Windows-11-10.0.26200-SP0,3.13.3,3.2.6,8,Intel(R) Core(TM) i7-8650U CPU @ 1.90GHz,0,,,,7.87811279296875,machine,0.0,0,85.68333333333334,6.750813802083333,N,1.0,0.0
2026-05-07T11:33:07,codecarbon,9aa9962b-7157-4fe3-aedf-8a00ce6a0123,5b0fa12a-3dd7-45bb-9766-cc326314d9f1,7.738895399990724,1.3095470222277912e-05,1.692162711269312e-06,1.5494530515000002,0.0,10.0,3.115334824584272e-06,0.0,2.010539555558353e-05,2.32207303801678e-05,0.0,Tunisia,TUN,,,,Windows-11-10.0.26200-SP0,3.13.3,3.2.6,8,Intel(R) Core(TM) i7-8650U CPU @ 1.90GHz,0,,,,7.87811279296875,machine,0.0,0,85.25,6.716513315836589,N,1.0,0.0
2026-05-07T11:33:16,codecarbon,f5f22e57-bf26-4649-8392-03cc1390a1d2,5b0fa12a-3dd7-45bb-9766-cc326314d9f1,7.700289400003385,1.3022713390711249e-05,1.6911979166270717e-06,1.5471655941428577,0.0,10.0,3.094058285468935e-06,0.0,1.999766055555988e-05,2.3091718841028816e-05,0.0,Tunisia,TUN,,,,Windows-11-10.0.26200-SP0,3.13.3,3.2.6,8,Intel(R) Core(TM) i7-8650U CPU @ 1.90GHz,0,,,,7.87811279296875,machine,0.0,0,85.61666666666667,6.746499379475911,N,1.0,0.0
2026-05-07T11:33:25,codecarbon,021e4af4-071c-4ff2-bca4-63acede2496c,5b0fa12a-3dd7-45bb-9766-cc326314d9f1,7.796761300007347,1.3218732859297935e-05,1.6954133069695847e-06,1.5657094217142862,0.0,10.0,3.173180706388611e-06,0.0,2.0266117500028084e-05,2.3439298206416697e-05,0.0,Tunisia,TUN,,,,Windows-11-10.0.26200-SP0,3.13.3,3.2.6,8,Intel(R) Core(TM) i7-8650U CPU @ 1.90GHz,0,,,,7.87811279296875,machine,0.0,0,85.46666666666665,6.734023412068685,N,1.0,0.0
2026-05-07T11:33:35,codecarbon,046d37a0-1d6a-411f-95b2-2757484b5076,5b0fa12a-3dd7-45bb-9766-cc326314d9f1,7.74098510001204,1.3099227762853733e-05,1.6921913159131852e-06,1.549153554,0.0,10.0,3.115710428128084e-06,0.0,2.011168277782013e-05,2.3227393205948216e-05,0.0,Tunisia,TUN,,,,Windows-11-10.0.26200-SP0,3.13.3,3.2.6,8,Intel(R) Core(TM) i7-8650U CPU @ 1.90GHz,0,,,,7.87811279296875,machine,0.0,0,85.3,6.719143549601237,N,1.0,0.0
2026-05-07T11:33:44,codecarbon,f1625797-42be-454c-bd90-174c15be3e93,5b0fa12a-3dd7-45bb-9766-cc326314d9f1,7.699139600008493,1.3013625049535503e-05,1.6902700464765114e-06,1.5407793574285715,0.0,10.0,3.0808501703532e-06,0.0,1.9994753333351885e-05,2.3075603503705084e-05,0.0,Tunisia,TUN,,,,Windows-11-10.0.26200-SP0,3.13.3,3.2.6,8,Intel(R) Core(TM) i7-8650U CPU @ 1.90GHz,0,,,,7.87811279296875,machine,0.0,0,85.38333333333334,6.724972407023112,N,1.0,0.0
2026-05-07T11:33:53,codecarbon,dad433a8-9ce8-4134-b2d0-5bb3a90a8c73,5b0fa12a-3dd7-45bb-9766-cc326314d9f1,7.713591500010807,1.3064235114452208e-05,1.6936643733899966e-06,1.563007990714286,0.0,10.0,3.131412440188222e-06,0.0,2.00339322222539e-05,2.316534466244212e-05,0.0,Tunisia,TUN,,,,Windows-11-10.0.26200-SP0,3.13.3,3.2.6,8,Intel(R) Core(TM) i7-8650U CPU @ 1.90GHz,0,,,,7.87811279296875,machine,0.0,0,85.51666666666667,6.736653645833333,N,1.0,0.0
2026-05-07T11:33:56,codecarbon,d98d7de7-e429-48a5-a5b1-c669924729cb,5b0fa12a-3dd7-45bb-9766-cc326314d9f1,1.505332600005204,1.828427719482036e-06,1.2146337091721228e-06,1.6232459415,0.0,10.0,4.52855497444365e-07,0.0,2.7892905555846584e-06,3.2421460530290235e-06,0.0,Tunisia,TUN,,,,Windows-11-10.0.26200-SP0,3.13.3,3.2.6,8,Intel(R) Core(TM) i7-8650U CPU @ 1.90GHz,0,,,,7.87811279296875,machine,0.0,0,0.0,0.0,N,1.0,0.0
2026-05-07T11:33:59,codecarbon,519bd182-e75b-4587-ad60-b4b469600665,5b0fa12a-3dd7-45bb-9766-cc326314d9f1,1.5048262999916917,1.824198795231167e-06,1.212232132865593e-06,1.598568684,0.0,10.0,4.459245976141473e-07,0.0,2.7887227777682708e-06,3.234647375382418e-06,0.0,Tunisia,TUN,,,,Windows-11-10.0.26200-SP0,3.13.3,3.2.6,8,Intel(R) Core(TM) i7-8650U CPU @ 1.90GHz,0,,,,7.87811279296875,machine,0.0,0,0.0,0.0,N,1.0,0.0
2026-05-07T11:34:02,codecarbon,2098b959-b284-4089-918c-b5ff91909730,5b0fa12a-3dd7-45bb-9766-cc326314d9f1,1.5049918000004254,1.861272402599064e-06,1.2367325872463476e-06,1.836110688,0.0,10.0,5.120611280591077e-07,0.0,2.788324722253796e-06,3.300385850312903e-06,0.0,Tunisia,TUN,,,,Windows-11-10.0.26200-SP0,3.13.3,3.2.6,8,Intel(R) Core(TM) i7-8650U CPU @ 1.90GHz,0,,,,7.87811279296875,machine,0.0,0,0.0,0.0,N,1.0,0.0
2026-05-07T11:34:05,codecarbon,bfee0a4e-6f6a-4127-8fc7-7baa2ae01793,5b0fa12a-3dd7-45bb-9766-cc326314d9f1,1.5046613000158686,1.8217844357141875e-06,1.2107604785841e-06,1.5882792405,0.0,10.0,4.428726509894086e-07,0.0,2.787493611120024e-06,3.2303662621094327e-06,0.0,Tunisia,TUN,,,,Windows-11-10.0.26200-SP0,3.13.3,3.2.6,8,Intel(R) Core(TM) i7-8650U CPU @ 1.90GHz,0,,,,7.87811279296875,machine,0.0,0,0.0,0.0,N,1.0,0.0
2026-05-07T11:34:08,codecarbon,99cfae36-e404-4465-9faf-b3685953c0ed,5b0fa12a-3dd7-45bb-9766-cc326314d9f1,1.5041176000086125,1.844806937116324e-06,1.2265044549081537e-06,1.7400243435,0.0,10.0,4.849255959349178e-07,0.0,2.786263888911992e-06,3.271189484846909e-06,0.0,Tunisia,TUN,,,,Windows-11-10.0.26200-SP0,3.13.3,3.2.6,8,Intel(R) Core(TM) i7-8650U CPU @ 1.90GHz,0,,,,7.87811279296875,machine,0.0,0,0.0,0.0,N,1.0,0.0
2026-05-07T11:34:11,codecarbon,43d0240e-115a-4581-9de1-735ffa8291d9,5b0fa12a-3dd7-45bb-9766-cc326314d9f1,1.5047607999877073,1.8175555089128503e-06,1.207870054116042e-06,1.5606436875,0.0,10.0,4.351745243932678e-07,0.0,2.787693055547101e-06,3.2228675799403687e-06,0.0,Tunisia,TUN,,,,Windows-11-10.0.26200-SP0,3.13.3,3.2.6,8,Intel(R) Core(TM) i7-8650U CPU @ 1.90GHz,0,,,,7.87811279296875,machine,0.0,0,0.0,0.0,N,1.0,0.0
2026-05-07T11:34:14,codecarbon,060be772-2b10-4520-95f6-c0ecd4bb9d93,5b0fa12a-3dd7-45bb-9766-cc326314d9f1,1.5046015999978408,1.820235929910057e-06,1.2097793395359071e-06,1.5761366520000006,0.0,10.0,4.395638035535895e-07,0.0,2.788056666678232e-06,3.227620470231821e-06,0.0,Tunisia,TUN,,,,Windows-11-10.0.26200-SP0,3.13.3,3.2.6,8,Intel(R) Core(TM) i7-8650U CPU @ 1.90GHz,0,,,,7.87811279296875,machine,0.0,0,0.0,0.0,N,1.0,0.0
2026-05-07T11:34:17,codecarbon,139caf96-6181-4db5-b510-097748be1b09,5b0fa12a-3dd7-45bb-9766-cc326314d9f1,1.504816300002858,1.8317208086184707e-06,1.21723881420941e-06,1.6497091545,0.0,10.0,4.600497635659925e-07,0.0,2.787935555534205e-06,3.247985319100197e-06,0.0,Tunisia,TUN,,,,Windows-11-10.0.26200-SP0,3.13.3,3.2.6,8,Intel(R) Core(TM) i7-8650U CPU @ 1.90GHz,0,,,,7.87811279296875,machine,0.0,0,0.0,0.0,N,1.0,0.0
2026-05-07T11:34:20,codecarbon,c47d8cef-0af6-4daa-8b73-2a563187710f,5b0fa12a-3dd7-45bb-9766-cc326314d9f1,1.5049985999939963,1.822834857086544e-06,1.2111870782430066e-06,1.595551488,0.0,10.0,4.448630233205841e-07,0.0,2.7873658333394106e-06,3.2322288566599947e-06,0.0,Tunisia,TUN,,,,Windows-11-10.0.26200-SP0,3.13.3,3.2.6,8,Intel(R) Core(TM) i7-8650U CPU @ 1.90GHz,0,,,,7.87811279296875,machine,0.0,0,0.0,0.0,N,1.0,0.0
2026-05-07T11:34:22,codecarbon,1bc45454-e2b9-4a94-96ec-33190264d004,5b0fa12a-3dd7-45bb-9766-cc326314d9f1,1.505466200003866,1.8810930186175088e-06,1.2495086363364909e-06,1.959165024,0.0,10.0,5.465756950573709e-07,0.0,2.78895583331986e-06,3.3355315283772305e-06,0.0,Tunisia,TUN,,,,Windows-11-10.0.26200-SP0,3.13.3,3.2.6,8,Intel(R) Core(TM) i7-8650U CPU @ 1.90GHz,0,,,,7.87811279296875,machine,0.0,0,0.0,0.0,N,1.0,0.0
2026-05-07T11:34:25,codecarbon,c1b2e995-f95e-4741-a110-8b188a6d0463,5b0fa12a-3dd7-45bb-9766-cc326314d9f1,1.5446119999978691,1.9607969168362733e-06,1.2694430166533591e-06,1.9940239680000005,0.0,10.0,5.781873559333532e-07,0.0,2.8986741666610927e-06,3.4768615225944457e-06,0.0,Tunisia,TUN,,,,Windows-11-10.0.26200-SP0,3.13.3,3.2.6,8,Intel(R) Core(TM) i7-8650U CPU @ 1.90GHz,0,,,,7.87811279296875,machine,0.0,0,0.0,0.0,N,1.0,0.0
2026-05-07T11:34:29,codecarbon,9cd9c4ad-36b3-4cb2-9a60-bb2a052add06,5b0fa12a-3dd7-45bb-9766-cc326314d9f1,1.5050054999883289,1.820933450527549e-06,1.2099181368717062e-06,1.5761366520000006,0.0,10.0,4.3973980548197284e-07,0.0,2.789117499924032e-06,3.228857305406005e-06,0.0,Tunisia,TUN,,,,Windows-11-10.0.26200-SP0,3.13.3,3.2.6,8,Intel(R) Core(TM) i7-8650U CPU @ 1.90GHz,0,,,,7.87811279296875,machine,0.0,0,0.0,0.0,N,1.0,0.0
2026-05-07T11:34:32,codecarbon,6601f97f-5fd8-42c2-b2b5-01802fcc8e5b,5b0fa12a-3dd7-45bb-9766-cc326314d9f1,1.5083631000015885,1.8312601035213904e-06,1.2140711367968772e-06,1.6047922920000002,0.0,10.0,4.49150069074644e-07,0.0,2.7980183332854523e-06,3.247168402360096e-06,0.0,Tunisia,TUN,,,,Windows-11-10.0.26200-SP0,3.13.3,3.2.6,8,Intel(R) Core(TM) i7-8650U CPU @ 1.90GHz,0,,,,7.87811279296875,machine,0.0,0,0.0,0.0,N,1.0,0.0
2026-05-07T11:34:35,codecarbon,8e046ce2-bf1c-4395-a291-2afdf24a84d6,5b0fa12a-3dd7-45bb-9766-cc326314d9f1,1.5116128000081517,1.832425001576723e-06,1.212231731278566e-06,1.5761366520000006,0.0,10.0,4.425114855700858e-07,0.0,2.806722500018724e-06,3.249233985588809e-06,0.0,Tunisia,TUN,,,,Windows-11-10.0.26200-SP0,3.13.3,3.2.6,8,Intel(R) Core(TM) i7-8650U CPU @ 1.90GHz,0,,,,7.87811279296875,machine,0.0,0,0.0,0.0,N,1.0,0.0
2026-05-07T11:34:38,codecarbon,7e37982b-ec14-485c-bae0-e63712975c96,5b0fa12a-3dd7-45bb-9766-cc326314d9f1,1.5103670999815222,1.835809764586336e-06,1.215472559359109e-06,1.614610464,0.0,10.0,4.526777511149285e-07,0.0,2.802558055554982e-06,3.2552358066699106e-06,0.0,Tunisia,TUN,,,,Windows-11-10.0.26200-SP0,3.13.3,3.2.6,8,Intel(R) Core(TM) i7-8650U CPU @ 1.90GHz,0,,,,7.87811279296875,machine,0.0,0,0.0,0.0,N,1.0,0.0
2026-05-07T11:34:41,codecarbon,85ddfc41-ae22-45ac-90ca-da96bf161a4b,5b0fa12a-3dd7-45bb-9766-cc326314d9f1,1.5043682000250556,1.833287470514204e-06,1.2186427966794768e-06,1.6664062785000002,0.0,10.0,4.644552495496001e-07,0.0,2.786308055591589e-06,3.250763305141189e-06,0.0,Tunisia,TUN,,,,Windows-11-10.0.26200-SP0,3.13.3,3.2.6,8,Intel(R) Core(TM) i7-8650U CPU @ 1.90GHz,0,,,,7.87811279296875,machine,0.0,0,0.0,0.0,N,1.0,0.0
2026-05-07T11:34:44,codecarbon,f49c079e-4f29-4aa2-af0b-3ff12fc745fb,5b0fa12a-3dd7-45bb-9766-cc326314d9f1,1.5046910000091884,1.8295616263825e-06,1.2159052100207463e-06,1.6417966965,0.0,10.0,4.5761890533000027e-07,0.0,2.786537777784462e-06,3.244156683114462e-06,0.0,Tunisia,TUN,,,,Windows-11-10.0.26200-SP0,3.13.3,3.2.6,8,Intel(R) Core(TM) i7-8650U CPU @ 1.90GHz,0,,,,7.87811279296875,machine,0.0,0,0.0,0.0,N,1.0,0.0
2026-05-07T11:34:47,codecarbon,fb55d27e-fc78-43d9-9237-5375f4e18c40,5b0fa12a-3dd7-45bb-9766-cc326314d9f1,1.5046258000074886,1.821809396044088e-06,1.2108056342214926e-06,1.5940662585,0.0,10.0,4.442663547989412e-07,0.0,2.7861441666674283e-06,3.230410521466369e-06,0.0,Tunisia,TUN,,,,Windows-11-10.0.26200-SP0,3.13.3,3.2.6,8,Intel(R) Core(TM) i7-8650U CPU @ 1.90GHz,0,,,,7.87811279296875,machine,0.0,0,0.0,0.0,N,1.0,0.0
2026-05-07T11:34:50,codecarbon,74f24799-39d2-4290-aeb5-a71a6298a873,5b0fa12a-3dd7-45bb-9766-cc326314d9f1,1.5040025000052992,1.8321924024499464e-06,1.2182110085877455e-06,1.6621213515000002,0.0,10.0,4.631523769247142e-07,0.0,2.785669166688522e-06,3.2488215436132366e-06,0.0,Tunisia,TUN,,,,Windows-11-10.0.26200-SP0,3.13.3,3.2.6,8,Intel(R) Core(TM) i7-8650U CPU @ 1.90GHz,0,,,,7.87811279296875,machine,0.0,0,0.0,0.0,N,1.0,0.0
2026-05-07T11:34:53,codecarbon,0b335f18-5d80-4e01-91e6-79f41761363e,5b0fa12a-3dd7-45bb-9766-cc326314d9f1,1.5041573999915272,1.819067359153536e-06,1.2093597113997393e-06,1.5761366520000006,0.0,10.0,4.392714302082386e-07,0.0,2.78627694440527e-06,3.2255483746135083e-06,0.0,Tunisia,TUN,,,,Windows-11-10.0.26200-SP0,3.13.3,3.2.6,8,Intel(R) Core(TM) i7-8650U CPU @ 1.90GHz,0,,,,7.87811279296875,machine,0.0,0,0.0,0.0,N,1.0,0.0
2026-05-07T11:34:56,codecarbon,35e63ddf-5d1a-4b73-a93d-71093a9f0d1e,5b0fa12a-3dd7-45bb-9766-cc326314d9f1,1.5043573000002652,1.8179016125826567e-06,1.208424097508176e-06,1.5675028485000002,0.0,10.0,4.369435090227654e-07,0.0,2.786537777784462e-06,3.223481286807228e-06,0.0,Tunisia,TUN,,,,Windows-11-10.0.26200-SP0,3.13.3,3.2.6,8,Intel(R) Core(TM) i7-8650U CPU @ 1.90GHz,0,,,,7.87811279296875,machine,0.0,0,0.0,0.0,N,1.0,0.0
2026-05-07T11:34:59,codecarbon,11db2a52-caa5-485a-940a-ce67e29b1be9,5b0fa12a-3dd7-45bb-9766-cc326314d9f1,1.5046172000002116,1.8199321841790024e-06,1.2095649206846411e-06,1.5774270765,0.0,10.0,4.3980353863288653e-07,0.0,2.7872783333198947e-06,3.227081871952781e-06,0.0,Tunisia,TUN,,,,Windows-11-10.0.26200-SP0,3.13.3,3.2.6,8,Intel(R) Core(TM) i7-8650U CPU @ 1.90GHz,0,,,,7.87811279296875,machine,0.0,0,0.0,0.0,N,1.0,0.0
2026-05-07T11:35:02,codecarbon,cf111e18-8faa-4893-af7a-a820dde56dd0,5b0fa12a-3dd7-45bb-9766-cc326314d9f1,1.504513899999438,1.8195406993568813e-06,1.2093877626239023e-06,1.5761366520000006,0.0,10.0,4.393815846453746e-07,0.0,2.787006111126781e-06,3.226387695772156e-06,0.0,Tunisia,TUN,,,,Windows-11-10.0.26200-SP0,3.13.3,3.2.6,8,Intel(R) Core(TM) i7-8650U CPU @ 1.90GHz,0,,,,7.87811279296875,machine,0.0,0,0.0,0.0,N,1.0,0.0
2026-05-07T11:35:05,codecarbon,c38aed32-b4e9-4c21-b6d3-13cc08a41b0d,5b0fa12a-3dd7-45bb-9766-cc326314d9f1,1.514157300000079,1.8377685300653808e-06,1.2137236534574614e-06,1.578732,0.0,10.0,4.4441823273210587e-07,0.0,2.814290833339328e-06,3.2587090660714336e-06,0.0,Tunisia,TUN,,,,Windows-11-10.0.26200-SP0,3.13.3,3.2.6,8,Intel(R) Core(TM) i7-8650U CPU @ 1.90GHz,0,,,,7.87811279296875,machine,0.0,0,0.0,0.0,N,1.0,0.0
2026-05-07T11:35:08,codecarbon,2e115719-5af8-4f95-983a-01cde057eacc,5b0fa12a-3dd7-45bb-9766-cc326314d9f1,1.5036106999905314,1.8176003056168449e-06,1.208823737173652e-06,1.5748606455,0.0,10.0,4.386195129253146e-07,0.0,2.784327499992085e-06,3.2229470129174e-06,0.0,Tunisia,TUN,,,,Windows-11-10.0.26200-SP0,3.13.3,3.2.6,8,Intel(R) Core(TM) i7-8650U CPU @ 1.90GHz,0,,,,7.87811279296875,machine,0.0,0,0.0,0.0,N,1.0,0.0
2026-05-07T11:35:11,codecarbon,f722993c-fcb1-4932-9bea-149f47d3b563,5b0fa12a-3dd7-45bb-9766-cc326314d9f1,1.503366899996763,1.8162007610210257e-06,1.208088831159537e-06,1.5663255,0.0,10.0,4.362389683442293e-07,0.0,2.784226388919504e-06,3.220465357263733e-06,0.0,Tunisia,TUN,,,,Windows-11-10.0.26200-SP0,3.13.3,3.2.6,8,Intel(R) Core(TM) i7-8650U CPU @ 1.90GHz,0,,,,7.87811279296875,machine,0.0,0,0.0,0.0,N,1.0,0.0
2026-05-07T11:35:14,codecarbon,45ca02f7-4da3-49a3-bd45-21a21a9063d1,5b0fa12a-3dd7-45bb-9766-cc326314d9f1,1.5042044000001624,1.820881914223097e-06,1.2105282461764508e-06,1.5897030720000005,0.0,10.0,4.429750885389665e-07,0.0,2.7857908333114915e-06,3.228765921850458e-06,0.0,Tunisia,TUN,,,,Windows-11-10.0.26200-SP0,3.13.3,3.2.6,8,Intel(R) Core(TM) i7-8650U CPU @ 1.90GHz,0,,,,7.87811279296875,machine,0.0,0,0.0,0.0,N,1.0,0.0
2026-05-07T11:35:17,codecarbon,ecfc8d20-4248-4d2e-8b5c-a96ab80c2c5b,5b0fa12a-3dd7-45bb-9766-cc326314d9f1,1.5045408999721983,1.818195138152546e-06,1.2084717259505164e-06,1.5723515625000002,0.0,10.0,4.381762072637696e-07,0.0,2.7858255555555745e-06,3.224001762819344e-06,0.0,Tunisia,TUN,,,,Windows-11-10.0.26200-SP0,3.13.3,3.2.6,8,Intel(R) Core(TM) i7-8650U CPU @ 1.90GHz,0,,,,7.87811279296875,machine,0.0,0,0.0,0.0,N,1.0,0.0
2026-05-07T11:35:20,codecarbon,fd9e58f1-25b6-42cd-9c32-0eb2d2a64c86,5b0fa12a-3dd7-45bb-9766-cc326314d9f1,1.5043636999907903,1.8149954292659768e-06,1.2064871209515944e-06,1.5542656665,0.0,10.0,4.330230774871206e-07,0.0,2.7853049999976065e-06,3.218328077484727e-06,0.0,Tunisia,TUN,,,,Windows-11-10.0.26200-SP0,3.13.3,3.2.6,8,Intel(R) Core(TM) i7-8650U CPU @ 1.90GHz,0,,,,7.87811279296875,machine,0.0,0,0.0,0.0,N,1.0,0.0
2026-05-07T11:35:23,codecarbon,35411478-4dd1-49c2-af63-b910aff3a01a,5b0fa12a-3dd7-45bb-9766-cc326314d9f1,1.5037998000043444,1.8194625481739429e-06,1.2099100878778454e-06,1.5827345745000003,0.0,10.0,4.409549523713807e-07,0.0,2.7852941666626267e-06,3.2262491190340072e-06,0.0,Tunisia,TUN,,,,Windows-11-10.0.26200-SP0,3.13.3,3.2.6,8,Intel(R) Core(TM) i7-8650U CPU @ 1.90GHz,0,,,,7.87811279296875,machine,0.0,0,0.0,0.0,N,1.0,0.0
2026-05-07T18:12:11,codecarbon,31887b69-57f9-469c-8483-5ebec5f942b6,5b0fa12a-3dd7-45bb-9766-cc326314d9f1,1.5820086000021547,1.9762317012883884e-06,1.2491915033114843e-06,1.6774474560000003,0.0,10.0,5.035000190410305e-07,0.0,3.000730277805512e-06,3.504230296846542e-06,0.0,Tunisia,TUN,,,,Windows-11-10.0.26200-SP0,3.13.3,3.2.6,8,Intel(R) Core(TM) i7-8650U CPU @ 1.90GHz,0,,,,7.87811279296875,machine,0.0,0,0.0,0.0,N,1.0,0.0
2026-05-07T18:12:14,codecarbon,c5e1236e-9d3c-4a99-9f2c-6fcdd7a4eabb,5b0fa12a-3dd7-45bb-9766-cc326314d9f1,1.5034701999975368,1.8611956167658567e-06,1.237933160742997e-06,1.850113536,0.0,10.0,5.153894168119908e-07,0.0,2.784860277784497e-06,3.300249694596488e-06,0.0,Tunisia,TUN,,,,Windows-11-10.0.26200-SP0,3.13.3,3.2.6,8,Intel(R) Core(TM) i7-8650U CPU @ 1.90GHz,0,,,,7.87811279296875,machine,0.0,0,0.0,0.0,N,1.0,0.0
2026-05-07T18:12:17,codecarbon,c21e5941-09e2-41ab-a92f-79767001ba98,5b0fa12a-3dd7-45bb-9766-cc326314d9f1,1.5032476999913342,1.8265924405383868e-06,1.215097445716309e-06,1.6341680625000006,0.0,10.0,4.550492584497802e-07,0.0,2.7838425000178783e-06,3.2388917584676583e-06,0.0,Tunisia,TUN,,,,Windows-11-10.0.26200-SP0,3.13.3,3.2.6,8,Intel(R) Core(TM) i7-8650U CPU @ 1.90GHz,0,,,,7.87811279296875,machine,0.0,0,0.0,0.0,N,1.0,0.0
2026-05-07T18:12:20,codecarbon,5d80982b-4e95-4dce-b40b-f69edb6e5d2b,5b0fa12a-3dd7-45bb-9766-cc326314d9f1,1.5037935999862384,1.8293809220741967e-06,1.2165106448723666e-06,1.6457171235,0.0,10.0,4.585057049019665e-07,0.0,2.7853305555052228e-06,3.243836260407189e-06,0.0,Tunisia,TUN,,,,Windows-11-10.0.26200-SP0,3.13.3,3.2.6,8,Intel(R) Core(TM) i7-8650U CPU @ 1.90GHz,0,,,,7.87811279296875,machine,0.0,0,0.0,0.0,N,1.0,0.0
2026-05-07T18:12:23,codecarbon,88c74f4d-ef5b-4887-8502-4ebe50d1c151,5b0fa12a-3dd7-45bb-9766-cc326314d9f1,1.5032629999914209,1.8309703720895708e-06,1.2179973644665108e-06,1.6579106205,0.0,10.0,4.618210429106869e-07,0.0,2.784833611157309e-06,3.246654654067996e-06,0.0,Tunisia,TUN,,,,Windows-11-10.0.26200-SP0,3.13.3,3.2.6,8,Intel(R) Core(TM) i7-8650U CPU @ 1.90GHz,0,,,,7.87811279296875,machine,0.0,0,0.0,0.0,N,1.0,0.0
2026-05-07T18:12:26,codecarbon,b4a43e67-04c7-4e3f-bfb4-65f4f21aa7ba,5b0fa12a-3dd7-45bb-9766-cc326314d9f1,1.5082164999912493,1.8327303682553937e-06,1.215163982270468e-06,1.618014516,0.0,10.0,4.527051803257873e-07,0.0,2.7970702777868914e-06,3.2497754581126786e-06,0.0,Tunisia,TUN,,,,Windows-11-10.0.26200-SP0,3.13.3,3.2.6,8,Intel(R) Core(TM) i7-8650U CPU @ 1.90GHz,0,,,,7.87811279296875,machine,0.0,0,0.0,0.0,N,1.0,0.0
2026-05-07T18:12:29,codecarbon,607e9a4a-c6ec-412d-938b-f13471d8a8b5,5b0fa12a-3dd7-45bb-9766-cc326314d9f1,1.5031864999909883,1.8211697978479664e-06,1.2115394848602512e-06,1.6001008125000002,0.0,10.0,4.455505602813477e-07,0.0,2.783725833352138e-06,3.2292763936334857e-06,0.0,Tunisia,TUN,,,,Windows-11-10.0.26200-SP0,3.13.3,3.2.6,8,Intel(R) Core(TM) i7-8650U CPU @ 1.90GHz,0,,,,7.87811279296875,machine,0.0,0,0.0,0.0,N,1.0,0.0
2026-05-07T18:12:32,codecarbon,53942ac9-dab6-47bd-8152-b4f92fc79e35,5b0fa12a-3dd7-45bb-9766-cc326314d9f1,1.5042835000203922,1.8216548907983213e-06,1.2109784430751428e-06,1.5940662585,0.0,10.0,4.442365546208848e-07,0.0,2.785900000000968e-06,3.230136554621852e-06,0.0,Tunisia,TUN,,,,Windows-11-10.0.26200-SP0,3.13.3,3.2.6,8,Intel(R) Core(TM) i7-8650U CPU @ 1.90GHz,0,,,,7.87811279296875,machine,0.0,0,0.0,0.0,N,1.0,0.0
2026-05-07T18:12:35,codecarbon,2148673c-e072-446f-a9ca-3188d4aff0a3,5b0fa12a-3dd7-45bb-9766-cc326314d9f1,1.5038270000077318,1.825372772117156e-06,1.213818326248811e-06,1.6232459415,0.0,10.0,4.521287792586889e-07,0.0,2.784600277825828e-06,3.2367290570845166e-06,0.0,Tunisia,TUN,,,,Windows-11-10.0.26200-SP0,3.13.3,3.2.6,8,Intel(R) Core(TM) i7-8650U CPU @ 1.90GHz,0,,,,7.87811279296875,machine,0.0,0,0.0,0.0,N,1.0,0.0
2026-05-07T18:12:38,codecarbon,20539bd6-f14e-4091-a313-452a3aa28cba,5b0fa12a-3dd7-45bb-9766-cc326314d9f1,1.5042576999985613,1.821509437347336e-06,1.2109025184641422e-06,1.595551488,0.0,10.0,4.4454280498784274e-07,0.0,2.7853358333231885e-06,3.229878638311032e-06,0.0,Tunisia,TUN,,,,Windows-11-10.0.26200-SP0,3.13.3,3.2.6,8,Intel(R) Core(TM) i7-8650U CPU @ 1.90GHz,0,,,,7.87811279296875,machine,0.0,0,0.0,0.0,N,1.0,0.0
2026-05-07T18:12:41,codecarbon,44a775fd-41e4-4272-9f02-8b543d4aacdb,5b0fa12a-3dd7-45bb-9766-cc326314d9f1,1.5044324999907983,1.8204086632936053e-06,1.2100301364831852e-06,1.5827345745000003,0.0,10.0,4.411845368223691e-07,0.0,2.7867422221687675e-06,3.2279267589911365e-06,0.0,Tunisia,TUN,,,,Windows-11-10.0.26200-SP0,3.13.3,3.2.6,8,Intel(R) Core(TM) i7-8650U CPU @ 1.90GHz,0,,,,7.87811279296875,machine,0.0,0,0.0,0.0,N,1.0,0.0
2026-05-07T18:12:44,codecarbon,c964bb12-be71-465d-b011-58b5257f41a7,5b0fa12a-3dd7-45bb-9766-cc326314d9f1,1.5037042000039946,1.8372178227939456e-06,1.2217947005728024e-06,1.7009736360000005,0.0,10.0,4.737033919069382e-07,0.0,2.784029166650725e-06,3.2577325585576635e-06,0.0,Tunisia,TUN,,,,Windows-11-10.0.26200-SP0,3.13.3,3.2.6,8,Intel(R) Core(TM) i7-8650U CPU @ 1.90GHz,0,,,,7.87811279296875,machine,0.0,0,0.0,0.0,N,1.0,0.0
2026-05-07T18:12:47,codecarbon,ad82028d-cbc5-413a-becc-1809d0c167d1,5b0fa12a-3dd7-45bb-9766-cc326314d9f1,1.504542099981336,1.8241884366631305e-06,1.2124542322117538e-06,1.6063880865000002,0.0,10.0,4.4779067440997334e-07,0.0,2.7868383332841204e-06,3.2346290076940937e-06,0.0,Tunisia,TUN,,,,Windows-11-10.0.26200-SP0,3.13.3,3.2.6,8,Intel(R) Core(TM) i7-8650U CPU @ 1.90GHz,0,,,,7.87811279296875,machine,0.0,0,0.0,0.0,N,1.0,0.0
2026-05-07T18:12:50,codecarbon,6852ee91-031c-4a3b-8279-68be1a7063ae,5b0fa12a-3dd7-45bb-9766-cc326314d9f1,1.502864399983082,1.8290616698287988e-06,1.2170503671850826e-06,1.6558328760000005,0.0,10.0,4.608215550575231e-07,0.0,2.7824486111057924e-06,3.2432701661633155e-06,0.0,Tunisia,TUN,,,,Windows-11-10.0.26200-SP0,3.13.3,3.2.6,8,Intel(R) Core(TM) i7-8650U CPU @ 1.90GHz,0,,,,7.87811279296875,machine,0.0,0,0.0,0.0,N,1.0,0.0
2026-05-07T18:12:53,codecarbon,a133f66d-aa61-4871-ab7e-5f99886dd5e4,5b0fa12a-3dd7-45bb-9766-cc326314d9f1,1.5196964000060689,1.8536558915417656e-06,1.2197540847858582e-06,1.6304585595,0.0,10.0,4.608978444397294e-07,0.0,2.8259825000228984e-06,3.286880344462628e-06,0.0,Tunisia,TUN,,,,Windows-11-10.0.26200-SP0,3.13.3,3.2.6,8,Intel(R) Core(TM) i7-8650U CPU @ 1.90GHz,0,,,,7.87811279296875,machine,0.0,0,0.0,0.0,N,1.0,0.0
2026-05-07T18:12:56,codecarbon,54630231-f8f9-488c-9dca-a95dcd31ce75,5b0fa12a-3dd7-45bb-9766-cc326314d9f1,1.5459719000209589,1.8829336193283467e-06,1.2179610892687117e-06,1.500740772,0.0,10.0,4.3575942603859e-07,0.0,2.9030358333936114e-06,3.338795259432201e-06,0.0,Tunisia,TUN,,,,Windows-11-10.0.26200-SP0,3.13.3,3.2.6,8,Intel(R) Core(TM) i7-8650U CPU @ 1.90GHz,0,,,,7.87811279296875,machine,0.0,0,0.0,0.0,N,1.0,0.0
2026-05-07T18:12:59,codecarbon,b476c47b-52e4-4c44-b8bb-322029cb4bfd,5b0fa12a-3dd7-45bb-9766-cc326314d9f1,1.513677299983101,1.8242978818915808e-06,1.205209248967364e-06,1.5010733445,0.0,10.0,4.222575191364056e-07,0.0,2.812565555521158e-06,3.2348230746575635e-06,0.0,Tunisia,TUN,,,,Windows-11-10.0.26200-SP0,3.13.3,3.2.6,8,Intel(R) Core(TM) i7-8650U CPU @ 1.90GHz,0,,,,7.87811279296875,machine,0.0,0,0.0,0.0,N,1.0,0.0
2026-05-07T18:13:02,codecarbon,09e1b00f-43f9-4098-9b7e-f82dbfad9c1d,5b0fa12a-3dd7-45bb-9766-cc326314d9f1,1.5137801000091713,1.8246683973125927e-06,1.2053721655487072e-06,1.503881196,0.0,10.0,4.2304562368553894e-07,0.0,2.812434444462673e-06,3.2354800681482124e-06,0.0,Tunisia,TUN,,,,Windows-11-10.0.26200-SP0,3.13.3,3.2.6,8,Intel(R) Core(TM) i7-8650U CPU @ 1.90GHz,0,,,,7.87811279296875,machine,0.0,0,0.0,0.0,N,1.0,0.0
2026-05-07T18:13:05,codecarbon,ba52bf9c-0347-4d39-b5c2-b421246a85a0,5b0fa12a-3dd7-45bb-9766-cc326314d9f1,1.513641400000779,1.8244869186138889e-06,1.205362722381239e-06,1.5022460625,0.0,10.0,4.225888278615291e-07,0.0,2.812569444439659e-06,3.235158272301188e-06,0.0,Tunisia,TUN,,,,Windows-11-10.0.26200-SP0,3.13.3,3.2.6,8,Intel(R) Core(TM) i7-8650U CPU @ 1.90GHz,0,,,,7.87811279296875,machine,0.0,0,0.0,0.0,N,1.0,0.0
2026-05-07T18:13:08,codecarbon,433d3d85-fd45-4565-8141-ba3ef9dfa23a,5b0fa12a-3dd7-45bb-9766-cc326314d9f1,1.5133716000127606,1.8271846951451047e-06,1.207360237981008e-06,1.522180932,0.0,10.0,4.281111038534443e-07,0.0,2.811830833363476e-06,3.239941937216921e-06,0.0,Tunisia,TUN,,,,Windows-11-10.0.26200-SP0,3.13.3,3.2.6,8,Intel(R) Core(TM) i7-8650U CPU @ 1.90GHz,0,,,,7.87811279296875,machine,0.0,0,0.0,0.0,N,1.0,0.0
2026-05-07T18:13:11,codecarbon,0e960c45-a4ad-4904-bc45-cc0f25e08a18,5b0fa12a-3dd7-45bb-9766-cc326314d9f1,1.5161923000123352,1.8295918043051173e-06,1.206701685723e-06,1.503217428,0.0,10.0,4.2401324977085147e-07,0.0,2.820196944473234e-06,3.2442101942440854e-06,0.0,Tunisia,TUN,,,,Windows-11-10.0.26200-SP0,3.13.3,3.2.6,8,Intel(R) Core(TM) i7-8650U CPU @ 1.90GHz,0,,,,7.87811279296875,machine,0.0,0,0.0,0.0,N,1.0,0.0
2026-05-07T18:13:14,codecarbon,a3b96dab-57e5-4259-bdf7-31999d1e84ee,5b0fa12a-3dd7-45bb-9766-cc326314d9f1,1.5208756999927573,1.8377372580656764e-06,1.2083415219760747e-06,1.5008008065,0.0,10.0,4.253525038582879e-07,0.0,2.833301111079183e-06,3.258653614937471e-06,0.0,Tunisia,TUN,,,,Windows-11-10.0.26200-SP0,3.13.3,3.2.6,8,Intel(R) Core(TM) i7-8650U CPU @ 1.90GHz,0,,,,7.87811279296875,machine,0.0,0,0.0,0.0,N,1.0,0.0
2026-05-07T18:13:17,codecarbon,04ac538f-9718-4eaa-90f0-697433890acf,5b0fa12a-3dd7-45bb-9766-cc326314d9f1,1.515248200012138,1.823666223257871e-06,1.2035429068605804e-06,1.5010733445,0.0,10.0,4.2212996959820164e-07,0.0,2.8115730555631063e-06,3.233703025161308e-06,0.0,Tunisia,TUN,,,,Windows-11-10.0.26200-SP0,3.13.3,3.2.6,8,Intel(R) Core(TM) i7-8650U CPU @ 1.90GHz,0,,,,7.87811279296875,machine,0.0,0,0.0,0.0,N,1.0,0.0
2026-05-07T18:13:20,codecarbon,eb3c6f10-41c1-4311-9166-26b361c06487,5b0fa12a-3dd7-45bb-9766-cc326314d9f1,1.5131088999914937,1.8236600506414565e-06,1.2052404494162373e-06,1.5016875000000005,0.0,10.0,4.222740244374065e-07,0.0,2.811418055514676e-06,3.2336920799520818e-06,0.0,Tunisia,TUN,,,,Windows-11-10.0.26200-SP0,3.13.3,3.2.6,8,Intel(R) Core(TM) i7-8650U CPU @ 1.90GHz,0,,,,7.87811279296875,machine,0.0,0,0.0,0.0,N,1.0,0.0
2026-05-07T18:13:23,codecarbon,265671db-f566-4c9e-8018-79c205ddde7d,5b0fa12a-3dd7-45bb-9766-cc326314d9f1,1.5135161000071091,1.826211076618886e-06,1.2066016850500024e-06,1.5077191245,0.0,10.0,4.2433025070131e-07,0.0,2.813885277848588e-06,3.2382155285498974e-06,0.0,Tunisia,TUN,,,,Windows-11-10.0.26200-SP0,3.13.3,3.2.6,8,Intel(R) Core(TM) i7-8650U CPU @ 1.90GHz,0,,,,7.87811279296875,machine,0.0,0,0.0,0.0,N,1.0,0.0
2026-05-07T18:13:26,codecarbon,93cde32e-3780-4611-adc1-0f038ca1fe0a,5b0fa12a-3dd7-45bb-9766-cc326314d9f1,1.5133524000120817,1.8263932119732909e-06,1.2068525559272978e-06,1.5130990365000003,0.0,10.0,4.2568376656402186e-07,0.0,2.8128547222068942e-06,3.2385384887709163e-06,0.0,Tunisia,TUN,,,,Windows-11-10.0.26200-SP0,3.13.3,3.2.6,8,Intel(R) Core(TM) i7-8650U CPU @ 1.90GHz,0,,,,7.87811279296875,machine,0.0,0,0.0,0.0,N,1.0,0.0
2026-05-07T18:13:29,codecarbon,7ec83d5e-5f03-4167-8147-7e08c069cadc,5b0fa12a-3dd7-45bb-9766-cc326314d9f1,1.513975300011225,1.8273247897474387e-06,1.2069713354860482e-06,1.5108588195,0.0,10.0,4.253603512124521e-07,0.0,2.814830000069277e-06,3.240190351281729e-06,0.0,Tunisia,TUN,,,,Windows-11-10.0.26200-SP0,3.13.3,3.2.6,8,Intel(R) Core(TM) i7-8650U CPU @ 1.90GHz,0,,,,7.87811279296875,machine,0.0,0,0.0,0.0,N,1.0,0.0
2026-05-07T18:13:32,codecarbon,bee0cbef-d59d-47b5-bdb2-78b0181634ac,5b0fa12a-3dd7-45bb-9766-cc326314d9f1,1.5134180000168271,1.824570912673424e-06,1.205596149017084e-06,1.5044348715,0.0,10.0,4.231597095418001e-07,0.0,2.81214750001608e-06,3.23530720955788e-06,0.0,Tunisia,TUN,,,,Windows-11-10.0.26200-SP0,3.13.3,3.2.6,8,Intel(R) Core(TM) i7-8650U CPU @ 1.90GHz,0,,,,7.87811279296875,machine,0.0,0,0.0,0.0,N,1.0,0.0
2026-05-07T18:13:35,codecarbon,1ee08a90-08cc-4e77-8575-0954e9d2a5e1,5b0fa12a-3dd7-45bb-9766-cc326314d9f1,1.5135012000100687,1.8331569713505505e-06,1.211202852920338e-06,1.5552960000000002,0.0,10.0,4.37586072227882e-07,0.0,2.812945833365019e-06,3.250531905592901e-06,0.0,Tunisia,TUN,,,,Windows-11-10.0.26200-SP0,3.13.3,3.2.6,8,Intel(R) Core(TM) i7-8650U CPU @ 1.90GHz,0,,,,7.87811279296875,machine,0.0,0,0.0,0.0,N,1.0,0.0
2026-05-07T18:13:38,codecarbon,b6010961-873e-4f6a-a485-d5be6efe954a,5b0fa12a-3dd7-45bb-9766-cc326314d9f1,1.5136770000099204,1.8307092766391248e-06,1.2094451303858928e-06,1.5370440000000003,0.0,10.0,4.325461271742718e-07,0.0,2.8136455555795694e-06,3.246191682753841e-06,0.0,Tunisia,TUN,,,,Windows-11-10.0.26200-SP0,3.13.3,3.2.6,8,Intel(R) Core(TM) i7-8650U CPU @ 1.90GHz,0,,,,7.87811279296875,machine,0.0,0,0.0,0.0,N,1.0,0.0
2026-05-07T18:13:41,codecarbon,111e63eb-7457-4e6c-b34b-a1805430ca7c,5b0fa12a-3dd7-45bb-9766-cc326314d9f1,1.5048039000248536,1.83489726697309e-06,1.2193597231790698e-06,1.6729742040000004,0.0,10.0,4.664188879537778e-07,0.0,2.7871988889172723e-06,3.2536177768710503e-06,0.0,Tunisia,TUN,,,,Windows-11-10.0.26200-SP0,3.13.3,3.2.6,8,Intel(R) Core(TM) i7-8650U CPU @ 1.90GHz,0,,,,7.87811279296875,machine,0.0,0,0.0,0.0,N,1.0,0.0
2026-05-07T18:13:44,codecarbon,78eb7707-d1fd-4542-8bed-1d5ed2fae3c6,5b0fa12a-3dd7-45bb-9766-cc326314d9f1,1.503142100002151,1.8799899663290816e-06,1.2507067471042102e-06,1.976381952,0.0,10.0,5.502678315527408e-07,0.0,2.783307777766216e-06,3.3335756093189567e-06,0.0,Tunisia,TUN,,,,Windows-11-10.0.26200-SP0,3.13.3,3.2.6,8,Intel(R) Core(TM) i7-8650U CPU @ 1.90GHz,0,,,,7.87811279296875,machine,0.0,0,0.0,0.0,N,1.0,0.0
2026-05-07T18:13:47,codecarbon,c492f513-e5bf-4488-b327-6c5049200847,5b0fa12a-3dd7-45bb-9766-cc326314d9f1,1.5029172000067774,1.832417987757793e-06,1.2192408123012567e-06,1.6752013125,0.0,10.0,4.663112709578702e-07,0.0,2.782910277811526e-06,3.2492215487693964e-06,0.0,Tunisia,TUN,,,,Windows-11-10.0.26200-SP0,3.13.3,3.2.6,8,Intel(R) Core(TM) i7-8650U CPU @ 1.90GHz,0,,,,7.87811279296875,machine,0.0,0,0.0,0.0,N,1.0,0.0
2026-05-07T18:13:50,codecarbon,cad26c2c-1bdf-4037-b2aa-16795b8c5f60,5b0fa12a-3dd7-45bb-9766-cc326314d9f1,1.503560099983588,1.8577374288104496e-06,1.2355591431501328e-06,1.8258571815000004,0.0,10.0,5.087265662473175e-07,0.0,2.7853911110368143e-06,3.294117677284132e-06,0.0,Tunisia,TUN,,,,Windows-11-10.0.26200-SP0,3.13.3,3.2.6,8,Intel(R) Core(TM) i7-8650U CPU @ 1.90GHz,0,,,,7.87811279296875,machine,0.0,0,0.0,0.0,N,1.0,0.0
2026-05-07T18:13:53,codecarbon,3956ccf3-3d5e-4595-b61b-ea59d2516d2a,5b0fa12a-3dd7-45bb-9766-cc326314d9f1,1.5031720999977551,1.8163101923672311e-06,1.2083181908245528e-06,1.5686940480000002,0.0,10.0,4.368174552341242e-07,0.0,2.783841944377248e-06,3.2206593996113724e-06,0.0,Tunisia,TUN,,,,Windows-11-10.0.26200-SP0,3.13.3,3.2.6,8,Intel(R) Core(TM) i7-8650U CPU @ 1.90GHz,0,,,,7.87811279296875,machine,0.0,0,0.0,0.0,N,1.0,0.0
2026-05-07T18:13:56,codecarbon,57d032fe-0052-4fce-8e0b-172b2fc7ee5e,5b0fa12a-3dd7-45bb-9766-cc326314d9f1,1.503489399998216,1.824098322863356e-06,1.2132432213127145e-06,1.6163041875,0.0,10.0,4.501531078902538e-07,0.0,2.78431611109732e-06,3.234469218987573e-06,0.0,Tunisia,TUN,,,,Windows-11-10.0.26200-SP0,3.13.3,3.2.6,8,Intel(R) Core(TM) i7-8650U CPU @ 1.90GHz,0,,,,7.87811279296875,machine,0.0,0,0.0,0.0,N,1.0,0.0
2026-05-07T18:13:59,codecarbon,ff5e0c46-ae11-4866-bef0-d4b0a7308b53,5b0fa12a-3dd7-45bb-9766-cc326314d9f1,1.5115210000076331,1.8316392826414383e-06,1.211785534327468e-06,1.571118324,0.0,10.0,4.410963137491543e-07,0.0,2.806744444468576e-06,3.2478407582177306e-06,0.0,Tunisia,TUN,,,,Windows-11-10.0.26200-SP0,3.13.3,3.2.6,8,Intel(R) Core(TM) i7-8650U CPU @ 1.90GHz,0,,,,7.87811279296875,machine,0.0,0,0.0,0.0,N,1.0,0.0
2026-05-07T18:14:02,codecarbon,d6fe4555-bf45-4e87-b3e6-5462c7023f84,5b0fa12a-3dd7-45bb-9766-cc326314d9f1,1.5036508000048343,1.8208353769523784e-06,1.2109429775493914e-06,1.5970522695000002,0.0,10.0,4.447484025268113e-07,0.0,2.7839349999946235e-06,3.228683402521435e-06,0.0,Tunisia,TUN,,,,Windows-11-10.0.26200-SP0,3.13.3,3.2.6,8,Intel(R) Core(TM) i7-8650U CPU @ 1.90GHz,0,,,,7.87811279296875,machine,0.0,0,0.0,0.0,N,1.0,0.0
2026-05-07T18:14:05,codecarbon,b18f94c5-7627-4054-9303-e1f72d07e400,5b0fa12a-3dd7-45bb-9766-cc326314d9f1,1.5034187999845017,1.8231672742260435e-06,1.2126809071729302e-06,1.611272508,0.0,10.0,4.4870940590259604e-07,0.0,2.7841088888332405e-06,3.2328182947358364e-06,0.0,Tunisia,TUN,,,,Windows-11-10.0.26200-SP0,3.13.3,3.2.6,8,Intel(R) Core(TM) i7-8650U CPU @ 1.90GHz,0,,,,7.87811279296875,machine,0.0,0,0.0,0.0,N,1.0,0.0
2026-05-07T18:14:08,codecarbon,f5aeef52-6e2e-4709-9479-ef0c853e367a,5b0fa12a-3dd7-45bb-9766-cc326314d9f1,1.5033770999871194,1.8746388156806309e-06,1.2469518231298668e-06,1.942368,0.0,10.0,5.40767013313553e-07,0.0,2.7833200000006605e-06,3.324087013314213e-06,0.0,Tunisia,TUN,,,,Windows-11-10.0.26200-SP0,3.13.3,3.2.6,8,Intel(R) Core(TM) i7-8650U CPU @ 1.90GHz,0,,,,7.87811279296875,machine,0.0,0,0.0,0.0,N,1.0,0.0
2026-05-07T18:14:11,codecarbon,c5e45d28-0355-48ce-bd0e-0e5c83a3edf8,5b0fa12a-3dd7-45bb-9766-cc326314d9f1,1.5074596999911591,1.856222282431074e-06,1.2313578150327736e-06,1.7746766295,0.0,10.0,4.962515934914404e-07,0.0,2.7951794444460475e-06,3.291431037937488e-06,0.0,Tunisia,TUN,,,,Windows-11-10.0.26200-SP0,3.13.3,3.2.6,8,Intel(R) Core(TM) i7-8650U CPU @ 1.90GHz,0,,,,7.87811279296875,machine,0.0,0,0.0,0.0,N,1.0,0.0
2026-05-07T18:14:14,codecarbon,a3b34edf-446d-4f17-bbab-07cb0bbf3930,5b0fa12a-3dd7-45bb-9766-cc326314d9f1,1.503204500011634,1.8505689507396128e-06,1.2310826309562606e-06,1.7869280955,0.0,10.0,4.975874514711737e-07,0.0,2.7838191666685616e-06,3.281406618139736e-06,0.0,Tunisia,TUN,,,,Windows-11-10.0.26200-SP0,3.13.3,3.2.6,8,Intel(R) Core(TM) i7-8650U CPU @ 1.90GHz,0,,,,7.87811279296875,machine,0.0,0,0.0,0.0,N,1.0,0.0
2026-05-07T18:14:18,codecarbon,ed1c330e-eeef-4c09-a127-0ab41f972631,5b0fa12a-3dd7-45bb-9766-cc326314d9f1,1.503923600015696,1.820729747098372e-06,1.2106530857547346e-06,1.5940662585,0.0,10.0,4.439883230849828e-07,0.0,2.7845077778490827e-06,3.228496100934065e-06,0.0,Tunisia,TUN,,,,Windows-11-10.0.26200-SP0,3.13.3,3.2.6,8,Intel(R) Core(TM) i7-8650U CPU @ 1.90GHz,0,,,,7.87811279296875,machine,0.0,0,0.0,0.0,N,1.0,0.0
2026-05-07T18:14:21,codecarbon,73c9a810-3e0f-4033-82ea-ec282640d46a,5b0fa12a-3dd7-45bb-9766-cc326314d9f1,1.5034107999817934,1.8259798689942324e-06,1.2145581693415702e-06,1.632304644,0.0,10.0,4.544491651259051e-07,0.0,2.783356388843256e-06,3.2378055539691614e-06,0.0,Tunisia,TUN,,,,Windows-11-10.0.26200-SP0,3.13.3,3.2.6,8,Intel(R) Core(TM) i7-8650U CPU @ 1.90GHz,0,,,,7.87811279296875,machine,0.0,0,0.0,0.0,N,1.0,0.0
2026-05-07T18:14:24,codecarbon,402fc060-e370-4e32-8aa6-018a1d32094e,5b0fa12a-3dd7-45bb-9766-cc326314d9f1,1.5029331000114323,1.8249794131641608e-06,1.2142785418394731e-06,1.6286297280000002,0.0,10.0,4.533262799309647e-07,0.0,2.78270527778659e-06,3.2360315577175547e-06,0.0,Tunisia,TUN,,,,Windows-11-10.0.26200-SP0,3.13.3,3.2.6,8,Intel(R) Core(TM) i7-8650U CPU @ 1.90GHz,0,,,,7.87811279296875,machine,0.0,0,0.0,0.0,N,1.0,0.0
2026-05-07T18:14:27,codecarbon,7851b102-889b-4e57-8772-bd152be2aecc,5b0fa12a-3dd7-45bb-9766-cc326314d9f1,1.5032448999991177,1.833332450327443e-06,1.2195833495450538e-06,1.6752013125,0.0,10.0,4.665266739281183e-07,0.0,2.784316388877212e-06,3.2508430628053306e-06,0.0,Tunisia,TUN,,,,Windows-11-10.0.26200-SP0,3.13.3,3.2.6,8,Intel(R) Core(TM) i7-8650U CPU @ 1.90GHz,0,,,,7.87811279296875,machine,0.0,0,0.0,0.0,N,1.0,0.0
2026-05-07T18:14:30,codecarbon,8775e8ae-0947-49e2-8aaa-a62dcfb56ddd,5b0fa12a-3dd7-45bb-9766-cc326314d9f1,1.5031581000075676,1.809498233355e-06,1.203797679928605e-06,1.5233280000000002,0.0,10.0,4.242432935685603e-07,0.0,2.784337222207493e-06,3.208580515776053e-06,0.0,Tunisia,TUN,,,,Windows-11-10.0.26200-SP0,3.13.3,3.2.6,8,Intel(R) Core(TM) i7-8650U CPU @ 1.90GHz,0,,,,7.87811279296875,machine,0.0,0,0.0,0.0,N,1.0,0.0
2026-05-07T18:14:33,codecarbon,f08374f5-ebcb-464d-ac2f-391a8952613e,5b0fa12a-3dd7-45bb-9766-cc326314d9f1,1.5044052999874111,1.8084620711080408e-06,1.2021109411959489e-06,1.5005788125,0.0,10.0,4.1850292752213924e-07,0.0,2.788240277813101e-06,3.20674320533524e-06,0.0,Tunisia,TUN,,,,Windows-11-10.0.26200-SP0,3.13.3,3.2.6,8,Intel(R) Core(TM) i7-8650U CPU @ 1.90GHz,0,,,,7.87811279296875,machine,0.0,0,0.0,0.0,N,1.0,0.0
2026-05-07T18:14:36,codecarbon,0df678d8-3c12-4c4e-bb0e-bfde13e66c27,5b0fa12a-3dd7-45bb-9766-cc326314d9f1,1.503035000001546,2.037719942046988e-06,1.3557368537957476e-06,2.983680226500001,0.0,10.0,8.304507840042082e-07,0.0,2.7828097222178863e-06,3.6132605062220953e-06,0.0,Tunisia,TUN,,,,Windows-11-10.0.26200-SP0,3.13.3,3.2.6,8,Intel(R) Core(TM) i7-8650U CPU @ 1.90GHz,0,,,,7.87811279296875,machine,0.0,0,0.0,0.0,N,1.0,0.0
2026-05-07T18:14:39,codecarbon,e42b3bda-3c75-4ec5-942a-b17bccb0d31d,5b0fa12a-3dd7-45bb-9766-cc326314d9f1,1.5016522999794688,1.8073377707858389e-06,1.2035660790520875e-06,1.5227496465,0.0,10.0,4.235921095732515e-07,0.0,2.781157499945645e-06,3.2047496095188965e-06,0.0,Tunisia,TUN,,,,Windows-11-10.0.26200-SP0,3.13.3,3.2.6,8,Intel(R) Core(TM) i7-8650U CPU @ 1.90GHz,0,,,,7.87811279296875,machine,0.0,0,0.0,0.0,N,1.0,0.0
2026-05-07T18:14:42,codecarbon,c3546e4a-1b8f-4c7d-b18d-5de3a8778e01,5b0fa12a-3dd7-45bb-9766-cc326314d9f1,1.503277500014519,1.806083411875488e-06,1.201430482301534e-06,1.5052517295,0.0,10.0,4.190803953951114e-07,0.0,2.783444999982344e-06,3.2025253953774554e-06,0.0,Tunisia,TUN,,,,Windows-11-10.0.26200-SP0,3.13.3,3.2.6,8,Intel(R) Core(TM) i7-8650U CPU @ 1.90GHz,0,,,,7.87811279296875,machine,0.0,0,0.0,0.0,N,1.0,0.0
2026-05-07T18:14:45,codecarbon,70e30324-1dac-4828-b8a6-612391c24af2,5b0fa12a-3dd7-45bb-9766-cc326314d9f1,1.50347620001412,1.973809465545445e-06,1.3128305360117494e-06,2.5658734515,0.0,10.0,7.147749397391425e-07,0.0,2.785160277805213e-06,3.499935217544356e-06,0.0,Tunisia,TUN,,,,Windows-11-10.0.26200-SP0,3.13.3,3.2.6,8,Intel(R) Core(TM) i7-8650U CPU @ 1.90GHz,0,,,,7.87811279296875,machine,0.0,0,0.0,0.0,N,1.0,0.0
2026-05-07T18:14:48,codecarbon,90406134-a408-4262-8ca7-26baf5ffd5b1,5b0fa12a-3dd7-45bb-9766-cc326314d9f1,1.5035398000036366,1.8107408092214568e-06,1.20431850837409e-06,1.5310495680000007,0.0,10.0,4.264207807898584e-07,0.0,2.7843630555758463e-06,3.210783836365705e-06,0.0,Tunisia,TUN,,,,Windows-11-10.0.26200-SP0,3.13.3,3.2.6,8,Intel(R) Core(TM) i7-8650U CPU @ 1.90GHz,0,,,,7.87811279296875,machine,0.0,0,0.0,0.0,N,1.0,0.0
2026-05-07T18:14:51,codecarbon,05bc3467-08d0-42eb-82c1-f0e074f3177f,5b0fa12a-3dd7-45bb-9766-cc326314d9f1,1.5029079999949315,1.8061375803088057e-06,1.201761904464476e-06,1.5071744535,0.0,10.0,4.195933905954284e-07,0.0,2.783028055596838e-06,3.2026214461922664e-06,0.0,Tunisia,TUN,,,,Windows-11-10.0.26200-SP0,3.13.3,3.2.6,8,Intel(R) Core(TM) i7-8650U CPU @ 1.90GHz,0,,,,7.87811279296875,machine,0.0,0,0.0,0.0,N,1.0,0.0
2026-05-07T18:14:54,codecarbon,83752b76-457b-4ea6-ac7e-e4d13a423171,5b0fa12a-3dd7-45bb-9766-cc326314d9f1,1.502940700011095,1.8055983415495496e-06,1.201376968190575e-06,1.5016875000000005,0.0,10.0,4.18108885595469e-07,0.0,2.783556388910964e-06,3.2016652745064323e-06,0.0,Tunisia,TUN,,,,Windows-11-10.0.26200-SP0,3.13.3,3.2.6,8,Intel(R) Core(TM) i7-8650U CPU @ 1.90GHz,0,,,,7.87811279296875,machine,0.0,0,0.0,0.0,N,1.0,0.0
2026-05-07T18:14:57,codecarbon,d6bd2ecc-c284-40a6-a4b6-5c66526a8d9d,5b0fa12a-3dd7-45bb-9766-cc326314d9f1,1.5024656000023242,1.8247483884791448e-06,1.2145026072319545e-06,1.6268180685000002,0.0,10.0,4.527977409125552e-07,0.0,2.78282416661063e-06,3.235621907523185e-06,0.0,Tunisia,TUN,,,,Windows-11-10.0.26200-SP0,3.13.3,3.2.6,8,Intel(R) Core(TM) i7-8650U CPU @ 1.90GHz,0,,,,7.87811279296875,machine,0.0,0,0.0,0.0,N,1.0,0.0
2026-05-07T18:15:00,codecarbon,2b0bf48b-ca42-4280-ba6b-49c93d0344da,5b0fa12a-3dd7-45bb-9766-cc326314d9f1,1.5029915000195615,1.816148724765252e-06,1.2083559519409225e-06,1.5675028485000002,0.0,10.0,4.364686427515778e-07,0.0,2.7839044444489344e-06,3.220373087200512e-06,0.0,Tunisia,TUN,,,,Windows-11-10.0.26200-SP0,3.13.3,3.2.6,8,Intel(R) Core(TM) i7-8650U CPU @ 1.90GHz,0,,,,7.87811279296875,machine,0.0,0,0.0,0.0,N,1.0,0.0
2026-05-07T18:15:03,codecarbon,69e50ef9-547d-4034-b651-3121862b22a4,5b0fa12a-3dd7-45bb-9766-cc326314d9f1,1.5028342999867164,1.805642496343972e-06,1.2014914061782674e-06,1.502370816,0.0,10.0,4.1825523593486313e-07,0.0,2.783488333322263e-06,3.2017435692571263e-06,0.0,Tunisia,TUN,,,,Windows-11-10.0.26200-SP0,3.13.3,3.2.6,8,Intel(R) Core(TM) i7-8650U CPU @ 1.90GHz,0,,,,7.87811279296875,machine,0.0,0,0.0,0.0,N,1.0,0.0
2026-05-07T18:15:06,codecarbon,103a8dd3-0949-4015-aa04-687fc666b81b,5b0fa12a-3dd7-45bb-9766-cc326314d9f1,1.505479399987962,1.822046442340243e-06,1.21027656861649e-06,1.5774270765,0.0,10.0,4.403339046658521e-07,0.0,2.7904969444433745e-06,3.230830849109226e-06,0.0,Tunisia,TUN,,,,Windows-11-10.0.26200-SP0,3.13.3,3.2.6,8,Intel(R) Core(TM) i7-8650U CPU @ 1.90GHz,0,,,,7.87811279296875,machine,0.0,0,0.0,0.0,N,1.0,0.0
2026-05-07T18:15:10,codecarbon,f08acf6f-67c8-4132-837f-ec598fd13b4e,5b0fa12a-3dd7-45bb-9766-cc326314d9f1,1.5037316999805626,1.806773595949088e-06,1.2015265728403828e-06,1.5017907885,0.0,10.0,4.183775548742016e-07,0.0,2.7853716666059987e-06,3.2037492214802004e-06,0.0,Tunisia,TUN,,,,Windows-11-10.0.26200-SP0,3.13.3,3.2.6,8,Intel(R) Core(TM) i7-8650U CPU @ 1.90GHz,0,,,,7.87811279296875,machine,0.0,0,0.0,0.0,N,1.0,0.0
2026-05-07T18:15:13,codecarbon,ba6590e0-3f98-4952-8ba5-163ef8a83c93,5b0fa12a-3dd7-45bb-9766-cc326314d9f1,1.50393060001079,1.8155660338686312e-06,1.2072139724104327e-06,1.557395628,0.0,10.0,4.339115333262549e-07,0.0,2.785428333380777e-06,3.219339866707032e-06,0.0,Tunisia,TUN,,,,Windows-11-10.0.26200-SP0,3.13.3,3.2.6,8,Intel(R) Core(TM) i7-8650U CPU @ 1.90GHz,0,,,,7.87811279296875,machine,0.0,0,0.0,0.0,N,1.0,0.0
2026-05-07T18:15:16,codecarbon,c7825ba6-5c5a-442d-aae9-a79fa9177c49,5b0fa12a-3dd7-45bb-9766-cc326314d9f1,1.5034716000081971,1.8204064586016988e-06,1.2108020255199856e-06,1.595551488,0.0,10.0,4.442717385310983e-07,0.0,2.783651111126852e-06,3.22792284965795e-06,0.0,Tunisia,TUN,,,,Windows-11-10.0.26200-SP0,3.13.3,3.2.6,8,Intel(R) Core(TM) i7-8650U CPU @ 1.90GHz,0,,,,7.87811279296875,machine,0.0,0,0.0,0.0,N,1.0,0.0
2026-05-07T18:15:19,codecarbon,cce4db58-2008-46dc-bd2e-695606a113b4,5b0fa12a-3dd7-45bb-9766-cc326314d9f1,1.5043518000165932,1.8162461025447864e-06,1.2073280349215874e-06,1.5606436875,0.0,10.0,4.348613118876786e-07,0.0,2.785684444420945e-06,3.2205457563086235e-06,0.0,Tunisia,TUN,,,,Windows-11-10.0.26200-SP0,3.13.3,3.2.6,8,Intel(R) Core(TM) i7-8650U CPU @ 1.90GHz,0,,,,7.87811279296875,machine,0.0,0,0.0,0.0,N,1.0,0.0
2026-05-07T18:15:22,codecarbon,0c3f5f84-09af-43ff-bc32-f7aeccad36e1,5b0fa12a-3dd7-45bb-9766-cc326314d9f1,1.5032649000058882,1.8206897227299624e-06,1.211156944276974e-06,1.6001008125000002,0.0,10.0,4.454262413353567e-07,0.0,2.782998888869769e-06,3.228425130205126e-06,0.0,Tunisia,TUN,,,,Windows-11-10.0.26200-SP0,3.13.3,3.2.6,8,Intel(R) Core(TM) i7-8650U CPU @ 1.90GHz,0,,,,7.87811279296875,machine,0.0,0,0.0,0.0,N,1.0,0.0
2026-05-07T18:15:25,codecarbon,c32824fd-80ab-41a1-a998-5b160d1db6b0,5b0fa12a-3dd7-45bb-9766-cc326314d9f1,1.503999999986263,1.8199328451889567e-06,1.2100617321845608e-06,1.584098304,0.0,10.0,4.413960996077047e-07,0.0,2.785686944439981e-06,3.2270830440476857e-06,0.0,Tunisia,TUN,,,,Windows-11-10.0.26200-SP0,3.13.3,3.2.6,8,Intel(R) Core(TM) i7-8650U CPU @ 1.90GHz,0,,,,7.87811279296875,machine,0.0,0,0.0,0.0,N,1.0,0.0
2026-05-07T18:15:27,codecarbon,3347efa8-6357-43a5-b6bd-17d121421300,5b0fa12a-3dd7-45bb-9766-cc326314d9f1,1.5034462999901734,1.951802693313618e-06,1.298219093908692e-06,2.4304334999999995,0.0,10.0,6.768739069157734e-07,0.0,2.7840391666460264e-06,3.4609130735618e-06,0.0,Tunisia,TUN,,,,Windows-11-10.0.26200-SP0,3.13.3,3.2.6,8,Intel(R) Core(TM) i7-8650U CPU @ 1.90GHz,0,,,,7.87811279296875,machine,0.0,0,0.0,0.0,N,1.0,0.0
2026-05-07T18:15:31,codecarbon,ce7e0829-5be0-43d5-b364-82777c02e647,5b0fa12a-3dd7-45bb-9766-cc326314d9f1,1.5036016999802089,1.8542205365457488e-06,1.2331859804163267e-06,1.809235104,0.0,10.0,5.038732328757642e-07,0.0,2.784008333320445e-06,3.287881566196209e-06,0.0,Tunisia,TUN,,,,Windows-11-10.0.26200-SP0,3.13.3,3.2.6,8,Intel(R) Core(TM) i7-8650U CPU @ 1.90GHz,0,,,,7.87811279296875,machine,0.0,0,0.0,0.0,N,1.0,0.0
2026-05-07T18:15:34,codecarbon,7093ecf1-6e1f-4db6-b4bf-0eca7bbd548f,5b0fa12a-3dd7-45bb-9766-cc326314d9f1,1.503276300005382,1.8198150616643648e-06,1.210565923016181e-06,1.5882792405,0.0,10.0,4.42395858375609e-07,0.0,2.784478333342122e-06,3.226874191717731e-06,0.0,Tunisia,TUN,,,,Windows-11-10.0.26200-SP0,3.13.3,3.2.6,8,Intel(R) Core(TM) i7-8650U CPU @ 1.90GHz,0,,,,7.87811279296875,machine,0.0,0,0.0,0.0,N,1.0,0.0
2026-05-07T18:15:37,codecarbon,b1f7c57f-1029-456d-bc84-6d1e0ce55748,5b0fa12a-3dd7-45bb-9766-cc326314d9f1,1.5033421000116505,1.8167262684448912e-06,1.208458319919872e-06,1.5698991795,0.0,10.0,4.372074584945433e-07,0.0,2.7841897222161706e-06,3.2213971807107137e-06,0.0,Tunisia,TUN,,,,Windows-11-10.0.26200-SP0,3.13.3,3.2.6,8,Intel(R) Core(TM) i7-8650U CPU @ 1.90GHz,0,,,,7.87811279296875,machine,0.0,0,0.0,0.0,N,1.0,0.0
2026-05-07T18:15:40,codecarbon,83872224-cdc0-4840-8ffb-ce2044155587,5b0fa12a-3dd7-45bb-9766-cc326314d9f1,1.503853500005789,1.8169354827732569e-06,1.2081864907494398e-06,1.5698991795,0.0,10.0,4.37256212576216e-07,0.0,2.784511944466633e-06,3.2217681570428487e-06,0.0,Tunisia,TUN,,,,Windows-11-10.0.26200-SP0,3.13.3,3.2.6,8,Intel(R) Core(TM) i7-8650U CPU @ 1.90GHz,0,,,,7.87811279296875,machine,0.0,0,0.0,0.0,N,1.0,0.0
2026-05-07T18:15:42,codecarbon,8991c7a3-9f01-4dcd-a8e9-e6b157bf3ffb,5b0fa12a-3dd7-45bb-9766-cc326314d9f1,1.5033772999886423,1.8154028630631644e-06,1.2075497369002974e-06,1.5628757505000006,0.0,10.0,4.3519803418304233e-07,0.0,2.783852500013179e-06,3.2190505341962217e-06,0.0,Tunisia,TUN,,,,Windows-11-10.0.26200-SP0,3.13.3,3.2.6,8,Intel(R) Core(TM) i7-8650U CPU @ 1.90GHz,0,,,,7.87811279296875,machine,0.0,0,0.0,0.0,N,1.0,0.0
2026-05-07T18:15:45,codecarbon,581e9f12-3349-46ea-89f7-cc2d4f8b644c,5b0fa12a-3dd7-45bb-9766-cc326314d9f1,1.503788000001805,1.8184977518416003e-06,1.2092780045055671e-06,1.5761366520000006,0.0,10.0,4.391355759828013e-07,0.0,2.785402777792317e-06,3.2245383537751176e-06,0.0,Tunisia,TUN,,,,Windows-11-10.0.26200-SP0,3.13.3,3.2.6,8,Intel(R) Core(TM) i7-8650U CPU @ 1.90GHz,0,,,,7.87811279296875,machine,0.0,0,0.0,0.0,N,1.0,0.0
2026-05-07T18:15:48,codecarbon,be2603b7-8a38-415b-b216-3666533518e4,5b0fa12a-3dd7-45bb-9766-cc326314d9f1,1.5040746000013314,1.8170656276327208e-06,1.2080954147029097e-06,1.5686940480000002,0.0,10.0,4.370058728208674e-07,0.0,2.7849930555223385e-06,3.221998928343206e-06,0.0,Tunisia,TUN,,,,Windows-11-10.0.26200-SP0,3.13.3,3.2.6,8,Intel(R) Core(TM) i7-8650U CPU @ 1.90GHz,0,,,,7.87811279296875,machine,0.0,0,0.0,0.0,N,1.0,0.0
2026-05-07T18:15:51,codecarbon,bdbed393-53dd-49dc-8074-82da28f4c4a9,5b0fa12a-3dd7-45bb-9766-cc326314d9f1,1.5042345999972897,1.817457819276893e-06,1.2082276390133343e-06,1.5675028485000002,0.0,10.0,4.368232467175591e-07,0.0,2.7858711111346365e-06,3.2226943578521954e-06,0.0,Tunisia,TUN,,,,Windows-11-10.0.26200-SP0,3.13.3,3.2.6,8,Intel(R) Core(TM) i7-8650U CPU @ 1.90GHz,0,,,,7.87811279296875,machine,0.0,0,0.0,0.0,N,1.0,0.0
2026-05-07T18:15:54,codecarbon,054925dc-a118-4356-be3e-68aa3ac1f20a,5b0fa12a-3dd7-45bb-9766-cc326314d9f1,1.5031581000075676,1.8165655964656384e-06,1.208499356425976e-06,1.5698991795,0.0,10.0,4.37167556878476e-07,0.0,2.7839447222100315e-06,3.2211122790885075e-06,0.0,Tunisia,TUN,,,,Windows-11-10.0.26200-SP0,3.13.3,3.2.6,8,Intel(R) Core(TM) i7-8650U CPU @ 1.90GHz,0,,,,7.87811279296875,machine,0.0,0,0.0,0.0,N,1.0,0.0
2026-05-07T18:15:57,codecarbon,c6f06ee6-1678-46dd-8430-072c6d041f68,5b0fa12a-3dd7-45bb-9766-cc326314d9f1,1.542024299997138,1.8750254445488964e-06,1.2159506465315602e-06,1.5001642545000002,0.0,10.0,4.337859123201244e-07,0.0,2.890986666655711e-06,3.3247725789758355e-06,0.0,Tunisia,TUN,,,,Windows-11-10.0.26200-SP0,3.13.3,3.2.6,8,Intel(R) Core(TM) i7-8650U CPU @ 1.90GHz,0,,,,7.87811279296875,machine,0.0,0,0.0,0.0,N,1.0,0.0
2026-05-07T18:16:00,codecarbon,1a9af1cb-8b36-494a-a6c4-845b5db7611e,5b0fa12a-3dd7-45bb-9766-cc326314d9f1,1.5464678999851458,1.8838125870989e-06,1.2181388227437469e-06,1.500108,0.0,10.0,4.358121678846393e-07,0.0,2.9045416666324148e-06,3.340353834517054e-06,0.0,Tunisia,TUN,,,,Windows-11-10.0.26200-SP0,3.13.3,3.2.6,8,Intel(R) Core(TM) i7-8650U CPU @ 1.90GHz,0,,,,7.87811279296875,machine,0.0,0,0.0,0.0,N,1.0,0.0
2026-05-07T18:16:03,codecarbon,8ca3b354-c7cc-46f7-a9d8-c733e4ab44c8,5b0fa12a-3dd7-45bb-9766-cc326314d9f1,1.5419716000033077,1.875576974119744e-06,1.216349882264836e-06,1.500740772,0.0,10.0,4.3405804455313227e-07,0.0,2.8916925000279056e-06,3.325750544581038e-06,0.0,Tunisia,TUN,,,,Windows-11-10.0.26200-SP0,3.13.3,3.2.6,8,Intel(R) Core(TM) i7-8650U CPU @ 1.90GHz,0,,,,7.87811279296875,machine,0.0,0,0.0,0.0,N,1.0,0.0
2026-05-07T18:16:06,codecarbon,3356b60f-f3d7-4d78-a4ff-2d6381e6b471,5b0fa12a-3dd7-45bb-9766-cc326314d9f1,1.549566200003028,1.889189960823428e-06,1.2191734440385547e-06,1.5002657205,0.0,10.0,4.370875400326045e-07,0.0,2.9128013889324696e-06,3.349888928965074e-06,0.0,Tunisia,TUN,,,,Windows-11-10.0.26200-SP0,3.13.3,3.2.6,8,Intel(R) Core(TM) i7-8650U CPU @ 1.90GHz,0,,,,7.87811279296875,machine,0.0,0,0.0,0.0,N,1.0,0.0
2026-05-07T18:16:09,codecarbon,3240a8ca-f74b-4efe-9f58-3f09a55b013c,5b0fa12a-3dd7-45bb-9766-cc326314d9f1,1.542307499999879,1.876204565824491e-06,1.2164918901221957e-06,1.5002657205,0.0,10.0,4.34081715986648e-07,0.0,2.8927816666610955e-06,3.326863382647744e-06,0.0,Tunisia,TUN,,,,Windows-11-10.0.26200-SP0,3.13.3,3.2.6,8,Intel(R) Core(TM) i7-8650U CPU @ 1.90GHz,0,,,,7.87811279296875,machine,0.0,0,0.0,0.0,N,1.0,0.0
2026-05-07T18:16:12,codecarbon,6787e25b-7a06-44db-9fc7-3bb1e9a0eb77,5b0fa12a-3dd7-45bb-9766-cc326314d9f1,1.542344100016635,1.8762469104527656e-06,1.2164904773406462e-06,1.5002657205,0.0,10.0,4.340909676229318e-07,0.0,2.8928475000106523e-06,3.326938467633584e-06,0.0,Tunisia,TUN,,,,Windows-11-10.0.26200-SP0,3.13.3,3.2.6,8,Intel(R) Core(TM) i7-8650U CPU @ 1.90GHz,0,,,,7.87811279296875,machine,0.0,0,0.0,0.0,N,1.0,0.0
2026-05-07T18:16:15,codecarbon,7f8f4b84-f0ad-4f60-86b7-0d5ceb11da8d,5b0fa12a-3dd7-45bb-9766-cc326314d9f1,1.5563674999866637,1.901380408930584e-06,1.221678304736431e-06,1.5001642545000002,0.0,10.0,4.398793294913754e-07,0.0,2.93162555551842e-06,3.371504885009795e-06,0.0,Tunisia,TUN,,,,Windows-11-10.0.26200-SP0,3.13.3,3.2.6,8,Intel(R) Core(TM) i7-8650U CPU @ 1.90GHz,0,,,,7.87811279296875,machine,0.0,0,0.0,0.0,N,1.0,0.0
2026-05-07T18:16:18,codecarbon,f9c491a2-2727-4068-a8f1-caa0ee91996d,5b0fa12a-3dd7-45bb-9766-cc326314d9f1,1.5411702999845147,1.8741917446199137e-06,1.2160834819090044e-06,1.5006298560000004,0.0,10.0,4.337006612001961e-07,0.0,2.889593611083304e-06,3.3232942722835e-06,0.0,Tunisia,TUN,,,,Windows-11-10.0.26200-SP0,3.13.3,3.2.6,8,Intel(R) Core(TM) i7-8650U CPU @ 1.90GHz,0,,,,7.87811279296875,machine,0.0,0,0.0,0.0,N,1.0,0.0
2026-05-07T18:16:21,codecarbon,5d722a9d-c993-4e9e-a6f1-3c3e6fdb7029,5b0fa12a-3dd7-45bb-9766-cc326314d9f1,1.541831100010313,1.875479556028372e-06,1.216397539273807e-06,1.5017907885,0.0,10.0,4.342989150721898e-07,0.0,2.89127888892027e-06,3.32557780399246e-06,0.0,Tunisia,TUN,,,,Windows-11-10.0.26200-SP0,3.13.3,3.2.6,8,Intel(R) Core(TM) i7-8650U CPU @ 1.90GHz,0,,,,7.87811279296875,machine,0.0,0,0.0,0.0,N,1.0,0.0
2026-05-07T18:16:24,codecarbon,d423b1fc-bb1d-4864-b504-f0e19edfd036,5b0fa12a-3dd7-45bb-9766-cc326314d9f1,1.5423086000082549,1.875402304352492e-06,1.2159708532666251e-06,1.5000925965000007,0.0,10.0,4.338533222125927e-07,0.0,2.8915875000368234e-06,3.325440822249416e-06,0.0,Tunisia,TUN,,,,Windows-11-10.0.26200-SP0,3.13.3,3.2.6,8,Intel(R) Core(TM) i7-8650U CPU @ 1.90GHz,0,,,,7.87811279296875,machine,0.0,0,0.0,0.0,N,1.0,0.0
2026-05-07T18:16:27,codecarbon,19d09a88-9df7-4f07-a3f5-cbc3266f6446,5b0fa12a-3dd7-45bb-9766-cc326314d9f1,1.5415918999933638,1.8748764315244032e-06,1.216195045869451e-06,1.5004021785,0.0,10.0,4.338097397825139e-07,0.0,2.8906986110895456e-06,3.3245083508720595e-06,0.0,Tunisia,TUN,,,,Windows-11-10.0.26200-SP0,3.13.3,3.2.6,8,Intel(R) Core(TM) i7-8650U CPU @ 1.90GHz,0,,,,7.87811279296875,machine,0.0,0,0.0,0.0,N,1.0,0.0
2026-05-07T18:16:30,codecarbon,d77ff97b-b3a6-4d9c-9c39-8055af0f61e6,5b0fa12a-3dd7-45bb-9766-cc326314d9f1,1.5414950999838766,1.8747115525959832e-06,1.2161644578796209e-06,1.5003645,0.0,10.0,4.337615451150754e-07,0.0,2.8904544444230854e-06,3.324215989538161e-06,0.0,Tunisia,TUN,,,,Windows-11-10.0.26200-SP0,3.13.3,3.2.6,8,Intel(R) Core(TM) i7-8650U CPU @ 1.90GHz,0,,,,7.87811279296875,machine,0.0,0,0.0,0.0,N,1.0,0.0
2026-05-07T18:16:33,codecarbon,1c093041-ca2b-40ba-bed5-0858c2925bd1,5b0fa12a-3dd7-45bb-9766-cc326314d9f1,1.54244240000844,1.8763075140722723e-06,1.2164522409796344e-06,1.5004021785,0.0,10.0,4.3415370699315386e-07,0.0,2.892892222250036e-06,3.3270459292431897e-06,0.0,Tunisia,TUN,,,,Windows-11-10.0.26200-SP0,3.13.3,3.2.6,8,Intel(R) Core(TM) i7-8650U CPU @ 1.90GHz,0,,,,7.87811279296875,machine,0.0,0,0.0,0.0,N,1.0,0.0
2026-05-07T18:16:36,codecarbon,f9ace5f1-be45-4485-a49d-9326dd415aa7,5b0fa12a-3dd7-45bb-9766-cc326314d9f1,1.5431687999807764,1.8770031247093243e-06,1.2163304006228655e-06,1.5000233280000006,0.0,10.0,4.3421021106122586e-07,0.0,2.8940691666017908e-06,3.3282793776630167e-06,0.0,Tunisia,TUN,,,,Windows-11-10.0.26200-SP0,3.13.3,3.2.6,8,Intel(R) Core(TM) i7-8650U CPU @ 1.90GHz,0,,,,7.87811279296875,machine,0.0,0,0.0,0.0,N,1.0,0.0
2026-05-07T18:16:39,codecarbon,008aa6a5-22d4-4a27-9369-c1c82202d65d,5b0fa12a-3dd7-45bb-9766-cc326314d9f1,1.542217599984724,1.8756565281026315e-06,1.2162074457723802e-06,1.5002963520000006,0.0,10.0,4.339610532104702e-07,0.0,2.891930555536722e-06,3.325891608747192e-06,0.0,Tunisia,TUN,,,,Windows-11-10.0.26200-SP0,3.13.3,3.2.6,8,Intel(R) Core(TM) i7-8650U CPU @ 1.90GHz,0,,,,7.87811279296875,machine,0.0,0,0.0,0.0,N,1.0,0.0
2026-05-07T18:16:42,codecarbon,91ea0c96-d7db-4b10-b955-6ef888afe587,5b0fa12a-3dd7-45bb-9766-cc326314d9f1,1.5042727999971248,1.818141951133081e-06,1.2086517492947797e-06,1.5675028485000002,0.0,10.0,4.369741188750337e-07,0.0,2.786933333360745e-06,3.223907452235779e-06,0.0,Tunisia,TUN,,,,Windows-11-10.0.26200-SP0,3.13.3,3.2.6,8,Intel(R) Core(TM) i7-8650U CPU @ 1.90GHz,0,,,,7.87811279296875,machine,0.0,0,0.0,0.0,N,1.0,0.0
2026-05-07T18:16:45,codecarbon,bf0738ff-22c7-4684-97aa-6386839d2f9c,5b0fa12a-3dd7-45bb-9766-cc326314d9f1,1.5039642000047024,1.8183918046853872e-06,1.209065883802089e-06,1.5748606455,0.0,10.0,4.388291006339826e-07,0.0,2.785521388917308e-06,3.22435048955129e-06,0.0,Tunisia,TUN,,,,Windows-11-10.0.26200-SP0,3.13.3,3.2.6,8,Intel(R) Core(TM) i7-8650U CPU @ 1.90GHz,0,,,,7.87811279296875,machine,0.0,0,0.0,0.0,N,1.0,0.0
2026-05-07T18:16:48,codecarbon,d5cc966b-6e65-49e4-acb6-3b2ee661ca1a,5b0fa12a-3dd7-45bb-9766-cc326314d9f1,1.5035852000000889,1.817486892941864e-06,1.2087688100027566e-06,1.5698991795,0.0,10.0,4.373947997889786e-07,0.0,2.7853511111364547e-06,3.222745910925433e-06,0.0,Tunisia,TUN,,,,Windows-11-10.0.26200-SP0,3.13.3,3.2.6,8,Intel(R) Core(TM) i7-8650U CPU @ 1.90GHz,0,,,,7.87811279296875,machine,0.0,0,0.0,0.0,N,1.0,0.0
2026-05-07T18:16:51,codecarbon,8bc5c60c-0b26-403c-ab1e-289d8d65b73b,5b0fa12a-3dd7-45bb-9766-cc326314d9f1,1.5033368000003977,1.8177069100576464e-06,1.2091148903274142e-06,1.578732,0.0,10.0,4.395743759822738e-07,0.0,2.783561666648085e-06,3.2231360426303587e-06,0.0,Tunisia,TUN,,,,Windows-11-10.0.26200-SP0,3.13.3,3.2.6,8,Intel(R) Core(TM) i7-8650U CPU @ 1.90GHz,0,,,,7.87811279296875,machine,0.0,0,0.0,0.0,N,1.0,0.0
2026-05-07T18:16:54,codecarbon,fedc38bd-eda3-4982-816f-0260103b6c1d,5b0fa12a-3dd7-45bb-9766-cc326314d9f1,1.5068330999929458,1.817078708618884e-06,1.205892483133925e-06,1.5675028485000002,0.0,10.0,4.367187900723763e-07,0.0,2.785303333318249e-06,3.222022123390625e-06,0.0,Tunisia,TUN,,,,Windows-11-10.0.26200-SP0,3.13.3,3.2.6,8,Intel(R) Core(TM) i7-8650U CPU @ 1.90GHz,0,,,,7.87811279296875,machine,0.0,0,0.0,0.0,N,1.0,0.0
2026-05-07T18:16:57,codecarbon,77a124ee-8914-48a7-87e8-8022e06ac163,5b0fa12a-3dd7-45bb-9766-cc326314d9f1,1.5034231999889016,1.8224044037449493e-06,1.2121699357562144e-06,1.6063880865000002,0.0,10.0,4.473539153369014e-07,0.0,2.7841116666321694e-06,3.2314655819690708e-06,0.0,Tunisia,TUN,,,,Windows-11-10.0.26200-SP0,3.13.3,3.2.6,8,Intel(R) Core(TM) i7-8650U CPU @ 1.90GHz,0,,,,7.87811279296875,machine,0.0,0,0.0,0.0,N,1.0,0.0
2026-05-07T18:17:00,codecarbon,8e230ec4-8709-4eeb-b19d-a94d953f2670,5b0fa12a-3dd7-45bb-9766-cc326314d9f1,1.520593799999915,1.8505438818021088e-06,1.2169876542980858e-06,1.5827345745000003,0.0,10.0,4.48484944004749e-07,0.0,2.832877222196354e-06,3.281362166201103e-06,0.0,Tunisia,TUN,,,,Windows-11-10.0.26200-SP0,3.13.3,3.2.6,8,Intel(R) Core(TM) i7-8650U CPU @ 1.90GHz,0,,,,7.87811279296875,machine,0.0,0,0.0,0.0,N,1.0,0.0
2026-05-07T18:17:03,codecarbon,45ab725d-889c-4126-b20d-942fbf0a2e26,5b0fa12a-3dd7-45bb-9766-cc326314d9f1,1.5032866999972612,1.828253251604368e-06,1.2161707088925209e-06,1.643748,0.0,10.0,4.5775391091974594e-07,0.0,2.7840827777658383e-06,3.2418366886855844e-06,0.0,Tunisia,TUN,,,,Windows-11-10.0.26200-SP0,3.13.3,3.2.6,8,Intel(R) Core(TM) i7-8650U CPU @ 1.90GHz,0,,,,7.87811279296875,machine,0.0,0,0.0,0.0,N,1.0,0.0
2026-05-07T18:17:06,codecarbon,8bc8ca5e-ef76-4e77-a1e6-aa56eec54b5d,5b0fa12a-3dd7-45bb-9766-cc326314d9f1,1.503394200000912,1.817901559643936e-06,1.2091981994095982e-06,1.5774270765,0.0,10.0,4.393400817977937e-07,0.0,2.7841411111391306e-06,3.2234811929369244e-06,0.0,Tunisia,TUN,,,,Windows-11-10.0.26200-SP0,3.13.3,3.2.6,8,Intel(R) Core(TM) i7-8650U CPU @ 1.90GHz,0,,,,7.87811279296875,machine,0.0,0,0.0,0.0,N,1.0,0.0
2026-05-07T18:17:09,codecarbon,2958226e-4157-4bdc-884e-0fbc5438e575,5b0fa12a-3dd7-45bb-9766-cc326314d9f1,1.5031506000086663,1.8233701948310864e-06,1.213032276886011e-06,1.6163041875,0.0,10.0,4.499672778022472e-07,0.0,2.7832108333111843e-06,3.2331781111134314e-06,0.0,Tunisia,TUN,,,,Windows-11-10.0.26200-SP0,3.13.3,3.2.6,8,Intel(R) Core(TM) i7-8650U CPU @ 1.90GHz,0,,,,7.87811279296875,machine,0.0,0,0.0,0.0,N,1.0,0.0
2026-05-07T18:17:12,codecarbon,ed8b59e6-85ab-44f4-8712-1ef0f2fab4e0,5b0fa12a-3dd7-45bb-9766-cc326314d9f1,1.5039256000018213,1.8349438464319832e-06,1.2201028072331243e-06,1.681997172,0.0,10.0,4.685978710159302e-07,0.0,2.785102499991707e-06,3.2537003710076373e-06,0.0,Tunisia,TUN,,,,Windows-11-10.0.26200-SP0,3.13.3,3.2.6,8,Intel(R) Core(TM) i7-8650U CPU @ 1.90GHz,0,,,,7.87811279296875,machine,0.0,0,0.0,0.0,N,1.0,0.0
2026-05-07T18:17:15,codecarbon,52befdd0-1d15-44f2-96ef-d223c0d25a99,5b0fa12a-3dd7-45bb-9766-cc326314d9f1,1.5033015999943018,1.814610612291288e-06,1.2070835368619088e-06,1.557395628,0.0,10.0,4.336868357472903e-07,0.0,2.7839588889037256e-06,3.217645724651016e-06,0.0,Tunisia,TUN,,,,Windows-11-10.0.26200-SP0,3.13.3,3.2.6,8,Intel(R) Core(TM) i7-8650U CPU @ 1.90GHz,0,,,,7.87811279296875,machine,0.0,0,0.0,0.0,N,1.0,0.0
2026-05-07T18:17:18,codecarbon,9432b5a9-5d44-476d-ba2b-3736d884a163,5b0fa12a-3dd7-45bb-9766-cc326314d9f1,1.5029609000193886,1.8225672607147388e-06,1.212651147938198e-06,1.614610464,0.0,10.0,4.493754690716527e-07,0.0,2.7823788889185783e-06,3.231754357990231e-06,0.0,Tunisia,TUN,,,,Windows-11-10.0.26200-SP0,3.13.3,3.2.6,8,Intel(R) Core(TM) i7-8650U CPU @ 1.90GHz,0,,,,7.87811279296875,machine,0.0,0,0.0,0.0,N,1.0,0.0
2026-05-07T18:17:20,codecarbon,e55a7f88-0826-4cb7-99a2-577caa935349,5b0fa12a-3dd7-45bb-9766-cc326314d9f1,1.5035027999838348,1.8203663358092533e-06,1.2107502133210696e-06,1.5940662585,0.0,10.0,4.438978155390401e-07,0.0,2.783953888865653e-06,3.227851704404693e-06,0.0,Tunisia,TUN,,,,Windows-11-10.0.26200-SP0,3.13.3,3.2.6,8,Intel(R) Core(TM) i7-8650U CPU @ 1.90GHz,0,,,,7.87811279296875,machine,0.0,0,0.0,0.0,N,1.0,0.0
2026-05-07T18:17:23,codecarbon,ef77d904-7b21-4293-89c7-a0beb31d4723,5b0fa12a-3dd7-45bb-9766-cc326314d9f1,1.5032768000091892,1.833906771236988e-06,1.219939515614009e-06,1.6843009065,0.0,10.0,4.688947750936168e-07,0.0,2.782966666644724e-06,3.2518614417383403e-06,0.0,Tunisia,TUN,,,,Windows-11-10.0.26200-SP0,3.13.3,3.2.6,8,Intel(R) Core(TM) i7-8650U CPU @ 1.90GHz,0,,,,7.87811279296875,machine,0.0,0,0.0,0.0,N,1.0,0.0
2026-05-07T18:17:26,codecarbon,91604549-0b47-4baf-bc38-1b89ae2c7b6d,5b0fa12a-3dd7-45bb-9766-cc326314d9f1,1.5036522999871522,1.8068743846012624e-06,1.2016570483859208e-06,1.5016875000000005,0.0,10.0,4.1839099427705313e-07,0.0,2.785536944429623e-06,3.2039279387066765e-06,0.0,Tunisia,TUN,,,,Windows-11-10.0.26200-SP0,3.13.3,3.2.6,8,Intel(R) Core(TM) i7-8650U CPU @ 1.90GHz,0,,,,7.87811279296875,machine,0.0,0,0.0,0.0,N,1.0,0.0
2026-05-07T18:17:29,codecarbon,08309b2e-d893-41a0-9030-548b643457cb,5b0fa12a-3dd7-45bb-9766-cc326314d9f1,1.5036403999838512,1.8064405832533985e-06,1.2013780577276318e-06,1.5022460625,0.0,10.0,4.184528940754298e-07,0.0,2.784705833295852e-06,3.2031587273712816e-06,0.0,Tunisia,TUN,,,,Windows-11-10.0.26200-SP0,3.13.3,3.2.6,8,Intel(R) Core(TM) i7-8650U CPU @ 1.90GHz,0,,,,7.87811279296875,machine,0.0,0,0.0,0.0,N,1.0,0.0
2026-05-07T18:17:32,codecarbon,09288e80-fc3e-44aa-8b71-a58df63ff259,5b0fa12a-3dd7-45bb-9766-cc326314d9f1,1.5028984999808015,1.8056019576056992e-06,1.2014131078238243e-06,1.5010733445,0.0,10.0,4.17926964230561e-07,0.0,2.783744722223168e-06,3.201671686453729e-06,0.0,Tunisia,TUN,,,,Windows-11-10.0.26200-SP0,3.13.3,3.2.6,8,Intel(R) Core(TM) i7-8650U CPU @ 1.90GHz,0,,,,7.87811279296875,machine,0.0,0,0.0,0.0,N,1.0,0.0
2026-05-07T18:17:35,codecarbon,160c82cc-f1af-499c-b020-52ef44f8bf26,5b0fa12a-3dd7-45bb-9766-cc326314d9f1,1.5022189999872353,1.8292754815492724e-06,1.217715580461182e-06,1.6579106205,0.0,10.0,4.613806834263409e-07,0.0,2.782268611109532e-06,3.243649294535872e-06,0.0,Tunisia,TUN,,,,Windows-11-10.0.26200-SP0,3.13.3,3.2.6,8,Intel(R) Core(TM) i7-8650U CPU @ 1.90GHz,0,,,,7.87811279296875,machine,0.0,0,0.0,0.0,N,1.0,0.0
2026-05-07T18:17:38,codecarbon,307052e7-47d9-4340-879e-b0c68eb39185,5b0fa12a-3dd7-45bb-9766-cc326314d9f1,1.5027203999925405,1.8120222087748133e-06,1.2058279163467857e-06,1.543764192,0.0,10.0,4.2977044311380203e-07,0.0,2.7832855555364708e-06,3.2130559986502727e-06,0.0,Tunisia,TUN,,,,Windows-11-10.0.26200-SP0,3.13.3,3.2.6,8,Intel(R) Core(TM) i7-8650U CPU @ 1.90GHz,0,,,,7.87811279296875,machine,0.0,0,0.0,0.0,N,1.0,0.0
2026-05-07T18:17:41,codecarbon,dfc0cafd-8136-46f6-b6aa-8d8849f7d336,5b0fa12a-3dd7-45bb-9766-cc326314d9f1,1.5031491999980062,1.805864785463229e-06,1.201387583791166e-06,1.500108,0.0,10.0,4.177641185203674e-07,0.0,2.784373611130933e-06,3.2021377296513008e-06,0.0,Tunisia,TUN,,,,Windows-11-10.0.26200-SP0,3.13.3,3.2.6,8,Intel(R) Core(TM) i7-8650U CPU @ 1.90GHz,0,,,,7.87811279296875,machine,0.0,0,0.0,0.0,N,1.0,0.0
2026-05-07T18:17:44,codecarbon,91b11952-4506-44e3-8ba7-c17cec0f5d5f,5b0fa12a-3dd7-45bb-9766-cc326314d9f1,1.5033478999976069,1.883387453069588e-06,1.2527954793914212e-06,1.9895733285000003,0.0,10.0,5.542683253419343e-07,0.0,2.785331666624794e-06,3.3395999919667283e-06,0.0,Tunisia,TUN,,,,Windows-11-10.0.26200-SP0,3.13.3,3.2.6,8,Intel(R) Core(TM) i7-8650U CPU @ 1.90GHz,0,,,,7.87811279296875,machine,0.0,0,0.0,0.0,N,1.0,0.0
2026-05-07T18:17:47,codecarbon,06be0bee-f2a8-4842-9f82-66a15946f93f,5b0fa12a-3dd7-45bb-9766-cc326314d9f1,1.503115200001048,1.805273952625018e-06,1.2010216865771563e-06,1.5014016105,0.0,10.0,4.179334053285798e-07,0.0,2.783156666636286e-06,3.201090071964866e-06,0.0,Tunisia,TUN,,,,Windows-11-10.0.26200-SP0,3.13.3,3.2.6,8,Intel(R) Core(TM) i7-8650U CPU @ 1.90GHz,0,,,,7.87811279296875,machine,0.0,0,0.0,0.0,N,1.0,0.0
2026-05-07T18:17:50,codecarbon,d87bd34e-e478-4720-b834-9cef360901b0,5b0fa12a-3dd7-45bb-9766-cc326314d9f1,1.5031575000029989,1.8050666249983663e-06,1.200849960828965e-06,1.501000188,0.0,10.0,4.177991078047257e-07,0.0,2.7829233333048047e-06,3.2007224411095304e-06,0.0,Tunisia,TUN,,,,Windows-11-10.0.26200-SP0,3.13.3,3.2.6,8,Intel(R) Core(TM) i7-8650U CPU @ 1.90GHz,0,,,,7.87811279296875,machine,0.0,0,0.0,0.0,N,1.0,0.0
2026-05-07T18:17:53,codecarbon,1abb8cac-856a-4e3e-9ade-4400aff306ab,5b0fa12a-3dd7-45bb-9766-cc326314d9f1,1.5033704999950714,1.8061179748881743e-06,1.2013791509771514e-06,1.5005788125,0.0,10.0,4.179386265328862e-07,0.0,2.7846480555631896e-06,3.202586682096076e-06,0.0,Tunisia,TUN,,,,Windows-11-10.0.26200-SP0,3.13.3,3.2.6,8,Intel(R) Core(TM) i7-8650U CPU @ 1.90GHz,0,,,,7.87811279296875,machine,0.0,0,0.0,0.0,N,1.0,0.0
2026-05-07T18:17:56,codecarbon,b55d3c9f-c486-4942-ac9e-02c09c48ee3f,5b0fa12a-3dd7-45bb-9766-cc326314d9f1,1.5036186999932395,1.805747866660972e-06,1.200934696189327e-06,1.5005306040000002,0.0,10.0,4.178542995073437e-07,0.0,2.784076111129252e-06,3.201930410636596e-06,0.0,Tunisia,TUN,,,,Windows-11-10.0.26200-SP0,3.13.3,3.2.6,8,Intel(R) Core(TM) i7-8650U CPU @ 1.90GHz,0,,,,7.87811279296875,machine,0.0,0,0.0,0.0,N,1.0,0.0
2026-05-07T18:17:59,codecarbon,26cc0957-2fb3-44d3-a195-f9c474e18276,5b0fa12a-3dd7-45bb-9766-cc326314d9f1,1.503451299999142,1.8060223255640523e-06,1.2012509654054528e-06,1.500442368,0.0,10.0,4.178845778473033e-07,0.0,2.78453250001702e-06,3.2024170778643235e-06,0.0,Tunisia,TUN,,,,Windows-11-10.0.26200-SP0,3.13.3,3.2.6,8,Intel(R) Core(TM) i7-8650U CPU @ 1.90GHz,0,,,,7.87811279296875,machine,0.0,0,0.0,0.0,N,1.0,0.0
2026-05-07T18:18:02,codecarbon,abce15e5-77a3-4a5d-bcc7-586d45edcc26,5b0fa12a-3dd7-45bb-9766-cc326314d9f1,1.5029399000050034,1.805516181590954e-06,1.2013229415127933e-06,1.5001866240000004,0.0,10.0,4.177187560981616e-07,0.0,2.7838008333573173e-06,3.201519589455479e-06,0.0,Tunisia,TUN,,,,Windows-11-10.0.26200-SP0,3.13.3,3.2.6,8,Intel(R) Core(TM) i7-8650U CPU @ 1.90GHz,0,,,,7.87811279296875,machine,0.0,0,0.0,0.0,N,1.0,0.0
2026-05-07T18:18:05,codecarbon,fc43d0eb-ed9b-406c-8e72-420e80379a1b,5b0fa12a-3dd7-45bb-9766-cc326314d9f1,1.506360700004734,1.8052795877977264e-06,1.1984377896954249e-06,1.5008008065,0.0,10.0,4.177870086820365e-07,0.0,2.783313055503337e-06,3.201100064185373e-06,0.0,Tunisia,TUN,,,,Windows-11-10.0.26200-SP0,3.13.3,3.2.6,8,Intel(R) Core(TM) i7-8650U CPU @ 1.90GHz,0,,,,7.87811279296875,machine,0.0,0,0.0,0.0,N,1.0,0.0
2026-05-07T18:18:08,codecarbon,0b32c664-1fba-426f-a4ea-76ec8339e211,5b0fa12a-3dd7-45bb-9766-cc326314d9f1,1.50281969999196,1.8047730998215e-06,1.2009245685501428e-06,1.5000925965000007,0.0,10.0,4.175033546443126e-07,0.0,2.782698611150004e-06,3.2002019657943167e-06,0.0,Tunisia,TUN,,,,Windows-11-10.0.26200-SP0,3.13.3,3.2.6,8,Intel(R) Core(TM) i7-8650U CPU @ 1.90GHz,0,,,,7.87811279296875,machine,0.0,0,0.0,0.0,N,1.0,0.0
2026-05-07T18:18:11,codecarbon,4a6f69d5-1532-47bd-a6bb-cda8a680cfe8,5b0fa12a-3dd7-45bb-9766-cc326314d9f1,1.5086112999997567,1.8315574851330248e-06,1.214068517936542e-06,1.6063880865000002,0.0,10.0,4.49687104789038e-07,0.0,2.7980086110700443e-06,3.247695715859082e-06,0.0,Tunisia,TUN,,,,Windows-11-10.0.26200-SP0,3.13.3,3.2.6,8,Intel(R) Core(TM) i7-8650U CPU @ 1.90GHz,0,,,,7.87811279296875,machine,0.0,0,0.0,0.0,N,1.0,0.0
2026-05-07T18:18:14,codecarbon,f9851ca2-0921-484d-9f1e-11e64608b512,5b0fa12a-3dd7-45bb-9766-cc326314d9f1,1.5035281999735162,1.822457397309156e-06,1.2121205291269275e-06,1.6096281135,0.0,10.0,4.481528829204426e-07,0.0,2.7834066665996537e-06,3.231559549520096e-06,0.0,Tunisia,TUN,,,,Windows-11-10.0.26200-SP0,3.13.3,3.2.6,8,Intel(R) Core(TM) i7-8650U CPU @ 1.90GHz,0,,,,7.87811279296875,machine,0.0,0,0.0,0.0,N,1.0,0.0
2026-05-07T18:18:17,codecarbon,6b7d3939-070c-463f-8622-618e0f613e4e,5b0fa12a-3dd7-45bb-9766-cc326314d9f1,1.5038638999976683,1.8188186361702391e-06,1.2094303455073688e-06,1.5735989760000002,0.0,10.0,4.385748419620352e-07,0.0,2.78653250004734e-06,3.225107342009375e-06,0.0,Tunisia,TUN,,,,Windows-11-10.0.26200-SP0,3.13.3,3.2.6,8,Intel(R) Core(TM) i7-8650U CPU @ 1.90GHz,0,,,,7.87811279296875,machine,0.0,0,0.0,0.0,N,1.0,0.0
2026-05-07T18:18:20,codecarbon,84cd308f-2695-49c8-bc70-c199f28070dc,5b0fa12a-3dd7-45bb-9766-cc326314d9f1,1.5043475999846123,1.8247303556128643e-06,1.2129712279472704e-06,1.6129332645,0.0,10.0,4.495754874339001e-07,0.0,2.786014444427565e-06,3.2355899318614647e-06,0.0,Tunisia,TUN,,,,Windows-11-10.0.26200-SP0,3.13.3,3.2.6,8,Intel(R) Core(TM) i7-8650U CPU @ 1.90GHz,0,,,,7.87811279296875,machine,0.0,0,0.0,0.0,N,1.0,0.0
2026-05-07T18:18:23,codecarbon,e9334435-f631-418a-af55-a8c9864651f5,5b0fa12a-3dd7-45bb-9766-cc326314d9f1,1.5036641999904532,1.8194128621141804e-06,1.2099861539070572e-06,1.584098304,0.0,10.0,4.412715718793819e-07,0.0,2.784889444430721e-06,3.2261610163101027e-06,0.0,Tunisia,TUN,,,,Windows-11-10.0.26200-SP0,3.13.3,3.2.6,8,Intel(R) Core(TM) i7-8650U CPU @ 1.90GHz,0,,,,7.87811279296875,machine,0.0,0,0.0,0.0,N,1.0,0.0
2026-05-07T18:18:26,codecarbon,d0ca50e7-2980-40c3-9a6a-ba1640ef9e7a,5b0fa12a-3dd7-45bb-9766-cc326314d9f1,1.5035155999939889,1.825259699300424e-06,1.213994520115203e-06,1.6232459415,0.0,10.0,4.521024465986392e-07,0.0,2.784426111126474e-06,3.236528557725113e-06,0.0,Tunisia,TUN,,,,Windows-11-10.0.26200-SP0,3.13.3,3.2.6,8,Intel(R) Core(TM) i7-8650U CPU @ 1.90GHz,0,,,,7.87811279296875,machine,0.0,0,0.0,0.0,N,1.0,0.0
2026-05-07T18:18:29,codecarbon,1f12fd3e-3aa5-42d7-becd-ad672a8f28df,5b0fa12a-3dd7-45bb-9766-cc326314d9f1,1.5034663999977056,1.824852075229364e-06,1.2137631244916071e-06,1.6197415305000002,0.0,10.0,4.511629858770506e-07,0.0,2.784642777745224e-06,3.2358057636222743e-06,0.0,Tunisia,TUN,,,,Windows-11-10.0.26200-SP0,3.13.3,3.2.6,8,Intel(R) Core(TM) i7-8650U CPU @ 1.90GHz,0,,,,7.87811279296875,machine,0.0,0,0.0,0.0,N,1.0,0.0
2026-05-07T18:18:32,codecarbon,a2804b54-fcf4-47dd-97f4-3df6ead77e03,5b0fa12a-3dd7-45bb-9766-cc326314d9f1,1.5032367999956475,1.819253200576616e-06,1.210223965101096e-06,1.5882792405,0.0,10.0,4.42241795297474e-07,0.0,2.7836361110934783e-06,3.2258779063909523e-06,0.0,Tunisia,TUN,,,,Windows-11-10.0.26200-SP0,3.13.3,3.2.6,8,Intel(R) Core(TM) i7-8650U CPU @ 1.90GHz,0,,,,7.87811279296875,machine,0.0,0,0.0,0.0,N,1.0,0.0
2026-05-07T18:18:35,codecarbon,c657a967-45fe-4aaa-b1cf-edede144340c,5b0fa12a-3dd7-45bb-9766-cc326314d9f1,1.5039754000026733,1.8222587225973944e-06,1.211628011065976e-06,1.6047922920000002,0.0,10.0,4.470230952102737e-07,0.0,2.784184166699157e-06,3.23120726190943e-06,0.0,Tunisia,TUN,,,,Windows-11-10.0.26200-SP0,3.13.3,3.2.6,8,Intel(R) Core(TM) i7-8650U CPU @ 1.90GHz,0,,,,7.87811279296875,machine,0.0,0,0.0,0.0,N,1.0,0.0
2026-05-07T18:18:38,codecarbon,6c807453-44e8-41b4-a9ee-6636604b0793,5b0fa12a-3dd7-45bb-9766-cc326314d9f1,1.5036097000120208,1.8176273677788365e-06,1.2088425392336225e-06,1.5723515625000002,0.0,10.0,4.380111103510178e-07,0.0,2.7849838888667163e-06,3.222994999217734e-06,0.0,Tunisia,TUN,,,,Windows-11-10.0.26200-SP0,3.13.3,3.2.6,8,Intel(R) Core(TM) i7-8650U CPU @ 1.90GHz,0,,,,7.87811279296875,machine,0.0,0,0.0,0.0,N,1.0,0.0
2026-05-07T18:18:41,codecarbon,d4791970-23de-46df-94e1-249b3ac8d2fc,5b0fa12a-3dd7-45bb-9766-cc326314d9f1,1.509464200004004,1.8374125667077672e-06,1.217261440650857e-06,1.660006752,0.0,10.0,4.639792649958733e-07,0.0,2.7940986111288013e-06,3.2580778761246748e-06,0.0,Tunisia,TUN,,,,Windows-11-10.0.26200-SP0,3.13.3,3.2.6,8,Intel(R) Core(TM) i7-8650U CPU @ 1.90GHz,0,,,,7.87811279296875,machine,0.0,0,0.0,0.0,N,1.0,0.0
2026-05-07T18:18:44,codecarbon,c6fd8ed3-4b0d-4aa1-a505-4373978cda38,5b0fa12a-3dd7-45bb-9766-cc326314d9f1,1.505600799981039,1.835775972715208e-06,1.2192979525106036e-06,1.6774474560000003,0.0,10.0,4.679344984935618e-07,0.0,2.787241388836669e-06,3.2551758873302307e-06,0.0,Tunisia,TUN,,,,Windows-11-10.0.26200-SP0,3.13.3,3.2.6,8,Intel(R) Core(TM) i7-8650U CPU @ 1.90GHz,0,,,,7.87811279296875,machine,0.0,0,0.0,0.0,N,1.0,0.0
2026-05-07T18:18:47,codecarbon,7ad36b76-9718-4388-83d4-11b8dea5da19,5b0fa12a-3dd7-45bb-9766-cc326314d9f1,1.5037309000035748,1.819093563839092e-06,1.2097201459614666e-06,1.584098304,0.0,10.0,4.4123817380862613e-07,0.0,2.7843566666383093e-06,3.2255948404469352e-06,0.0,Tunisia,TUN,,,,Windows-11-10.0.26200-SP0,3.13.3,3.2.6,8,Intel(R) Core(TM) i7-8650U CPU @ 1.90GHz,0,,,,7.87811279296875,machine,0.0,0,0.0,0.0,N,1.0,0.0
2026-05-07T18:18:50,codecarbon,a1b4a610-e80b-4840-8e15-aca5ef777429,5b0fa12a-3dd7-45bb-9766-cc326314d9f1,1.5034463999909349,1.829339069525304e-06,1.2167637433142507e-06,1.651732224,0.0,10.0,4.599517701777614e-07,0.0,2.7838102777928324e-06,3.2437620479705937e-06,0.0,Tunisia,TUN,,,,Windows-11-10.0.26200-SP0,3.13.3,3.2.6,8,Intel(R) Core(TM) i7-8650U CPU @ 1.90GHz,0,,,,7.87811279296875,machine,0.0,0,0.0,0.0,N,1.0,0.0
2026-05-07T18:18:53,codecarbon,b497a3a1-233f-4f33-b07c-f5ad618e88a3,5b0fa12a-3dd7-45bb-9766-cc326314d9f1,1.504744900012156,1.832152154224987e-06,1.2175832290311709e-06,1.6621213515000002,0.0,10.0,4.631276759546655e-07,0.0,2.785622499989889e-06,3.2487501759445543e-06,0.0,Tunisia,TUN,,,,Windows-11-10.0.26200-SP0,3.13.3,3.2.6,8,Intel(R) Core(TM) i7-8650U CPU @ 1.90GHz,0,,,,7.87811279296875,machine,0.0,0,0.0,0.0,N,1.0,0.0
2026-05-07T18:18:56,codecarbon,fbb4d706-a759-4f7c-a8ca-f1c3c7879e74,5b0fa12a-3dd7-45bb-9766-cc326314d9f1,1.6734958999732044,2.1148821274379354e-06,1.263751006185195e-06,1.5123210855,0.0,10.0,4.927118991592541e-07,0.0,3.257371666647184e-06,3.750083565806438e-06,0.0,Tunisia,TUN,,,,Windows-11-10.0.26200-SP0,3.13.3,3.2.6,8,Intel(R) Core(TM) i7-8650U CPU @ 1.90GHz,0,,,,7.87811279296875,machine,0.0,0,0.0,0.0,N,1.0,0.0
2026-05-07T18:18:59,codecarbon,e2744fcc-3a84-46c8-bda4-bbb3c71b42b4,5b0fa12a-3dd7-45bb-9766-cc326314d9f1,1.7805300999898463,2.318096795334826e-06,1.301913848773489e-06,1.5640120320000002,0.0,10.0,5.560055388171503e-07,0.0,3.5544158333019977e-06,4.110421372119148e-06,0.0,Tunisia,TUN,,,,Windows-11-10.0.26200-SP0,3.13.3,3.2.6,8,Intel(R) Core(TM) i7-8650U CPU @ 1.90GHz,0,,,,7.87811279296875,machine,0.0,0,0.0,0.0,N,1.0,0.0
2026-05-07T18:19:03,codecarbon,3b604872-5eb8-4656-8d51-4a427d728da3,5b0fa12a-3dd7-45bb-9766-cc326314d9f1,1.678485600015847,2.121835147632494e-06,1.2641366405600747e-06,1.501000188,0.0,10.0,4.911222998795748e-07,0.0,3.2712902777550173e-06,3.762412577634592e-06,0.0,Tunisia,TUN,,,,Windows-11-10.0.26200-SP0,3.13.3,3.2.6,8,Intel(R) Core(TM) i7-8650U CPU @ 1.90GHz,0,,,,7.87811279296875,machine,0.0,0,0.0,0.0,N,1.0,0.0
2026-05-07T18:19:06,codecarbon,a2b2c150-530b-4fae-9a72-29e9dc80d74d,5b0fa12a-3dd7-45bb-9766-cc326314d9f1,1.6622348999953829,2.092335471867808e-06,1.25874837056641e-06,1.501898208,0.0,10.0,4.845416071998601e-07,0.0,3.2255624999783727e-06,3.7101041071782327e-06,0.0,Tunisia,TUN,,,,Windows-11-10.0.26200-SP0,3.13.3,3.2.6,8,Intel(R) Core(TM) i7-8650U CPU @ 1.90GHz,0,,,,7.87811279296875,machine,0.0,0,0.0,0.0,N,1.0,0.0
2026-05-07T18:19:09,codecarbon,f7f8092d-8b44-4590-b3fa-93e2ddbba166,5b0fa12a-3dd7-45bb-9766-cc326314d9f1,1.6845604999980424,2.1325623104632982e-06,1.2659458122553489e-06,1.5033756345000002,0.0,10.0,4.943102427043406e-07,0.0,3.2871236111127977e-06,3.7814338538171376e-06,0.0,Tunisia,TUN,,,,Windows-11-10.0.26200-SP0,3.13.3,3.2.6,8,Intel(R) Core(TM) i7-8650U CPU @ 1.90GHz,0,,,,7.87811279296875,machine,0.0,0,0.0,0.0,N,1.0,0.0
2026-05-07T18:19:12,codecarbon,bca3e393-57b1-4499-a06b-3544af174347,5b0fa12a-3dd7-45bb-9766-cc326314d9f1,1.6624460000020918,2.0918491710188547e-06,1.2582960114290763e-06,1.5005788125,0.0,10.0,4.84076804415754e-07,0.0,3.2251649999428386e-06,3.7092418043585927e-06,0.0,Tunisia,TUN,,,,Windows-11-10.0.26200-SP0,3.13.3,3.2.6,8,Intel(R) Core(TM) i7-8650U CPU @ 1.90GHz,0,,,,7.87811279296875,machine,0.0,0,0.0,0.0,N,1.0,0.0
2026-05-07T18:19:15,codecarbon,9b0d410b-9411-4c61-b2d7-736f1ab44dd9,5b0fa12a-3dd7-45bb-9766-cc326314d9f1,1.6885509999992792,2.139810223762399e-06,1.2672464283064665e-06,1.5005788125,0.0,10.0,4.951768776738688e-07,0.0,3.299108888879548e-06,3.7942857665534167e-06,0.0,Tunisia,TUN,,,,Windows-11-10.0.26200-SP0,3.13.3,3.2.6,8,Intel(R) Core(TM) i7-8650U CPU @ 1.90GHz,0,,,,7.87811279296875,machine,0.0,0,0.0,0.0,N,1.0,0.0
2026-05-07T18:19:18,codecarbon,66aec89b-bedd-47a3-8552-bac2a0e75549,5b0fa12a-3dd7-45bb-9766-cc326314d9f1,1.656793600006495,2.081924297632331e-06,1.2565984668362857e-06,1.5001642545000002,0.0,10.0,4.816411937201523e-07,0.0,3.210001944454335e-06,3.691643138174487e-06,0.0,Tunisia,TUN,,,,Windows-11-10.0.26200-SP0,3.13.3,3.2.6,8,Intel(R) Core(TM) i7-8650U CPU @ 1.90GHz,0,,,,7.87811279296875,machine,0.0,0,0.0,0.0,N,1.0,0.0
2026-05-07T18:19:22,codecarbon,c9bcc042-aa7e-440d-8e02-525792a9e86e,5b0fa12a-3dd7-45bb-9766-cc326314d9f1,1.7040026000177022,2.1688701547360564e-06,1.2728091815784346e-06,1.5082906875,0.0,10.0,5.0416476455359e-07,0.0,3.3416497222788166e-06,3.845814486832406e-06,0.0,Tunisia,TUN,,,,Windows-11-10.0.26200-SP0,3.13.3,3.2.6,8,Intel(R) Core(TM) i7-8650U CPU @ 1.90GHz,0,,,,7.87811279296875,machine,0.0,0,0.0,0.0,N,1.0,0.0
2026-05-07T18:19:25,codecarbon,0ee213f2-dc1d-42d8-96f0-0c10bd904999,5b0fa12a-3dd7-45bb-9766-cc326314d9f1,1.6753229000023566,2.182863265258753e-06,1.3029507716128528e-06,1.8681571635,0.0,10.0,6.093955132900526e-07,0.0,3.2612313889128725e-06,3.870626902202925e-06,0.0,Tunisia,TUN,,,,Windows-11-10.0.26200-SP0,3.13.3,3.2.6,8,Intel(R) Core(TM) i7-8650U CPU @ 1.90GHz,0,,,,7.87811279296875,machine,0.0,0,0.0,0.0,N,1.0,0.0
2026-05-07T18:19:28,codecarbon,e1d731e3-5fdb-491e-812b-480943cf934c,5b0fa12a-3dd7-45bb-9766-cc326314d9f1,1.7153201999899466,2.187619692673528e-06,1.2753418823414716e-06,1.5005788125,0.0,10.0,5.063262199354163e-07,0.0,3.3727347221833444e-06,3.879060942118761e-06,0.0,Tunisia,TUN,,,,Windows-11-10.0.26200-SP0,3.13.3,3.2.6,8,Intel(R) Core(TM) i7-8650U CPU @ 1.90GHz,0,,,,7.87811279296875,machine,0.0,0,0.0,0.0,N,1.0,0.0
2026-05-07T18:19:31,codecarbon,e1a79fc0-ae18-4bcb-9efd-8ee89619dc0c,5b0fa12a-3dd7-45bb-9766-cc326314d9f1,1.6863592999870889,2.1363502803728644e-06,1.2668416987940948e-06,1.5037074375,0.0,10.0,4.952664698925801e-07,0.0,3.292884166633788e-06,3.788150636526368e-06,0.0,Tunisia,TUN,,,,Windows-11-10.0.26200-SP0,3.13.3,3.2.6,8,Intel(R) Core(TM) i7-8650U CPU @ 1.90GHz,0,,,,7.87811279296875,machine,0.0,0,0.0,0.0,N,1.0,0.0
2026-05-07T18:19:34,codecarbon,89ec6963-9569-4ad2-bf14-7f74904937de,5b0fa12a-3dd7-45bb-9766-cc326314d9f1,1.6697365999862086,2.106346695127421e-06,1.261484413257048e-06,1.5026340120000004,0.0,10.0,4.879930843055213e-07,0.0,3.246955555530601e-06,3.7349486398361214e-06,0.0,Tunisia,TUN,,,,Windows-11-10.0.26200-SP0,3.13.3,3.2.6,8,Intel(R) Core(TM) i7-8650U CPU @ 1.90GHz,0,,,,7.87811279296875,machine,0.0,0,0.0,0.0,N,1.0,0.0
2026-05-07T18:19:37,codecarbon,85e7df9a-1a53-482f-a61e-a1094e92ac7b,5b0fa12a-3dd7-45bb-9766-cc326314d9f1,1.7004765000019688,2.1623557101186307e-06,1.27161752021632e-06,1.5071744535,0.0,10.0,5.023070408601243e-07,0.0,3.331956111085472e-06,3.834263151945596e-06,0.0,Tunisia,TUN,,,,Windows-11-10.0.26200-SP0,3.13.3,3.2.6,8,Intel(R) Core(TM) i7-8650U CPU @ 1.90GHz,0,,,,7.87811279296875,machine,0.0,0,0.0,0.0,N,1.0,0.0
2026-05-07T18:19:41,codecarbon,d736352c-5eb3-495c-8012-6cb10b271d15,5b0fa12a-3dd7-45bb-9766-cc326314d9f1,1.6723697999841534,2.111113397160327e-06,1.2623484334507422e-06,1.5040603005,0.0,10.0,4.895072874564998e-07,0.0,3.25389361112482e-06,3.74340089858132e-06,0.0,Tunisia,TUN,,,,Windows-11-10.0.26200-SP0,3.13.3,3.2.6,8,Intel(R) Core(TM) i7-8650U CPU @ 1.90GHz,0,,,,7.87811279296875,machine,0.0,0,0.0,0.0,N,1.0,0.0
2026-05-07T18:19:44,codecarbon,836e2844-e3d3-4cfa-b144-de3a21904670,5b0fa12a-3dd7-45bb-9766-cc326314d9f1,1.5044288000208326,1.93886557261323e-06,1.2887719063782756e-06,2.3320033125000004,0.0,10.0,6.503064599505534e-07,0.0,2.7876666666998063e-06,3.43797312665036e-06,0.0,Tunisia,TUN,,,,Windows-11-10.0.26200-SP0,3.13.3,3.2.6,8,Intel(R) Core(TM) i7-8650U CPU @ 1.90GHz,0,,,,7.87811279296875,machine,0.0,0,0.0,0.0,N,1.0,0.0
2026-05-07T18:19:47,codecarbon,237cdbc1-fb94-43f6-9211-dd38bdc55a44,5b0fa12a-3dd7-45bb-9766-cc326314d9f1,1.5053879000188315,1.8235645040573983e-06,1.2113585502013043e-06,1.5897030720000005,0.0,10.0,4.4360765788364e-07,0.0,2.789915000014136e-06,3.233522657897776e-06,0.0,Tunisia,TUN,,,,Windows-11-10.0.26200-SP0,3.13.3,3.2.6,8,Intel(R) Core(TM) i7-8650U CPU @ 1.90GHz,0,,,,7.87811279296875,machine,0.0,0,0.0,0.0,N,1.0,0.0
2026-05-07T18:19:50,codecarbon,950c76d9-b26d-4424-806b-73a83f0258a1,5b0fa12a-3dd7-45bb-9766-cc326314d9f1,1.5055638999911023,1.832969606246969e-06,1.2174638394675918e-06,1.6497091545,0.0,10.0,4.603874498621553e-07,0.0,2.7898122221813536e-06,3.250199672043509e-06,0.0,Tunisia,TUN,,,,Windows-11-10.0.26200-SP0,3.13.3,3.2.6,8,Intel(R) Core(TM) i7-8650U CPU @ 1.90GHz,0,,,,7.87811279296875,machine,0.0,0,0.0,0.0,N,1.0,0.0
2026-05-07T18:19:53,codecarbon,3d64f7f0-e2b1-49ac-9ff3-7290754f88bf,5b0fa12a-3dd7-45bb-9766-cc326314d9f1,1.5041499999933876,1.8986015362933944e-06,1.2622421542410935e-06,2.0837879385000004,0.0,10.0,5.807765881469989e-07,0.0,2.785800833306793e-06,3.366577421453792e-06,0.0,Tunisia,TUN,,,,Windows-11-10.0.26200-SP0,3.13.3,3.2.6,8,Intel(R) Core(TM) i7-8650U CPU @ 1.90GHz,0,,,,7.87811279296875,machine,0.0,0,0.0,0.0,N,1.0,0.0
2026-05-07T18:19:56,codecarbon,5ac15377-c481-4730-8134-3b2016efcac5,5b0fa12a-3dd7-45bb-9766-cc326314d9f1,1.5032346999796573,1.8805884307406088e-06,1.2510278207162583e-06,1.976381952,0.0,10.0,5.504192992565285e-07,0.0,2.7842174999629304e-06,3.334636799219459e-06,0.0,Tunisia,TUN,,,,Windows-11-10.0.26200-SP0,3.13.3,3.2.6,8,Intel(R) Core(TM) i7-8650U CPU @ 1.90GHz,0,,,,7.87811279296875,machine,0.0,0,0.0,0.0,N,1.0,0.0
2026-05-07T18:19:59,codecarbon,84ee9cba-b17d-4dd1-b5f3-31c0f3e6b5b8,5b0fa12a-3dd7-45bb-9766-cc326314d9f1,1.5039323999953922,1.8320298796822995e-06,1.2181597255886718e-06,1.6621213515000002,0.0,10.0,4.631144713308801e-07,0.0,2.785418888864418e-06,3.248533360195298e-06,0.0,Tunisia,TUN,,,,Windows-11-10.0.26200-SP0,3.13.3,3.2.6,8,Intel(R) Core(TM) i7-8650U CPU @ 1.90GHz,0,,,,7.87811279296875,machine,0.0,0,0.0,0.0,N,1.0,0.0
2026-05-07T18:20:02,codecarbon,9f3e3fe5-665f-4532-bcfe-d44ecf3d4c68,5b0fa12a-3dd7-45bb-9766-cc326314d9f1,1.503852800000459,1.8164812118338697e-06,1.2078849817171705e-06,1.5651619215000006,0.0,10.0,4.360059825940832e-07,0.0,2.784956666679743e-06,3.220962649273826e-06,0.0,Tunisia,TUN,,,,Windows-11-10.0.26200-SP0,3.13.3,3.2.6,8,Intel(R) Core(TM) i7-8650U CPU @ 1.90GHz,0,,,,7.87811279296875,machine,0.0,0,0.0,0.0,N,1.0,0.0
2026-05-07T18:20:05,codecarbon,d5fbbe99-a286-4b63-9df3-621894ae2f04,5b0fa12a-3dd7-45bb-9766-cc326314d9f1,1.5041031999862753,1.8641016427558264e-06,1.2393442436481992e-06,1.8608671365,0.0,10.0,5.186859582880048e-07,0.0,2.786716666661152e-06,3.305402624949156e-06,0.0,Tunisia,TUN,,,,Windows-11-10.0.26200-SP0,3.13.3,3.2.6,8,Intel(R) Core(TM) i7-8650U CPU @ 1.90GHz,0,,,,7.87811279296875,machine,0.0,0,0.0,0.0,N,1.0,0.0
2026-05-07T18:20:08,codecarbon,e30cc2cc-c13c-437b-8ea1-aa67e40d371a,5b0fa12a-3dd7-45bb-9766-cc326314d9f1,1.5038647999754176,1.8280754184076864e-06,1.215584950480634e-06,1.6379472255,0.0,10.0,4.563294126092964e-07,0.0,2.78519194438963e-06,3.2415213569989265e-06,0.0,Tunisia,TUN,,,,Windows-11-10.0.26200-SP0,3.13.3,3.2.6,8,Intel(R) Core(TM) i7-8650U CPU @ 1.90GHz,0,,,,7.87811279296875,machine,0.0,0,0.0,0.0,N,1.0,0.0
2026-05-07T18:20:11,codecarbon,abc089aa-7fd2-451a-9b47-700a64598352,5b0fa12a-3dd7-45bb-9766-cc326314d9f1,1.5039649999816902,1.890477789769797e-06,1.2569958674522429e-06,2.0352995835,0.0,10.0,5.67048880670167e-07,0.0,2.7851236111018807e-06,3.352172491772048e-06,0.0,Tunisia,TUN,,,,Windows-11-10.0.26200-SP0,3.13.3,3.2.6,8,Intel(R) Core(TM) i7-8650U CPU @ 1.90GHz,0,,,,7.87811279296875,machine,0.0,0,0.0,0.0,N,1.0,0.0
2026-05-07T18:20:14,codecarbon,ebb3c1c8-7d75-417b-8836-d7e9d4dd1460,5b0fa12a-3dd7-45bb-9766-cc326314d9f1,1.5024786999856587,1.8201163337816244e-06,1.2114090760814097e-06,1.5970522695000002,0.0,10.0,4.4455507047682747e-07,0.0,2.782853333337698e-06,3.2274084038145254e-06,0.0,Tunisia,TUN,,,,Windows-11-10.0.26200-SP0,3.13.3,3.2.6,8,Intel(R) Core(TM) i7-8650U CPU @ 1.90GHz,0,,,,7.87811279296875,machine,0.0,0,0.0,0.0,N,1.0,0.0
2026-05-07T18:20:17,codecarbon,6f8794ec-2852-4428-9b1b-e3c154fcbbc5,5b0fa12a-3dd7-45bb-9766-cc326314d9f1,1.504110200010473,1.8190679030820328e-06,1.209398023542003e-06,1.5723515625000002,0.0,10.0,4.383601723991168e-07,0.0,2.7871891667018643e-06,3.225549339100981e-06,0.0,Tunisia,TUN,,,,Windows-11-10.0.26200-SP0,3.13.3,3.2.6,8,Intel(R) Core(TM) i7-8650U CPU @ 1.90GHz,0,,,,7.87811279296875,machine,0.0,0,0.0,0.0,N,1.0,0.0
2026-05-07T18:20:20,codecarbon,84b4c867-b568-4efc-8924-257e47dfceb1,5b0fa12a-3dd7-45bb-9766-cc326314d9f1,1.503912499989383,1.836342452595755e-06,1.221043413502261e-06,1.6937102445,0.0,10.0,4.71801195996931e-07,0.0,2.784379166647947e-06,3.2561803626448783e-06,0.0,Tunisia,TUN,,,,Windows-11-10.0.26200-SP0,3.13.3,3.2.6,8,Intel(R) Core(TM) i7-8650U CPU @ 1.90GHz,0,,,,7.87811279296875,machine,0.0,0,0.0,0.0,N,1.0,0.0
2026-05-07T18:20:23,codecarbon,3b5f5ce7-5f74-472e-ac2e-510f69f5e5a7,5b0fa12a-3dd7-45bb-9766-cc326314d9f1,1.503756299993256,1.8199341496805787e-06,1.2102587032810706e-06,1.5882792405,0.0,10.0,4.424125794254217e-07,0.0,2.784672777731127e-06,3.2270853571565488e-06,0.0,Tunisia,TUN,,,,Windows-11-10.0.26200-SP0,3.13.3,3.2.6,8,Intel(R) Core(TM) i7-8650U CPU @ 1.90GHz,0,,,,7.87811279296875,machine,0.0,0,0.0,0.0,N,1.0,0.0
2026-05-07T18:20:26,codecarbon,fa528eb9-9cdc-403f-be35-53ca840e95f0,5b0fa12a-3dd7-45bb-9766-cc326314d9f1,1.5042415999923833,1.829824141330028e-06,1.2164429845174422e-06,1.6457171235,0.0,10.0,4.586268936871379e-07,0.0,2.7859952777766418e-06,3.24462217146378e-06,0.0,Tunisia,TUN,,,,Windows-11-10.0.26200-SP0,3.13.3,3.2.6,8,Intel(R) Core(TM) i7-8650U CPU @ 1.90GHz,0,,,,7.87811279296875,machine,0.0,0,0.0,0.0,N,1.0,0.0
2026-05-07T18:20:29,codecarbon,930e83ba-199d-46de-9e7e-8c66b0587214,5b0fa12a-3dd7-45bb-9766-cc326314d9f1,1.5039633999986108,1.8256013870850715e-06,1.2138602489174654e-06,1.6197415305000002,0.0,10.0,4.513702677940304e-07,0.0,2.78576416660346e-06,3.23713443439749e-06,0.0,Tunisia,TUN,,,,Windows-11-10.0.26200-SP0,3.13.3,3.2.6,8,Intel(R) Core(TM) i7-8650U CPU @ 1.90GHz,0,,,,7.87811279296875,machine,0.0,0,0.0,0.0,N,1.0,0.0
2026-05-07T18:20:32,codecarbon,860f35f4-7158-47a7-98cf-49dcf1e5ee3b,5b0fa12a-3dd7-45bb-9766-cc326314d9f1,1.503821100021014,1.937076162570793e-06,1.2881027953017314e-06,2.3320033125000004,0.0,10.0,6.497498884971831e-07,0.0,2.78505027777606e-06,3.4348001662732423e-06,0.0,Tunisia,TUN,,,,Windows-11-10.0.26200-SP0,3.13.3,3.2.6,8,Intel(R) Core(TM) i7-8650U CPU @ 1.90GHz,0,,,,7.87811279296875,machine,0.0,0,0.0,0.0,N,1.0,0.0
2026-05-07T18:20:35,codecarbon,345f0fbb-b935-4cdd-a705-d663111b7f8c,5b0fa12a-3dd7-45bb-9766-cc326314d9f1,1.5030023000144863,1.8581421859528188e-06,1.2362869876745426e-06,1.836110688,0.0,10.0,5.112870544085646e-07,0.0,2.783548333374913e-06,3.294835387783477e-06,0.0,Tunisia,TUN,,,,Windows-11-10.0.26200-SP0,3.13.3,3.2.6,8,Intel(R) Core(TM) i7-8650U CPU @ 1.90GHz,0,,,,7.87811279296875,machine,0.0,0,0.0,0.0,N,1.0,0.0
2026-05-07T18:20:38,codecarbon,a1ccc98d-1328-4cd2-8e27-9030e45dbd5c,5b0fa12a-3dd7-45bb-9766-cc326314d9f1,1.5073673000151755,3.3314315590351025e-06,2.2100993958151822e-06,11.145979284,0.0,10.0,3.114286616187005e-06,0.0,2.7929677778350496e-06,5.907254394022056e-06,0.0,Tunisia,TUN,,,,Windows-11-10.0.26200-SP0,3.13.3,3.2.6,8,Intel(R) Core(TM) i7-8650U CPU @ 1.90GHz,0,,,,7.87811279296875,machine,0.0,0,0.0,0.0,N,1.0,0.0
2026-05-07T18:20:41,codecarbon,d661876f-c924-431b-a1d5-6993b72eb4e9,5b0fa12a-3dd7-45bb-9766-cc326314d9f1,1.5095939000020735,2.343136323321404e-06,1.5521633489100515e-06,4.907885568,0.0,10.0,1.3681986621448423e-06,0.0,2.7866225000050488e-06,4.154821162149891e-06,0.0,Tunisia,TUN,,,,Windows-11-10.0.26200-SP0,3.13.3,3.2.6,8,Intel(R) Core(TM) i7-8650U CPU @ 1.90GHz,0,,,,7.87811279296875,machine,0.0,0,0.0,0.0,N,1.0,0.0
2026-05-07T18:20:45,codecarbon,cbdb3804-69c9-4c24-bfd8-42d5b3f36f8d,5b0fa12a-3dd7-45bb-9766-cc326314d9f1,1.5047129000013229,1.8348407190671028e-06,1.219395885464589e-06,1.6707660495000003,0.0,10.0,4.658913957259321e-07,0.0,2.7876261110779725e-06,3.2535175068039046e-06,0.0,Tunisia,TUN,,,,Windows-11-10.0.26200-SP0,3.13.3,3.2.6,8,Intel(R) Core(TM) i7-8650U CPU @ 1.90GHz,0,,,,7.87811279296875,machine,0.0,0,0.0,0.0,N,1.0,0.0
2026-05-07T18:20:48,codecarbon,3d7cd582-ffc2-4a56-bfbe-dd25b8a0e0c6,5b0fa12a-3dd7-45bb-9766-cc326314d9f1,1.5221727000025569,1.8999638131974893e-06,1.2481920173672137e-06,1.879275264,0.0,10.0,5.330960500319374e-07,0.0,2.8358969444525428e-06,3.36899299448448e-06,0.0,Tunisia,TUN,,,,Windows-11-10.0.26200-SP0,3.13.3,3.2.6,8,Intel(R) Core(TM) i7-8650U CPU @ 1.90GHz,0,,,,7.87811279296875,machine,0.0,0,0.0,0.0,N,1.0,0.0
2026-05-07T18:20:51,codecarbon,2ff1d381-a537-4c96-baab-5dd39161325f,5b0fa12a-3dd7-45bb-9766-cc326314d9f1,1.5042063999862876,2.4509727299599488e-06,1.6294125127923217e-06,5.5967700480000016,0.0,10.0,1.5599684376988124e-06,0.0,2.786066944423106e-06,4.346035382121919e-06,0.0,Tunisia,TUN,,,,Windows-11-10.0.26200-SP0,3.13.3,3.2.6,8,Intel(R) Core(TM) i7-8650U CPU @ 1.90GHz,0,,,,7.87811279296875,machine,0.0,0,0.0,0.0,N,1.0,0.0
2026-05-07T18:20:55,codecarbon,9afc5543-fa5d-4b46-b4fd-2ec5a5410c14,5b0fa12a-3dd7-45bb-9766-cc326314d9f1,1.5054478000092786,1.9228200565031515e-06,1.2772412676755053e-06,2.217624576,0.0,10.0,6.190064103082735e-07,0.0,2.7905150000555696e-06,3.409521410363843e-06,0.0,Tunisia,TUN,,,,Windows-11-10.0.26200-SP0,3.13.3,3.2.6,8,Intel(R) Core(TM) i7-8650U CPU @ 1.90GHz,0,,,,7.87811279296875,machine,0.0,0,0.0,0.0,N,1.0,0.0
2026-05-07T18:20:58,codecarbon,5020b8e7-c0c4-406e-9e07-86b3cbedde26,5b0fa12a-3dd7-45bb-9766-cc326314d9f1,1.5040069000096992,1.8262278606648525e-06,1.2142416771180203e-06,1.6286297280000002,0.0,10.0,4.538027898399792e-07,0.0,2.784442499978468e-06,3.238245289818448e-06,0.0,Tunisia,TUN,,,,Windows-11-10.0.26200-SP0,3.13.3,3.2.6,8,Intel(R) Core(TM) i7-8650U CPU @ 1.90GHz,0,,,,7.87811279296875,machine,0.0,0,0.0,0.0,N,1.0,0.0
2026-05-07T18:21:01,codecarbon,fabee195-023a-4747-b017-c1a0210198fa,5b0fa12a-3dd7-45bb-9766-cc326314d9f1,1.502965799998492,1.8203390252227768e-06,1.2111646354325582e-06,1.5970522695000002,0.0,10.0,4.446174442376941e-07,0.0,2.783185833363354e-06,3.227803277601048e-06,0.0,Tunisia,TUN,,,,Windows-11-10.0.26200-SP0,3.13.3,3.2.6,8,Intel(R) Core(TM) i7-8650U CPU @ 1.90GHz,0,,,,7.87811279296875,machine,0.0,0,0.0,0.0,N,1.0,0.0
2026-05-07T18:21:04,codecarbon,5376f445-1f4f-46fc-96fc-2e849ee1030c,5b0fa12a-3dd7-45bb-9766-cc326314d9f1,1.50534649999463,1.8742099507917224e-06,1.2450355787178622e-06,1.9139680095,0.0,10.0,5.340568329941207e-07,0.0,2.7892697222543777e-06,3.3233265552484986e-06,0.0,Tunisia,TUN,,,,Windows-11-10.0.26200-SP0,3.13.3,3.2.6,8,Intel(R) Core(TM) i7-8650U CPU @ 1.90GHz,0,,,,7.87811279296875,machine,0.0,0,0.0,0.0,N,1.0,0.0
2026-05-07T18:21:08,codecarbon,e8d8edee-8c37-44e2-89dd-ed9dcb4aa7e1,5b0fa12a-3dd7-45bb-9766-cc326314d9f1,1.5033695999882184,1.876907635553024e-06,1.248467200326342e-06,1.9549266045,0.0,10.0,5.443917240630473e-07,0.0,2.783718333375873e-06,3.3281100574389205e-06,0.0,Tunisia,TUN,,,,Windows-11-10.0.26200-SP0,3.13.3,3.2.6,8,Intel(R) Core(TM) i7-8650U CPU @ 1.90GHz,0,,,,7.87811279296875,machine,0.0,0,0.0,0.0,N,1.0,0.0
2026-05-07T18:21:11,codecarbon,18c5d91c-62be-420d-893f-afb98bdc978f,5b0fa12a-3dd7-45bb-9766-cc326314d9f1,1.504127599997446,1.996549408406405e-06,1.3273803422062032e-06,2.7057474105000003,0.0,10.0,7.540979663925034e-07,0.0,2.7861594444806945e-06,3.540257410873198e-06,0.0,Tunisia,TUN,,,,Windows-11-10.0.26200-SP0,3.13.3,3.2.6,8,Intel(R) Core(TM) i7-8650U CPU @ 1.90GHz,0,,,,7.87811279296875,machine,0.0,0,0.0,0.0,N,1.0,0.0
2026-05-07T18:21:14,codecarbon,66dc7b26-eaa0-4211-961d-75e4d7b3a658,5b0fa12a-3dd7-45bb-9766-cc326314d9f1,1.508939699997427,1.866373677559289e-06,1.2368775754011055e-06,1.8536739855000004,0.0,10.0,5.17657203142113e-07,0.0,2.7917741666088763e-06,3.3094313697509894e-06,0.0,Tunisia,TUN,,,,Windows-11-10.0.26200-SP0,3.13.3,3.2.6,8,Intel(R) Core(TM) i7-8650U CPU @ 1.90GHz,0,,,,7.87811279296875,machine,0.0,0,0.0,0.0,N,1.0,0.0
2026-05-07T18:21:17,codecarbon,61195223-9c73-416c-9da4-cb99ade78d12,5b0fa12a-3dd7-45bb-9766-cc326314d9f1,1.505284599988954,2.0184488725043355e-06,1.3409084717395947e-06,2.8399134345,0.0,10.0,7.919995551348619e-07,0.0,2.787089722227797e-06,3.579089277362659e-06,0.0,Tunisia,TUN,,,,Windows-11-10.0.26200-SP0,3.13.3,3.2.6,8,Intel(R) Core(TM) i7-8650U CPU @ 1.90GHz,0,,,,7.87811279296875,machine,0.0,0,0.0,0.0,N,1.0,0.0
2026-05-07T18:21:21,codecarbon,86aaf775-157f-464a-b6e1-52c870fc23b9,5b0fa12a-3dd7-45bb-9766-cc326314d9f1,1.5049083000048995,1.9944394957513137e-06,1.325289717482999e-06,2.6896351875000004,0.0,10.0,7.498547501684942e-07,0.0,2.786661388947525e-06,3.536516139116019e-06,0.0,Tunisia,TUN,,,,Windows-11-10.0.26200-SP0,3.13.3,3.2.6,8,Intel(R) Core(TM) i7-8650U CPU @ 1.90GHz,0,,,,7.87811279296875,machine,0.0,0,0.0,0.0,N,1.0,0.0
2026-05-07T18:21:24,codecarbon,330fa759-bb2e-4c40-9076-a6890c285e38,5b0fa12a-3dd7-45bb-9766-cc326314d9f1,1.50539590002154,1.924434204905756e-06,1.2783575436057852e-06,2.2349391765,0.0,10.0,6.235069322108624e-07,0.0,2.7888766666971305e-06,3.4123835989079928e-06,0.0,Tunisia,TUN,,,,Windows-11-10.0.26200-SP0,3.13.3,3.2.6,8,Intel(R) Core(TM) i7-8650U CPU @ 1.90GHz,0,,,,7.87811279296875,machine,0.0,0,0.0,0.0,N,1.0,0.0
2026-05-07T18:21:28,codecarbon,c69d797a-39de-4495-b252-443cb2aaa345,5b0fa12a-3dd7-45bb-9766-cc326314d9f1,1.504884800000582,1.8634300921361435e-06,1.2382543116492525e-06,1.850113536,0.0,10.0,5.160301728029918e-07,0.0,2.788181666659916e-06,3.304211839462908e-06,0.0,Tunisia,TUN,,,,Windows-11-10.0.26200-SP0,3.13.3,3.2.6,8,Intel(R) Core(TM) i7-8650U CPU @ 1.90GHz,0,,,,7.87811279296875,machine,0.0,0,0.0,0.0,N,1.0,0.0
2026-05-07T18:21:31,codecarbon,8a72097f-ce8a-490b-b9ea-a9053b1650c3,5b0fa12a-3dd7-45bb-9766-cc326314d9f1,1.5045269000111148,1.838398825679917e-06,1.2219115694550465e-06,1.6937102445,0.0,10.0,4.722791986634439e-07,0.0,2.7875475000150293e-06,3.259826698678473e-06,0.0,Tunisia,TUN,,,,Windows-11-10.0.26200-SP0,3.13.3,3.2.6,8,Intel(R) Core(TM) i7-8650U CPU @ 1.90GHz,0,,,,7.87811279296875,machine,0.0,0,0.0,0.0,N,1.0,0.0
2026-05-07T18:21:35,codecarbon,45d72c30-e235-4b5e-82d4-26743ad5dc97,5b0fa12a-3dd7-45bb-9766-cc326314d9f1,1.5215015000139829,2.2876921101229745e-06,1.503575323522159e-06,4.416,0.0,10.0,1.243077872010569e-06,0.0,2.81343027777944e-06,4.056508149790009e-06,0.0,Tunisia,TUN,,,,Windows-11-10.0.26200-SP0,3.13.3,3.2.6,8,Intel(R) Core(TM) i7-8650U CPU @ 1.90GHz,0,,,,7.87811279296875,machine,0.0,0,0.0,0.0,N,1.0,0.0
2026-05-07T18:21:39,codecarbon,18318e75-f6bc-450f-b61d-7bb83f9b07f5,5b0fa12a-3dd7-45bb-9766-cc326314d9f1,1.5132083999924362,1.919945555532425e-06,1.2687912355905648e-06,2.1142404555000005,0.0,10.0,5.94364379830096e-07,0.0,2.810059999966244e-06,3.40442437979634e-06,0.0,Tunisia,TUN,,,,Windows-11-10.0.26200-SP0,3.13.3,3.2.6,8,Intel(R) Core(TM) i7-8650U CPU @ 1.90GHz,0,,,,7.87811279296875,machine,0.0,0,0.0,0.0,N,1.0,0.0
2026-05-07T18:21:42,codecarbon,2761df81-affc-4efb-a89f-f0d161f550df,5b0fa12a-3dd7-45bb-9766-cc326314d9f1,1.50378230001661,1.8367404323733008e-06,1.2214137859935004e-06,1.6937102445,0.0,10.0,4.718793889461429e-07,0.0,2.785006666656247e-06,3.25688605560239e-06,0.0,Tunisia,TUN,,,,Windows-11-10.0.26200-SP0,3.13.3,3.2.6,8,Intel(R) Core(TM) i7-8650U CPU @ 1.90GHz,0,,,,7.87811279296875,machine,0.0,0,0.0,0.0,N,1.0,0.0
2026-05-07T18:21:45,codecarbon,a863e37d-159a-4c26-befd-c47aedc461ce,5b0fa12a-3dd7-45bb-9766-cc326314d9f1,1.5035621999995783,1.8476479306146163e-06,1.2288470211708798e-06,1.7657205,0.0,10.0,4.917871003268029e-07,0.0,2.784440000040276e-06,3.276227100367079e-06,0.0,Tunisia,TUN,,,,Windows-11-10.0.26200-SP0,3.13.3,3.2.6,8,Intel(R) Core(TM) i7-8650U CPU @ 1.90GHz,0,,,,7.87811279296875,machine,0.0,0,0.0,0.0,N,1.0,0.0
2026-05-07T18:21:48,codecarbon,f77c665a-27f3-4aa8-95ba-b018426e0626,5b0fa12a-3dd7-45bb-9766-cc326314d9f1,1.5036357000062708,1.864145288359676e-06,1.2397585986764625e-06,1.871838708,0.0,10.0,5.213364056510806e-07,0.0,2.7841436111581665e-06,3.305480016809247e-06,0.0,Tunisia,TUN,,,,Windows-11-10.0.26200-SP0,3.13.3,3.2.6,8,Intel(R) Core(TM) i7-8650U CPU @ 1.90GHz,0,,,,7.87811279296875,machine,0.0,0,0.0,0.0,N,1.0,0.0
2026-05-07T18:21:51,codecarbon,9f270ae9-1a92-4718-828c-e1431dd8bbe8,5b0fa12a-3dd7-45bb-9766-cc326314d9f1,1.5113313999900129,1.845500551414412e-06,1.2211091170517645e-06,1.6621213515000002,0.0,10.0,4.665627267416123e-07,0.0,2.8058566666408705e-06,3.2724193933824825e-06,0.0,Tunisia,TUN,,,,Windows-11-10.0.26200-SP0,3.13.3,3.2.6,8,Intel(R) Core(TM) i7-8650U CPU @ 1.90GHz,0,,,,7.87811279296875,machine,0.0,0,0.0,0.0,N,1.0,0.0
2026-05-07T18:21:54,codecarbon,08685020-a884-4c7f-a23e-efc704912930,5b0fa12a-3dd7-45bb-9766-cc326314d9f1,1.503538799996022,1.8210658419980088e-06,1.2111864635637115e-06,1.6001008125000002,0.0,10.0,4.455523381717412e-07,0.0,2.783539722198232e-06,3.229092060369973e-06,0.0,Tunisia,TUN,,,,Windows-11-10.0.26200-SP0,3.13.3,3.2.6,8,Intel(R) Core(TM) i7-8650U CPU @ 1.90GHz,0,,,,7.87811279296875,machine,0.0,0,0.0,0.0,N,1.0,0.0
2026-05-07T18:21:57,codecarbon,892abd86-58ca-4c6b-b8d9-6a5405d3a100,5b0fa12a-3dd7-45bb-9766-cc326314d9f1,1.5039529000059702,1.858214475423876e-06,1.2355536369632984e-06,1.8326693085,0.0,10.0,5.104580150754836e-07,0.0,2.784505555529096e-06,3.2949635706045795e-06,0.0,Tunisia,TUN,,,,Windows-11-10.0.26200-SP0,3.13.3,3.2.6,8,Intel(R) Core(TM) i7-8650U CPU @ 1.90GHz,0,,,,7.87811279296875,machine,0.0,0,0.0,0.0,N,1.0,0.0
2026-05-07T18:22:00,codecarbon,d6b9132f-7390-4d52-ad65-322e64bcc462,5b0fa12a-3dd7-45bb-9766-cc326314d9f1,1.5045879000099376,1.8654625040808888e-06,1.2398494658029402e-06,1.8681571635,0.0,10.0,5.208426323300639e-07,0.0,2.7869730555620563e-06,3.3078156878921203e-06,0.0,Tunisia,TUN,,,,Windows-11-10.0.26200-SP0,3.13.3,3.2.6,8,Intel(R) Core(TM) i7-8650U CPU @ 1.90GHz,0,,,,7.87811279296875,machine,0.0,0,0.0,0.0,N,1.0,0.0
2026-05-07T18:22:04,codecarbon,f0307b76-d665-4314-9efd-1598d913facf,5b0fa12a-3dd7-45bb-9766-cc326314d9f1,1.507520699989982,1.878142287830996e-06,1.2458484237353936e-06,1.9179484440000008,0.0,10.0,5.360934946576913e-07,0.0,2.7942058333590265e-06,3.3302993280167177e-06,0.0,Tunisia,TUN,,,,Windows-11-10.0.26200-SP0,3.13.3,3.2.6,8,Intel(R) Core(TM) i7-8650U CPU @ 1.90GHz,0,,,,7.87811279296875,machine,0.0,0,0.0,0.0,N,1.0,0.0
2026-05-07T18:22:07,codecarbon,470b57d4-b238-4d4c-b2ef-fd19453b96eb,5b0fa12a-3dd7-45bb-9766-cc326314d9f1,1.9571477000135928,2.627286506293385e-06,1.3424058420706509e-06,1.5184630185,0.0,10.0,6.142403508790234e-07,0.0,4.044432500005416e-06,4.658672850884439e-06,0.0,Tunisia,TUN,,,,Windows-11-10.0.26200-SP0,3.13.3,3.2.6,8,Intel(R) Core(TM) i7-8650U CPU @ 1.90GHz,0,,,,7.87811279296875,machine,0.0,0,0.0,0.0,N,1.0,0.0
2026-05-07T18:22:11,codecarbon,b26fb1a5-0a83-4c8d-b4fa-35497d3e7e10,5b0fa12a-3dd7-45bb-9766-cc326314d9f1,1.89247369999066,2.5059729140592813e-06,1.3241784623330031e-06,1.5010733445,0.0,10.0,5.800557696446537e-07,0.0,3.863505277776212e-06,4.443561047420865e-06,0.0,Tunisia,TUN,,,,Windows-11-10.0.26200-SP0,3.13.3,3.2.6,8,Intel(R) Core(TM) i7-8650U CPU @ 1.90GHz,0,,,,7.87811279296875,machine,0.0,0,0.0,0.0,N,1.0,0.0
2026-05-07T18:22:14,codecarbon,c3afe770-c906-41ae-8631-770d76316366,5b0fa12a-3dd7-45bb-9766-cc326314d9f1,1.879614200006472,2.4831587207244143e-06,1.3211002133926548e-06,1.5000925965000007,0.0,10.0,5.744302496332433e-07,0.0,3.828676944410998e-06,4.403107194044241e-06,0.0,Tunisia,TUN,,,,Windows-11-10.0.26200-SP0,3.13.3,3.2.6,8,Intel(R) Core(TM) i7-8650U CPU @ 1.90GHz,0,,,,7.87811279296875,machine,0.0,0,0.0,0.0,N,1.0,0.0
2026-05-07T18:22:18,codecarbon,62fdc3d0-ccb0-48d0-9645-0adbe8ef94d8,5b0fa12a-3dd7-45bb-9766-cc326314d9f1,1.9363541000057007,2.602689711747935e-06,1.3441186773329691e-06,1.5761366520000006,0.0,10.0,6.284464437974862e-07,0.0,3.9866116666720095e-06,4.615058110469496e-06,0.0,Tunisia,TUN,,,,Windows-11-10.0.26200-SP0,3.13.3,3.2.6,8,Intel(R) Core(TM) i7-8650U CPU @ 1.90GHz,0,,,,7.87811279296875,machine,0.0,0,0.0,0.0,N,1.0,0.0
2026-05-07T18:22:21,codecarbon,3aac3364-8c00-40df-ad4a-ee9f40261a57,5b0fa12a-3dd7-45bb-9766-cc326314d9f1,1.9674063000129536,2.643007131570529e-06,1.3433967002917124e-06,1.5061631955,0.0,10.0,6.135579191056355e-07,0.0,4.072990555545806e-06,4.686548474651442e-06,0.0,Tunisia,TUN,,,,Windows-11-10.0.26200-SP0,3.13.3,3.2.6,8,Intel(R) Core(TM) i7-8650U CPU @ 1.90GHz,0,,,,7.87811279296875,machine,0.0,0,0.0,0.0,N,1.0,0.0
2026-05-07T18:22:25,codecarbon,cfa412ed-916c-4581-b841-ba8a3eb0fa71,5b0fa12a-3dd7-45bb-9766-cc326314d9f1,2.023056900012307,2.766523337915409e-06,1.367496553309291e-06,1.6047922920000002,0.0,10.0,6.785103713523978e-07,0.0,4.227055555626673e-06,4.905565926979071e-06,0.0,Tunisia,TUN,,,,Windows-11-10.0.26200-SP0,3.13.3,3.2.6,8,Intel(R) Core(TM) i7-8650U CPU @ 1.90GHz,0,,,,7.87811279296875,machine,0.0,0,0.0,0.0,N,1.0,0.0
2026-05-07T18:22:29,codecarbon,02bef51d-20cf-478a-9d4e-ac9a80012613,5b0fa12a-3dd7-45bb-9766-cc326314d9f1,2.0409225999901537,2.7775227096420126e-06,1.360915259429933e-06,1.5135,0.0,10.0,6.475123807412699e-07,0.0,4.277557499962212e-06,4.925069880703482e-06,0.0,Tunisia,TUN,,,,Windows-11-10.0.26200-SP0,3.13.3,3.2.6,8,Intel(R) Core(TM) i7-8650U CPU @ 1.90GHz,0,,,,7.87811279296875,machine,0.0,0,0.0,0.0,N,1.0,0.0
2026-05-07T18:22:33,codecarbon,63b92d68-70e3-46b2-9dba-70bb6e081565,5b0fa12a-3dd7-45bb-9766-cc326314d9f1,1.8974828000064008,2.532145368775187e-06,1.334476058895841e-06,1.5761366520000006,0.0,10.0,6.114700072653081e-07,0.0,3.878499722244063e-06,4.489969729509371e-06,0.0,Tunisia,TUN,,,,Windows-11-10.0.26200-SP0,3.13.3,3.2.6,8,Intel(R) Core(TM) i7-8650U CPU @ 1.90GHz,0,,,,7.87811279296875,machine,0.0,0,0.0,0.0,N,1.0,0.0
2026-05-07T18:22:36,codecarbon,4c0e4e8f-d9de-424d-8f09-e65b68f3860d,5b0fa12a-3dd7-45bb-9766-cc326314d9f1,1.9397167999995872,2.619395482481949e-06,1.3504009876506233e-06,1.6214853120000003,0.0,10.0,6.481347490060249e-07,0.0,3.996545833312363e-06,4.6446805823183885e-06,0.0,Tunisia,TUN,,,,Windows-11-10.0.26200-SP0,3.13.3,3.2.6,8,Intel(R) Core(TM) i7-8650U CPU @ 1.90GHz,0,,,,7.87811279296875,machine,0.0,0,0.0,0.0,N,1.0,0.0
2026-05-07T18:22:40,codecarbon,b450cf97-ea72-421d-ba38-266647a38a20,5b0fa12a-3dd7-45bb-9766-cc326314d9f1,1.898875499988208,2.522427893511047e-06,1.3283798192807855e-06,1.518966528,0.0,10.0,5.898918747606351e-07,0.0,3.882846944422151e-06,4.472738819182785e-06,0.0,Tunisia,TUN,,,,Windows-11-10.0.26200-SP0,3.13.3,3.2.6,8,Intel(R) Core(TM) i7-8650U CPU @ 1.90GHz,0,,,,7.87811279296875,machine,0.0,0,0.0,0.0,N,1.0,0.0
2026-05-07T18:22:44,codecarbon,2785d58c-1cda-427d-9b15-d01a42168f19,5b0fa12a-3dd7-45bb-9766-cc326314d9f1,2.546872800012352,3.7891708240781207e-06,1.4877738786404032e-06,1.822777872,0.0,10.0,1.0360316008160385e-06,0.0,5.682880555589994e-06,6.718912156406033e-06,0.0,Tunisia,TUN,,,,Windows-11-10.0.26200-SP0,3.13.3,3.2.6,8,Intel(R) Core(TM) i7-8650U CPU @ 1.90GHz,0,,,,7.87811279296875,machine,0.0,0,91.4,7.202358245849609,N,1.0,0.0
2026-05-07T18:22:49,codecarbon,07e03318-253a-4cae-84d5-26e698feb4d2,5b0fa12a-3dd7-45bb-9766-cc326314d9f1,2.3205577000044286,3.2852009426933788e-06,1.415694573199843e-06,1.5233280000000002,0.0,10.0,7.701649319130463e-07,0.0,5.05511388894067e-06,5.825278820853717e-06,0.0,Tunisia,TUN,,,,Windows-11-10.0.26200-SP0,3.13.3,3.2.6,8,Intel(R) Core(TM) i7-8650U CPU @ 1.90GHz,0,,,,7.87811279296875,machine,0.0,0,0.0,0.0,N,1.0,0.0
2026-05-07T18:22:52,codecarbon,8ae1e761-01f6-41ba-a308-98cdff3f39b1,5b0fa12a-3dd7-45bb-9766-cc326314d9f1,1.9252478000125848,2.567940997546109e-06,1.3338236239144505e-06,1.5088897905,0.0,10.0,5.970537747879243e-07,0.0,3.956388333366097e-06,4.553442108154021e-06,0.0,Tunisia,TUN,,,,Windows-11-10.0.26200-SP0,3.13.3,3.2.6,8,Intel(R) Core(TM) i7-8650U CPU @ 1.90GHz,0,,,,7.87811279296875,machine,0.0,0,0.0,0.0,N,1.0,0.0
2026-05-07T18:22:56,codecarbon,141ba5b9-72b2-43fa-aeed-fd15c125b65b,5b0fa12a-3dd7-45bb-9766-cc326314d9f1,1.9096097000001464,2.539985755557128e-06,1.330107275616024e-06,1.5101732085,0.0,10.0,5.910094313384833e-07,0.0,3.912862777764935e-06,4.503872209103419e-06,0.0,Tunisia,TUN,,,,Windows-11-10.0.26200-SP0,3.13.3,3.2.6,8,Intel(R) Core(TM) i7-8650U CPU @ 1.90GHz,0,,,,7.87811279296875,machine,0.0,0,0.0,0.0,N,1.0,0.0
2026-05-07T18:22:59,codecarbon,0f9263f9-5af5-460c-8761-dabb1f7c997c,5b0fa12a-3dd7-45bb-9766-cc326314d9f1,1.8898868999967813,2.502230355563635e-06,1.3240106355400929e-06,1.5008008065,0.0,10.0,5.790931210508094e-07,0.0,3.857831666634108e-06,4.436924787684917e-06,0.0,Tunisia,TUN,,,,Windows-11-10.0.26200-SP0,3.13.3,3.2.6,8,Intel(R) Core(TM) i7-8650U CPU @ 1.90GHz,0,,,,7.87811279296875,machine,0.0,0,0.0,0.0,N,1.0,0.0
2026-05-07T18:23:02,codecarbon,90373484-d0ea-461a-90b7-f4f629c94a16,5b0fa12a-3dd7-45bb-9766-cc326314d9f1,1.5033531000080984,1.8249498007084949e-06,1.213919604581694e-06,1.6232459415,0.0,10.0,4.520234937221215e-07,0.0,2.783955555545011e-06,3.2359790492671323e-06,0.0,Tunisia,TUN,,,,Windows-11-10.0.26200-SP0,3.13.3,3.2.6,8,Intel(R) Core(TM) i7-8650U CPU @ 1.90GHz,0,,,,7.87811279296875,machine,0.0,0,0.0,0.0,N,1.0,0.0
2026-05-07T18:23:05,codecarbon,f359dab7-3a58-47ce-a3d4-4348983ceb0a,5b0fa12a-3dd7-45bb-9766-cc326314d9f1,1.5041539999947418,1.8249220278465748e-06,1.2132547783358316e-06,1.6163041875,0.0,10.0,4.503453582942918e-07,0.0,2.785584444467936e-06,3.235929802762228e-06,0.0,Tunisia,TUN,,,,Windows-11-10.0.26200-SP0,3.13.3,3.2.6,8,Intel(R) Core(TM) i7-8650U CPU @ 1.90GHz,0,,,,7.87811279296875,machine,0.0,0,0.0,0.0,N,1.0,0.0
2026-05-07T18:23:08,codecarbon,e84e96f1-8ba2-4597-be90-9f620490db60,5b0fa12a-3dd7-45bb-9766-cc326314d9f1,1.504704999999376,1.8477873384031268e-06,1.2280063789273598e-06,1.7540847960000003,0.0,10.0,4.8908235217506e-07,0.0,2.7873919444068128e-06,3.276474296581873e-06,0.0,Tunisia,TUN,,,,Windows-11-10.0.26200-SP0,3.13.3,3.2.6,8,Intel(R) Core(TM) i7-8650U CPU @ 1.90GHz,0,,,,7.87811279296875,machine,0.0,0,0.0,0.0,N,1.0,0.0
2026-05-07T18:23:12,codecarbon,10eb9690-814a-4bad-91cc-a6e367f47b6c,5b0fa12a-3dd7-45bb-9766-cc326314d9f1,1.5036650999973062,1.8250522304272284e-06,1.2137358447905042e-06,1.6197415305000002,0.0,10.0,4.51218731986842e-07,0.0,2.784941944426262e-06,3.236160676413104e-06,0.0,Tunisia,TUN,,,,Windows-11-10.0.26200-SP0,3.13.3,3.2.6,8,Intel(R) Core(TM) i7-8650U CPU @ 1.90GHz,0,,,,7.87811279296875,machine,0.0,0,0.0,0.0,N,1.0,0.0
2026-05-07T18:23:15,codecarbon,4653fc25-5454-4c75-84e9-60094a5cae6a,5b0fa12a-3dd7-45bb-9766-cc326314d9f1,1.5242951000109315,1.819636442881656e-06,1.1937560140871716e-06,1.584098304,0.0,10.0,4.413085781759142e-07,0.0,2.7852488888634577e-06,3.226557467039372e-06,0.0,Tunisia,TUN,,,,Windows-11-10.0.26200-SP0,3.13.3,3.2.6,8,Intel(R) Core(TM) i7-8650U CPU @ 1.90GHz,0,,,,7.87811279296875,machine,0.0,0,0.0,0.0,N,1.0,0.0
2026-05-07T18:23:18,codecarbon,8175741c-3180-43f4-acdd-09aec2adb9a1,5b0fa12a-3dd7-45bb-9766-cc326314d9f1,1.5039746999973431,1.816082547768352e-06,1.2075220067010168e-06,1.5640120320000002,0.0,10.0,4.356829651669909e-07,0.0,2.7845727777781173e-06,3.220255742945108e-06,0.0,Tunisia,TUN,,,,Windows-11-10.0.26200-SP0,3.13.3,3.2.6,8,Intel(R) Core(TM) i7-8650U CPU @ 1.90GHz,0,,,,7.87811279296875,machine,0.0,0,0.0,0.0,N,1.0,0.0
2026-05-07T18:23:21,codecarbon,1aba27cb-0ccf-42da-beb4-6c7247d933d4,5b0fa12a-3dd7-45bb-9766-cc326314d9f1,1.5064506999915466,2.0088855447247112e-06,1.3335222617879126e-06,2.763284964,0.0,10.0,7.715314217475416e-07,0.0,2.790600277755099e-06,3.5621316995026404e-06,0.0,Tunisia,TUN,,,,Windows-11-10.0.26200-SP0,3.13.3,3.2.6,8,Intel(R) Core(TM) i7-8650U CPU @ 1.90GHz,0,,,,7.87811279296875,machine,0.0,0,0.0,0.0,N,1.0,0.0
2026-05-07T18:23:24,codecarbon,828a0f96-ca0d-4612-980c-e9603ceea080,5b0fa12a-3dd7-45bb-9766-cc326314d9f1,1.5042249000107404,1.820502096504041e-06,1.2102592481290811e-06,1.5897030720000005,0.0,10.0,4.429046558646593e-07,0.0,2.7851877777720803e-06,3.22809243363674e-06,0.0,Tunisia,TUN,,,,Windows-11-10.0.26200-SP0,3.13.3,3.2.6,8,Intel(R) Core(TM) i7-8650U CPU @ 1.90GHz,0,,,,7.87811279296875,machine,0.0,0,0.0,0.0,N,1.0,0.0
2026-05-07T18:23:27,codecarbon,85dbe291-09ce-4768-b44b-5669e698afb8,5b0fa12a-3dd7-45bb-9766-cc326314d9f1,1.50382549999631,1.831845021812963e-06,1.2181233938495244e-06,1.660006752,0.0,10.0,4.625455724914728e-07,0.0,2.7856599999520567e-06,3.2482055724435293e-06,0.0,Tunisia,TUN,,,,Windows-11-10.0.26200-SP0,3.13.3,3.2.6,8,Intel(R) Core(TM) i7-8650U CPU @ 1.90GHz,0,,,,7.87811279296875,machine,0.0,0,0.0,0.0,N,1.0,0.0
2026-05-07T18:23:30,codecarbon,dd5e2d7b-d1fe-4e91-930d-00eb324659f1,5b0fa12a-3dd7-45bb-9766-cc326314d9f1,1.5046024000039324,1.8166649444365968e-06,1.2074053214535942e-06,1.5628757505000006,0.0,10.0,4.3552094167335154e-07,0.0,2.785767500043019e-06,3.2212884417163704e-06,0.0,Tunisia,TUN,,,,Windows-11-10.0.26200-SP0,3.13.3,3.2.6,8,Intel(R) Core(TM) i7-8650U CPU @ 1.90GHz,0,,,,7.87811279296875,machine,0.0,0,0.0,0.0,N,1.0,0.0
2026-05-07T18:23:33,codecarbon,7e2c90ae-2886-40d7-8324-9ae087f54ddf,5b0fa12a-3dd7-45bb-9766-cc326314d9f1,1.504911500000162,1.867145636883864e-06,1.2407012883373292e-06,1.8755447145,0.0,10.0,5.230182543605216e-07,0.0,2.787781944385238e-06,3.31080019874576e-06,0.0,Tunisia,TUN,,,,Windows-11-10.0.26200-SP0,3.13.3,3.2.6,8,Intel(R) Core(TM) i7-8650U CPU @ 1.90GHz,0,,,,7.87811279296875,machine,0.0,0,0.0,0.0,N,1.0,0.0
2026-05-07T18:23:36,codecarbon,ce5eda18-819c-4ea0-94c1-983300b401a7,5b0fa12a-3dd7-45bb-9766-cc326314d9f1,1.503506599983666,1.822060697132064e-06,1.2118740929716292e-06,1.6063880865000002,0.0,10.0,4.4729501444642973e-07,0.0,2.783561111088299e-06,3.2308561255347288e-06,0.0,Tunisia,TUN,,,,Windows-11-10.0.26200-SP0,3.13.3,3.2.6,8,Intel(R) Core(TM) i7-8650U CPU @ 1.90GHz,0,,,,7.87811279296875,machine,0.0,0,0.0,0.0,N,1.0,0.0
2026-05-07T18:23:40,codecarbon,959288f7-1e06-4059-b633-4691832fe523,5b0fa12a-3dd7-45bb-9766-cc326314d9f1,1.5036788000143133,1.875867362402489e-06,1.247518660490946e-06,1.942368,0.0,10.0,5.41139624252279e-07,0.0,2.785125833341024e-06,3.326265457593303e-06,0.0,Tunisia,TUN,,,,Windows-11-10.0.26200-SP0,3.13.3,3.2.6,8,Intel(R) Core(TM) i7-8650U CPU @ 1.90GHz,0,,,,7.87811279296875,machine,0.0,0,0.0,0.0,N,1.0,0.0
2026-05-07T18:23:43,codecarbon,9a04aaf7-b79a-4ab1-aa1e-c11259919617,5b0fa12a-3dd7-45bb-9766-cc326314d9f1,1.5052061000023969,1.824963197783256e-06,1.2124340964206495e-06,1.614610464,0.0,10.0,4.500166936780355e-07,0.0,2.785986111121019e-06,3.2360028047990545e-06,0.0,Tunisia,TUN,,,,Windows-11-10.0.26200-SP0,3.13.3,3.2.6,8,Intel(R) Core(TM) i7-8650U CPU @ 1.90GHz,0,,,,7.87811279296875,machine,0.0,0,0.0,0.0,N,1.0,0.0
2026-05-07T18:23:46,codecarbon,3a406096-e2e1-4305-be1a-bb660c207543,5b0fa12a-3dd7-45bb-9766-cc326314d9f1,1.5038894999888726,1.8255074230874664e-06,1.2138574164531197e-06,1.6214853120000003,0.0,10.0,4.517617074831354e-07,0.0,2.785206111083324e-06,3.23696781856646e-06,0.0,Tunisia,TUN,,,,Windows-11-10.0.26200-SP0,3.13.3,3.2.6,8,Intel(R) Core(TM) i7-8650U CPU @ 1.90GHz,0,,,,7.87811279296875,machine,0.0,0,0.0,0.0,N,1.0,0.0
2026-05-07T18:23:49,codecarbon,81fcce70-671f-49d3-9af9-7e3e60a05381,5b0fa12a-3dd7-45bb-9766-cc326314d9f1,1.5034577999904286,1.8300956413113952e-06,1.217257738343601e-06,1.651732224,0.0,10.0,4.601394253110881e-07,0.0,2.784964166656008e-06,3.245103591967096e-06,0.0,Tunisia,TUN,,,,Windows-11-10.0.26200-SP0,3.13.3,3.2.6,8,Intel(R) Core(TM) i7-8650U CPU @ 1.90GHz,0,,,,7.87811279296875,machine,0.0,0,0.0,0.0,N,1.0,0.0
2026-05-07T18:23:52,codecarbon,35df338d-4445-4c79-96b2-2dee27606011,5b0fa12a-3dd7-45bb-9766-cc326314d9f1,1.5037582000077236,1.8166250264678392e-06,1.2080566054160227e-06,1.5698991795,0.0,10.0,4.371801596873447e-07,0.0,2.7840374999666693e-06,3.221217659654014e-06,0.0,Tunisia,TUN,,,,Windows-11-10.0.26200-SP0,3.13.3,3.2.6,8,Intel(R) Core(TM) i7-8650U CPU @ 1.90GHz,0,,,,7.87811279296875,machine,0.0,0,0.0,0.0,N,1.0,0.0
2026-05-07T18:23:55,codecarbon,09f46376-0297-4501-904b-9fdae44e085f,5b0fa12a-3dd7-45bb-9766-cc326314d9f1,1.509467099996982,1.83627622328604e-06,1.2165062910544464e-06,1.6214853120000003,0.0,10.0,4.544179256294674e-07,0.0,2.801644999999553e-06,3.2560629256290203e-06,0.0,Tunisia,TUN,,,,Windows-11-10.0.26200-SP0,3.13.3,3.2.6,8,Intel(R) Core(TM) i7-8650U CPU @ 1.90GHz,0,,,,7.87811279296875,machine,0.0,0,0.0,0.0,N,1.0,0.0
2026-05-07T18:23:58,codecarbon,0b8c31ab-1e22-417e-8a45-9d69664232fa,5b0fa12a-3dd7-45bb-9766-cc326314d9f1,1.5037797999975735,1.8191239534187352e-06,1.209701017011713e-06,1.5854769375000006,0.0,10.0,4.415359490516665e-07,0.0,2.7841127778325853e-06,3.225648726884252e-06,0.0,Tunisia,TUN,,,,Windows-11-10.0.26200-SP0,3.13.3,3.2.6,8,Intel(R) Core(TM) i7-8650U CPU @ 1.90GHz,0,,,,7.87811279296875,machine,0.0,0,0.0,0.0,N,1.0,0.0
2026-05-07T18:24:01,codecarbon,0f5573cc-825b-4a60-8b89-bd9ede320613,5b0fa12a-3dd7-45bb-9766-cc326314d9f1,1.5039822999970056,1.8474452515271529e-06,1.2283690117435762e-06,1.7657205,0.0,10.0,4.91771601206542e-07,0.0,2.7840961110390102e-06,3.2758677122455523e-06,0.0,Tunisia,TUN,,,,Windows-11-10.0.26200-SP0,3.13.3,3.2.6,8,Intel(R) Core(TM) i7-8650U CPU @ 1.90GHz,0,,,,7.87811279296875,machine,0.0,0,0.0,0.0,N,1.0,0.0
2026-05-07T18:24:04,codecarbon,2d85d4bd-167a-4fa3-b001-fdde0256d6ef,5b0fa12a-3dd7-45bb-9766-cc326314d9f1,1.5119675000023562,1.836253646485168e-06,1.2144795747807452e-06,1.595551488,0.0,10.0,4.4813789273937e-07,0.0,2.807884999977736e-06,3.256022892717105e-06,0.0,Tunisia,TUN,,,,Windows-11-10.0.26200-SP0,3.13.3,3.2.6,8,Intel(R) Core(TM) i7-8650U CPU @ 1.90GHz,0,,,,7.87811279296875,machine,0.0,0,0.0,0.0,N,1.0,0.0
2026-05-07T18:24:07,codecarbon,3c461de7-7be9-4e71-9920-f2732a0d9edf,5b0fa12a-3dd7-45bb-9766-cc326314d9f1,1.503175799996825,1.826919533932244e-06,1.2153731678863529e-06,1.6379472255,0.0,10.0,4.560425898515874e-07,0.0,2.783429166690136e-06,3.239471756541723e-06,0.0,Tunisia,TUN,,,,Windows-11-10.0.26200-SP0,3.13.3,3.2.6,8,Intel(R) Core(TM) i7-8650U CPU @ 1.90GHz,0,,,,7.87811279296875,machine,0.0,0,0.0,0.0,N,1.0,0.0
2026-05-07T18:24:10,codecarbon,382acb30-9b44-45d2-aae9-479f36c81e10,5b0fa12a-3dd7-45bb-9766-cc326314d9f1,1.5042507000034675,1.828270835048305e-06,1.2154030143008017e-06,1.6497091545,0.0,10.0,4.591848118801624e-07,0.0,2.782683055556845e-06,3.2418678674370074e-06,0.0,Tunisia,TUN,,,,Windows-11-10.0.26200-SP0,3.13.3,3.2.6,8,Intel(R) Core(TM) i7-8650U CPU @ 1.90GHz,0,,,,7.87811279296875,machine,0.0,0,0.0,0.0,N,1.0,0.0
2026-05-07T18:24:13,codecarbon,7495806c-e73d-419b-aaad-255cc0166ebe,5b0fa12a-3dd7-45bb-9766-cc326314d9f1,1.5029941000102554,1.8309090747980569e-06,1.218174492358662e-06,1.6642545,0.0,10.0,4.633537402274789e-07,0.0,2.783192222220047e-06,3.246545962447526e-06,0.0,Tunisia,TUN,,,,Windows-11-10.0.26200-SP0,3.13.3,3.2.6,8,Intel(R) Core(TM) i7-8650U CPU @ 1.90GHz,0,,,,7.87811279296875,machine,0.0,0,0.0,0.0,N,1.0,0.0
2026-05-07T18:24:16,codecarbon,f6898e49-a920-4787-aea4-1c31dec68451,5b0fa12a-3dd7-45bb-9766-cc326314d9f1,1.5045378000068013,1.927948888564248e-06,1.2814226990877414e-06,2.2703994375,0.0,10.0,6.327694048360803e-07,0.0,2.7858463888858552e-06,3.418615793721936e-06,0.0,Tunisia,TUN,,,,Windows-11-10.0.26200-SP0,3.13.3,3.2.6,8,Intel(R) Core(TM) i7-8650U CPU @ 1.90GHz,0,,,,7.87811279296875,machine,0.0,0,0.0,0.0,N,1.0,0.0
2026-05-07T18:24:19,codecarbon,1cfe01f6-baa6-441a-b8ad-80e261f63cb4,5b0fa12a-3dd7-45bb-9766-cc326314d9f1,1.5264193000039086,1.976447635388335e-06,1.2948261564717337e-06,2.3069823585000004,0.0,10.0,6.571062441025196e-07,0.0,2.8475069444943475e-06,3.504613188596867e-06,0.0,Tunisia,TUN,,,,Windows-11-10.0.26200-SP0,3.13.3,3.2.6,8,Intel(R) Core(TM) i7-8650U CPU @ 1.90GHz,0,,,,7.87811279296875,machine,0.0,0,0.0,0.0,N,1.0,0.0
2026-05-07T18:24:23,codecarbon,528ece13-d00c-4b1c-941d-8c19a48e2d17,5b0fa12a-3dd7-45bb-9766-cc326314d9f1,1.5035742999752983,1.8546670926669843e-06,1.2335054494463318e-06,1.809235104,0.0,10.0,5.039733941434783e-07,0.0,2.784699999998945e-06,3.288673394142423e-06,0.0,Tunisia,TUN,,,,Windows-11-10.0.26200-SP0,3.13.3,3.2.6,8,Intel(R) Core(TM) i7-8650U CPU @ 1.90GHz,0,,,,7.87811279296875,machine,0.0,0,0.0,0.0,N,1.0,0.0
2026-05-07T18:24:26,codecarbon,911c41ea-fcc2-4c55-8a2b-8df8164d3bd9,5b0fa12a-3dd7-45bb-9766-cc326314d9f1,1.5045249999966472,1.877084916377848e-06,1.2476262716684871e-06,1.942368,0.0,10.0,5.415063541189628e-07,0.0,2.786918055547479e-06,3.3284244096664414e-06,0.0,Tunisia,TUN,,,,Windows-11-10.0.26200-SP0,3.13.3,3.2.6,8,Intel(R) Core(TM) i7-8650U CPU @ 1.90GHz,0,,,,7.87811279296875,machine,0.0,0,0.0,0.0,N,1.0,0.0
2026-05-07T18:24:29,codecarbon,4c490564-fb9f-44f2-9803-2c960d0bf431,5b0fa12a-3dd7-45bb-9766-cc326314d9f1,1.5029529000166804,1.9129727842476336e-06,1.2728095366304576e-06,2.1893749485000003,0.0,10.0,6.094009010639298e-07,0.0,2.78265944450848e-06,3.3920603455724093e-06,0.0,Tunisia,TUN,,,,Windows-11-10.0.26200-SP0,3.13.3,3.2.6,8,Intel(R) Core(TM) i7-8650U CPU @ 1.90GHz,0,,,,7.87811279296875,machine,0.0,0,0.0,0.0,N,1.0,0.0
2026-05-07T18:24:32,codecarbon,0cb939be-dca7-4b1e-b007-436c52c0f30a,5b0fa12a-3dd7-45bb-9766-cc326314d9f1,1.5069332999992184,1.8967542027653685e-06,1.2586849084603493e-06,2.040022788000001,0.0,10.0,5.700189740400192e-07,0.0,2.793282777808296e-06,3.363301751848315e-06,0.0,Tunisia,TUN,,,,Windows-11-10.0.26200-SP0,3.13.3,3.2.6,8,Intel(R) Core(TM) i7-8650U CPU @ 1.90GHz,0,,,,7.87811279296875,machine,0.0,0,0.0,0.0,N,1.0,0.0
2026-05-07T18:24:35,codecarbon,d943e165-aee4-4794-b6a2-29c45bbc865c,5b0fa12a-3dd7-45bb-9766-cc326314d9f1,1.504104399995413,1.879559610658788e-06,1.249620445671537e-06,1.9634296875,0.0,10.0,5.471369522723931e-07,0.0,2.785675555545216e-06,3.332812507817609e-06,0.0,Tunisia,TUN,,,,Windows-11-10.0.26200-SP0,3.13.3,3.2.6,8,Intel(R) Core(TM) i7-8650U CPU @ 1.90GHz,0,,,,7.87811279296875,machine,0.0,0,0.0,0.0,N,1.0,0.0
2026-05-07T18:24:39,codecarbon,ac50add9-59e0-43f0-9a19-3a42fd1e3eb8,5b0fa12a-3dd7-45bb-9766-cc326314d9f1,1.5035749000089709,1.8190076022660671e-06,1.20978848626378e-06,1.5827345745000003,0.0,10.0,4.408413032534677e-07,0.0,2.7846011111655067e-06,3.2254424144189742e-06,0.0,Tunisia,TUN,,,,Windows-11-10.0.26200-SP0,3.13.3,3.2.6,8,Intel(R) Core(TM) i7-8650U CPU @ 1.90GHz,0,,,,7.87811279296875,machine,0.0,0,0.0,0.0,N,1.0,0.0
2026-05-07T18:24:42,codecarbon,342505ca-b6b7-473a-a134-a4ccd71d3f85,5b0fa12a-3dd7-45bb-9766-cc326314d9f1,1.5038327999936882,1.8279834623662624e-06,1.21554966906822e-06,1.6341680625000006,0.0,10.0,4.553930238609192e-07,0.0,2.7859652777907385e-06,3.241358301651658e-06,0.0,Tunisia,TUN,,,,Windows-11-10.0.26200-SP0,3.13.3,3.2.6,8,Intel(R) Core(TM) i7-8650U CPU @ 1.90GHz,0,,,,7.87811279296875,machine,0.0,0,0.0,0.0,N,1.0,0.0
2026-05-07T18:24:45,codecarbon,365bba91-6be4-423c-a7e3-9a2735168bce,5b0fa12a-3dd7-45bb-9766-cc326314d9f1,1.5034894000273198,1.8156663152441648e-06,1.2076349292593431e-06,1.5675028485000002,0.0,10.0,4.363696288153732e-07,0.0,2.7831480556212936e-06,3.2195176844366667e-06,0.0,Tunisia,TUN,,,,Windows-11-10.0.26200-SP0,3.13.3,3.2.6,8,Intel(R) Core(TM) i7-8650U CPU @ 1.90GHz,0,,,,7.87811279296875,machine,0.0,0,0.0,0.0,N,1.0,0.0
2026-05-07T18:24:48,codecarbon,de64052b-23f1-4c76-b3b2-5c0d45636eda,5b0fa12a-3dd7-45bb-9766-cc326314d9f1,1.503883199999109,1.8205146628701675e-06,1.21054258925909e-06,1.5911421315,0.0,10.0,4.432449939460849e-07,0.0,2.784869722220012e-06,3.228114716166097e-06,0.0,Tunisia,TUN,,,,Windows-11-10.0.26200-SP0,3.13.3,3.2.6,8,Intel(R) Core(TM) i7-8650U CPU @ 1.90GHz,0,,,,7.87811279296875,machine,0.0,0,0.0,0.0,N,1.0,0.0
2026-05-07T18:24:51,codecarbon,4daa89a4-dc52-4b69-a41a-f28766f1541a,5b0fa12a-3dd7-45bb-9766-cc326314d9f1,1.5047706000041217,1.840762365804304e-06,1.2232843769005469e-06,1.7186227395,0.0,10.0,4.788804773796128e-07,0.0,2.7851372222357894e-06,3.264017699615402e-06,0.0,Tunisia,TUN,,,,Windows-11-10.0.26200-SP0,3.13.3,3.2.6,8,Intel(R) Core(TM) i7-8650U CPU @ 1.90GHz,0,,,,7.87811279296875,machine,0.0,0,0.0,0.0,N,1.0,0.0
2026-05-07T18:24:54,codecarbon,975d5695-98da-47de-8fc8-6e575446da04,5b0fa12a-3dd7-45bb-9766-cc326314d9f1,1.5065461000194773,1.876905904717577e-06,1.2458337017986455e-06,1.9219543125,0.0,10.0,5.36675043893657e-07,0.0,2.7914319444486563e-06,3.328106988342313e-06,0.0,Tunisia,TUN,,,,Windows-11-10.0.26200-SP0,3.13.3,3.2.6,8,Intel(R) Core(TM) i7-8650U CPU @ 1.90GHz,0,,,,7.87811279296875,machine,0.0,0,0.0,0.0,N,1.0,0.0
2026-05-07T18:24:57,codecarbon,924df9bf-2a6f-47a2-a5d9-b53ca9f36524,5b0fa12a-3dd7-45bb-9766-cc326314d9f1,1.5040636000048837,1.8498768602876555e-06,1.2299193067910483e-06,1.7746766295,0.0,10.0,4.945399671872901e-07,0.0,2.7856394444825127e-06,3.2801794116698022e-06,0.0,Tunisia,TUN,,,,Windows-11-10.0.26200-SP0,3.13.3,3.2.6,8,Intel(R) Core(TM) i7-8650U CPU @ 1.90GHz,0,,,,7.87811279296875,machine,0.0,0,0.0,0.0,N,1.0,0.0
2026-05-07T18:25:00,codecarbon,4844aed4-3648-41c0-b2f5-2169985d5360,5b0fa12a-3dd7-45bb-9766-cc326314d9f1,1.5054277000017464,1.82185748404988e-06,1.2101926143964044e-06,1.6032125355000002,0.0,10.0,4.464832905213446e-07,0.0,2.7840125000188384e-06,3.230495790540183e-06,0.0,Tunisia,TUN,,,,Windows-11-10.0.26200-SP0,3.13.3,3.2.6,8,Intel(R) Core(TM) i7-8650U CPU @ 1.90GHz,0,,,,7.87811279296875,machine,0.0,0,0.0,0.0,N,1.0,0.0
2026-05-07T18:25:03,codecarbon,1f137270-8d42-4803-881a-14ee8ca1165b,5b0fa12a-3dd7-45bb-9766-cc326314d9f1,1.504365600005258,1.8306570517720388e-06,1.2168963792881469e-06,1.651732224,0.0,10.0,4.603263004671674e-07,0.0,2.7857727777801405e-06,3.246099078247308e-06,0.0,Tunisia,TUN,,,,Windows-11-10.0.26200-SP0,3.13.3,3.2.6,8,Intel(R) Core(TM) i7-8650U CPU @ 1.90GHz,0,,,,7.87811279296875,machine,0.0,0,0.0,0.0,N,1.0,0.0
2026-05-07T18:25:06,codecarbon,82813649-46ac-414a-9149-2bae081c1033,5b0fa12a-3dd7-45bb-9766-cc326314d9f1,1.503859399992507,1.8208040753528016e-06,1.2107541937510074e-06,1.5940662585,0.0,10.0,4.440992878028156e-07,0.0,2.78452861109852e-06,3.2286278989013355e-06,0.0,Tunisia,TUN,,,,Windows-11-10.0.26200-SP0,3.13.3,3.2.6,8,Intel(R) Core(TM) i7-8650U CPU @ 1.90GHz,0,,,,7.87811279296875,machine,0.0,0,0.0,0.0,N,1.0,0.0
2026-05-07T18:25:10,codecarbon,3607f39f-5ba2-4ef6-9392-ca2e641b32a2,5b0fa12a-3dd7-45bb-9766-cc326314d9f1,1.5035093000042252,1.824231833536749e-06,1.2133159625494982e-06,1.6163041875,0.0,10.0,4.50183458487009e-07,0.0,2.78452250002172e-06,3.2347059585087288e-06,0.0,Tunisia,TUN,,,,Windows-11-10.0.26200-SP0,3.13.3,3.2.6,8,Intel(R) Core(TM) i7-8650U CPU @ 1.90GHz,0,,,,7.87811279296875,machine,0.0,0,0.0,0.0,N,1.0,0.0
2026-05-07T18:25:13,codecarbon,7662112b-6d5b-444d-ac86-6a561d461769,5b0fa12a-3dd7-45bb-9766-cc326314d9f1,1.503891800006386,1.871347706601944e-06,1.244336664774685e-06,1.9139680095,0.0,10.0,5.331920916058486e-07,0.0,2.7850591666517886e-06,3.318251258257637e-06,0.0,Tunisia,TUN,,,,Windows-11-10.0.26200-SP0,3.13.3,3.2.6,8,Intel(R) Core(TM) i7-8650U CPU @ 1.90GHz,0,,,,7.87811279296875,machine,0.0,0,0.0,0.0,N,1.0,0.0
2026-05-07T18:25:16,codecarbon,f0f6f386-9cc6-4ad4-9ee4-5b71c3acf29c,5b0fa12a-3dd7-45bb-9766-cc326314d9f1,1.5154257000249345,1.843141163400756e-06,1.2162530722360252e-06,1.6001008125000002,0.0,10.0,4.509310326197806e-07,0.0,2.8173047222986097e-06,3.26823575491839e-06,0.0,Tunisia,TUN,,,,Windows-11-10.0.26200-SP0,3.13.3,3.2.6,8,Intel(R) Core(TM) i7-8650U CPU @ 1.90GHz,0,,,,7.87811279296875,machine,0.0,0,0.0,0.0,N,1.0,0.0
2026-05-07T18:25:19,codecarbon,74aeac52-ce96-44cc-861a-ee482c63272f,5b0fa12a-3dd7-45bb-9766-cc326314d9f1,1.503432000026805,1.8217942589901705e-06,1.2117570059421969e-06,1.6001008125000002,0.0,10.0,4.456959027789786e-07,0.0,2.784687777845344e-06,3.2303836806243227e-06,0.0,Tunisia,TUN,,,,Windows-11-10.0.26200-SP0,3.13.3,3.2.6,8,Intel(R) Core(TM) i7-8650U CPU @ 1.90GHz,0,,,,7.87811279296875,machine,0.0,0,0.0,0.0,N,1.0,0.0
2026-05-07T18:25:23,codecarbon,6d7ef26c-dca2-436d-9efe-f413000268cb,5b0fa12a-3dd7-45bb-9766-cc326314d9f1,2.192606199998409,3.047949310049797e-06,1.3901033893145105e-06,1.5025001055,0.0,10.0,7.060501333961293e-07,0.0,4.698536944407453e-06,5.404587077803582e-06,0.0,Tunisia,TUN,,,,Windows-11-10.0.26200-SP0,3.13.3,3.2.6,8,Intel(R) Core(TM) i7-8650U CPU @ 1.90GHz,0,,,,7.87811279296875,machine,0.0,0,0.0,0.0,N,1.0,0.0
2026-05-07T18:25:26,codecarbon,8493034d-966d-44e5-9464-12be7e287bae,5b0fa12a-3dd7-45bb-9766-cc326314d9f1,2.161236599989934,2.9915988649370298e-06,1.3842070159976762e-06,1.5008008065,0.0,10.0,6.923152014631084e-07,0.0,4.612351944443718e-06,5.304667145906826e-06,0.0,Tunisia,TUN,,,,Windows-11-10.0.26200-SP0,3.13.3,3.2.6,8,Intel(R) Core(TM) i7-8650U CPU @ 1.90GHz,0,,,,7.87811279296875,machine,0.0,0,0.0,0.0,N,1.0,0.0
2026-05-07T18:25:30,codecarbon,561ef37c-fc7d-4070-8cf7-a524289688aa,5b0fa12a-3dd7-45bb-9766-cc326314d9f1,2.285294899978908,3.267594183413635e-06,1.429834803133632e-06,1.6937102445,0.0,10.0,8.392870603073234e-07,0.0,4.954771666638812e-06,5.794058726946136e-06,0.0,Tunisia,TUN,,,,Windows-11-10.0.26200-SP0,3.13.3,3.2.6,8,Intel(R) Core(TM) i7-8650U CPU @ 1.90GHz,0,,,,7.87811279296875,machine,0.0,0,0.0,0.0,N,1.0,0.0
2026-05-07T18:25:34,codecarbon,5a714530-0b4e-41c6-ba58-60fad2b38782,5b0fa12a-3dd7-45bb-9766-cc326314d9f1,2.193143699987558,3.0473422503617167e-06,1.3894859011650736e-06,1.501149984,0.0,10.0,7.053975913373947e-07,0.0,4.698113055524624e-06,5.4035106468620185e-06,0.0,Tunisia,TUN,,,,Windows-11-10.0.26200-SP0,3.13.3,3.2.6,8,Intel(R) Core(TM) i7-8650U CPU @ 1.90GHz,0,,,,7.87811279296875,machine,0.0,0,0.0,0.0,N,1.0,0.0
2026-05-07T18:25:38,codecarbon,cb7ac9a5-0fd5-4789-b5ea-25570f179b1b,5b0fa12a-3dd7-45bb-9766-cc326314d9f1,2.287379100016551,3.228940285808036e-06,1.4116332031645614e-06,1.5420138360000002,0.0,10.0,7.651850447690408e-07,0.0,4.960333055593462e-06,5.725518100362503e-06,0.0,Tunisia,TUN,,,,Windows-11-10.0.26200-SP0,3.13.3,3.2.6,8,Intel(R) Core(TM) i7-8650U CPU @ 1.90GHz,0,,,,7.87811279296875,machine,0.0,0,0.0,0.0,N,1.0,0.0
2026-05-07T18:25:42,codecarbon,76dfa8b7-6d04-4fec-800a-56c84bf09c8e,5b0fa12a-3dd7-45bb-9766-cc326314d9f1,2.2885657000006177,3.221334632186288e-06,1.4075779568772783e-06,1.5046305,0.0,10.0,7.471296245781654e-07,0.0,4.964902222208265e-06,5.712031846786431e-06,0.0,Tunisia,TUN,,,,Windows-11-10.0.26200-SP0,3.13.3,3.2.6,8,Intel(R) Core(TM) i7-8650U CPU @ 1.90GHz,0,,,,7.87811279296875,machine,0.0,0,0.0,0.0,N,1.0,0.0
2026-05-07T18:25:46,codecarbon,7c21a06c-0c1c-4180-8d00-2c4c7e768cac,5b0fa12a-3dd7-45bb-9766-cc326314d9f1,2.3075048999744467,3.3159485851780783e-06,1.437027754617032e-06,1.716040608,0.0,10.0,8.613126709051994e-07,0.0,5.01848749999125e-06,5.87980017089645e-06,0.0,Tunisia,TUN,,,,Windows-11-10.0.26200-SP0,3.13.3,3.2.6,8,Intel(R) Core(TM) i7-8650U CPU @ 1.90GHz,0,,,,7.87811279296875,machine,0.0,0,0.0,0.0,N,1.0,0.0
2026-05-07T18:25:50,codecarbon,8f8e416e-49ff-4c3f-81a3-db7478c60575,5b0fa12a-3dd7-45bb-9766-cc326314d9f1,2.225858499994501,3.10705407723365e-06,1.395890204719359e-06,1.5014016105,0.0,10.0,7.193048293497419e-07,0.0,4.790086111137902e-06,5.509390940487644e-06,0.0,Tunisia,TUN,,,,Windows-11-10.0.26200-SP0,3.13.3,3.2.6,8,Intel(R) Core(TM) i7-8650U CPU @ 1.90GHz,0,,,,7.87811279296875,machine,0.0,0,0.0,0.0,N,1.0,0.0
2026-05-07T18:25:53,codecarbon,69fa20dc-f39c-4b73-9670-a6d47413081e,5b0fa12a-3dd7-45bb-9766-cc326314d9f1,2.232219099998474,3.1190697302851668e-06,1.3972955120253648e-06,1.5014016105,0.0,10.0,7.220547298117477e-07,0.0,4.808642222229133e-06,5.5306969520408806e-06,0.0,Tunisia,TUN,,,,Windows-11-10.0.26200-SP0,3.13.3,3.2.6,8,Intel(R) Core(TM) i7-8650U CPU @ 1.90GHz,0,,,,7.87811279296875,machine,0.0,0,0.0,0.0,N,1.0,0.0
2026-05-07T18:25:57,codecarbon,23b6ecfb-a963-437f-a36c-e4dd2445ceba,5b0fa12a-3dd7-45bb-9766-cc326314d9f1,2.1997633000137284,3.06079557361472e-06,1.3914204194585923e-06,1.5008008065,0.0,10.0,7.083384178944059e-07,0.0,4.719027500040183e-06,5.427365917934589e-06,0.0,Tunisia,TUN,,,,Windows-11-10.0.26200-SP0,3.13.3,3.2.6,8,Intel(R) Core(TM) i7-8650U CPU @ 1.90GHz,0,,,,7.87811279296875,machine,0.0,0,0.0,0.0,N,1.0,0.0
2026-05-07T18:26:01,codecarbon,4b29975f-2101-4951-84e9-5624708ace5b,5b0fa12a-3dd7-45bb-9766-cc326314d9f1,2.1652204999991227,2.99734196549448e-06,1.384312574860479e-06,1.501314036,0.0,10.0,6.938512983764441e-07,0.0,4.620999444402212e-06,5.314850742778655e-06,0.0,Tunisia,TUN,,,,Windows-11-10.0.26200-SP0,3.13.3,3.2.6,8,Intel(R) Core(TM) i7-8650U CPU @ 1.90GHz,0,,,,7.87811279296875,machine,0.0,0,0.0,0.0,N,1.0,0.0
2026-05-07T18:26:05,codecarbon,032b662c-7351-4282-b594-55f07ef094b9,5b0fa12a-3dd7-45bb-9766-cc326314d9f1,2.178773399995407,3.02322327134324e-06,1.387580402509785e-06,1.5016875000000005,0.0,10.0,6.999934410174018e-07,0.0,4.660749722178379e-06,5.360743163195781e-06,0.0,Tunisia,TUN,,,,Windows-11-10.0.26200-SP0,3.13.3,3.2.6,8,Intel(R) Core(TM) i7-8650U CPU @ 1.90GHz,0,,,,7.87811279296875,machine,0.0,0,0.0,0.0,N,1.0,0.0
2026-05-07T18:26:08,codecarbon,66b2bf41-50ba-4cd1-8897-5da1218e43a5,5b0fa12a-3dd7-45bb-9766-cc326314d9f1,2.248903400002746,3.1499004409499703e-06,1.4006383915583588e-06,1.503881196,0.0,10.0,7.302469864239236e-07,0.0,4.855118611158105e-06,5.585365597582028e-06,0.0,Tunisia,TUN,,,,Windows-11-10.0.26200-SP0,3.13.3,3.2.6,8,Intel(R) Core(TM) i7-8650U CPU @ 1.90GHz,0,,,,7.87811279296875,machine,0.0,0,0.0,0.0,N,1.0,0.0
2026-05-07T18:26:12,codecarbon,1917d937-304e-4527-9604-0f49d39da843,5b0fa12a-3dd7-45bb-9766-cc326314d9f1,2.177707200025907,3.021003680237284e-06,1.387240525356827e-06,1.5010733445,0.0,10.0,6.992424108878053e-07,0.0,4.657565000040146e-06,5.356807410927951e-06,0.0,Tunisia,TUN,,,,Windows-11-10.0.26200-SP0,3.13.3,3.2.6,8,Intel(R) Core(TM) i7-8650U CPU @ 1.90GHz,0,,,,7.87811279296875,machine,0.0,0,0.0,0.0,N,1.0,0.0
2026-05-07T18:26:16,codecarbon,3bf72284-c13d-412c-81ff-cea58763a478,5b0fa12a-3dd7-45bb-9766-cc326314d9f1,2.27860360001796,3.202981466748577e-06,1.4056773484968305e-06,1.5022460625,0.0,10.0,7.418487900063677e-07,0.0,4.93763944444557e-06,5.679488234451938e-06,0.0,Tunisia,TUN,,,,Windows-11-10.0.26200-SP0,3.13.3,3.2.6,8,Intel(R) Core(TM) i7-8650U CPU @ 1.90GHz,0,,,,7.87811279296875,machine,0.0,0,0.0,0.0,N,1.0,0.0
2026-05-07T18:26:19,codecarbon,05652bb5-8721-4671-8ecd-995d5aee99f9,5b0fa12a-3dd7-45bb-9766-cc326314d9f1,1.5066905000130646,1.842335045501446e-06,1.2227694045230066e-06,1.6961115840000005,0.0,10.0,4.738563563467653e-07,0.0,2.7929500000027474e-06,3.266806356349513e-06,0.0,Tunisia,TUN,,,,Windows-11-10.0.26200-SP0,3.13.3,3.2.6,8,Intel(R) Core(TM) i7-8650U CPU @ 1.90GHz,0,,,,7.87811279296875,machine,0.0,0,0.0,0.0,N,1.0,0.0
2026-05-07T18:26:22,codecarbon,8887d431-899b-486d-849d-3167ec90f31b,5b0fa12a-3dd7-45bb-9766-cc326314d9f1,1.5031672000186518,1.8180070693434417e-06,1.2094509974145812e-06,1.581385668,0.0,10.0,4.402766148206528e-07,0.0,2.783391666647124e-06,3.223668281467777e-06,0.0,Tunisia,TUN,,,,Windows-11-10.0.26200-SP0,3.13.3,3.2.6,8,Intel(R) Core(TM) i7-8650U CPU @ 1.90GHz,0,,,,7.87811279296875,machine,0.0,0,0.0,0.0,N,1.0,0.0
2026-05-07T18:26:25,codecarbon,6067b3d6-c02b-41d4-8848-4478fbaa2ca5,5b0fa12a-3dd7-45bb-9766-cc326314d9f1,1.520785100001376,1.821072733177424e-06,1.1974556649560652e-06,1.578732,0.0,10.0,4.4038733525511146e-07,0.0,2.788716944471364e-06,3.229104279726476e-06,0.0,Tunisia,TUN,,,,Windows-11-10.0.26200-SP0,3.13.3,3.2.6,8,Intel(R) Core(TM) i7-8650U CPU @ 1.90GHz,0,,,,7.87811279296875,machine,0.0,0,0.0,0.0,N,1.0,0.0
2026-05-07T18:26:28,codecarbon,deb61582-92d4-4700-96a1-8280ce610d43,5b0fa12a-3dd7-45bb-9766-cc326314d9f1,1.5040138999756891,1.853129006106044e-06,1.2321222603966612e-06,1.7900468520000008,0.0,10.0,4.990213553575232e-07,0.0,2.786924722184065e-06,3.285946077541588e-06,0.0,Tunisia,TUN,,,,Windows-11-10.0.26200-SP0,3.13.3,3.2.6,8,Intel(R) Core(TM) i7-8650U CPU @ 1.90GHz,0,,,,7.87811279296875,machine,0.0,0,0.0,0.0,N,1.0,0.0
2026-05-07T18:26:31,codecarbon,7a109285-2cbb-4294-95e6-7a93d053fe98,5b0fa12a-3dd7-45bb-9766-cc326314d9f1,1.5047668000042904,1.839381087211856e-06,1.2223695307516163e-06,1.6985326875000002,0.0,10.0,4.736309330258869e-07,0.0,2.787937499993455e-06,3.261568433019342e-06,0.0,Tunisia,TUN,,,,Windows-11-10.0.26200-SP0,3.13.3,3.2.6,8,Intel(R) Core(TM) i7-8650U CPU @ 1.90GHz,0,,,,7.87811279296875,machine,0.0,0,0.0,0.0,N,1.0,0.0
2026-05-07T18:26:34,codecarbon,cf724ae4-3432-43f8-99b6-7ad12f9027f9,5b0fa12a-3dd7-45bb-9766-cc326314d9f1,1.503915599983884,1.8685612696130428e-06,1.24246418458128e-06,1.8982989915,0.0,10.0,5.287892706426971e-07,0.0,2.784521111041411e-06,3.313310381684108e-06,0.0,Tunisia,TUN,,,,Windows-11-10.0.26200-SP0,3.13.3,3.2.6,8,Intel(R) Core(TM) i7-8650U CPU @ 1.90GHz,0,,,,7.87811279296875,machine,0.0,0,0.0,0.0,N,1.0,0.0
2026-05-07T18:26:38,codecarbon,735473da-a20c-4ed1-91f6-497f7adda980,5b0fa12a-3dd7-45bb-9766-cc326314d9f1,1.5045769999851473,1.8577628032229e-06,1.234740929338438e-06,1.8224862720000004,0.0,10.0,5.079437819945532e-07,0.0,2.7862188888927143e-06,3.2941626708872675e-06,0.0,Tunisia,TUN,,,,Windows-11-10.0.26200-SP0,3.13.3,3.2.6,8,Intel(R) Core(TM) i7-8650U CPU @ 1.90GHz,0,,,,7.87811279296875,machine,0.0,0,0.0,0.0,N,1.0,0.0
2026-05-07T18:26:41,codecarbon,01f918c3-648e-44e8-a6d0-7d0a37aaafb6,5b0fa12a-3dd7-45bb-9766-cc326314d9f1,1.504124099999899,1.82179617898378e-06,1.2112007107551176e-06,1.598568684,0.0,10.0,4.453304185011579e-07,0.0,2.785056666632752e-06,3.23038708513391e-06,0.0,Tunisia,TUN,,,,Windows-11-10.0.26200-SP0,3.13.3,3.2.6,8,Intel(R) Core(TM) i7-8650U CPU @ 1.90GHz,0,,,,7.87811279296875,machine,0.0,0,0.0,0.0,N,1.0,0.0
2026-05-07T18:26:44,codecarbon,182d17df-5438-4cfc-8863-07096cda4cbc,5b0fa12a-3dd7-45bb-9766-cc326314d9f1,1.5043809000053443,1.8213863758835056e-06,1.2107215505574654e-06,1.5911421315,0.0,10.0,4.4344459388877133e-07,0.0,2.786215833313893e-06,3.2296604272026644e-06,0.0,Tunisia,TUN,,,,Windows-11-10.0.26200-SP0,3.13.3,3.2.6,8,Intel(R) Core(TM) i7-8650U CPU @ 1.90GHz,0,,,,7.87811279296875,machine,0.0,0,0.0,0.0,N,1.0,0.0
2026-05-07T18:26:47,codecarbon,091f666f-cb2a-4aa4-95c1-6d6350c6b4bf,5b0fa12a-3dd7-45bb-9766-cc326314d9f1,1.503624100005254,1.8373569994701007e-06,1.2219523479729282e-06,1.7009736360000005,0.0,10.0,4.737185116639587e-07,0.0,2.7842608333028493e-06,3.257979344966808e-06,0.0,Tunisia,TUN,,,,Windows-11-10.0.26200-SP0,3.13.3,3.2.6,8,Intel(R) Core(TM) i7-8650U CPU @ 1.90GHz,0,,,,7.87811279296875,machine,0.0,0,0.0,0.0,N,1.0,0.0
2026-05-07T18:26:50,codecarbon,8c06b034-7952-4853-9d3e-ab03f67d71a7,5b0fa12a-3dd7-45bb-9766-cc326314d9f1,1.5039813999901526,1.8324283528827068e-06,1.2183849832815115e-06,1.6707660495000003,0.0,10.0,4.652743725439828e-07,0.0,2.783965555540312e-06,3.249239928084295e-06,0.0,Tunisia,TUN,,,,Windows-11-10.0.26200-SP0,3.13.3,3.2.6,8,Intel(R) Core(TM) i7-8650U CPU @ 1.90GHz,0,,,,7.87811279296875,machine,0.0,0,0.0,0.0,N,1.0,0.0
2026-05-07T18:26:53,codecarbon,fe42c9f1-f7bc-4e6b-aa4d-d76f3df28062,5b0fa12a-3dd7-45bb-9766-cc326314d9f1,1.5040653999894855,1.8266084790869293e-06,1.214447509463151e-06,1.6304585595,0.0,10.0,4.541582533991369e-07,0.0,2.7847619444300005e-06,3.2389201978291376e-06,0.0,Tunisia,TUN,,,,Windows-11-10.0.26200-SP0,3.13.3,3.2.6,8,Intel(R) Core(TM) i7-8650U CPU @ 1.90GHz,0,,,,7.87811279296875,machine,0.0,0,0.0,0.0,N,1.0,0.0
2026-05-07T18:26:56,codecarbon,c3b02cbb-bf1c-4091-a5b9-ba20552c5faf,5b0fa12a-3dd7-45bb-9766-cc326314d9f1,1.5039059999980964,1.8301261001826568e-06,1.2169152195582523e-06,1.6537734375000006,0.0,10.0,4.606192679575482e-07,0.0,2.784538333313928e-06,3.2451576012714763e-06,0.0,Tunisia,TUN,,,,Windows-11-10.0.26200-SP0,3.13.3,3.2.6,8,Intel(R) Core(TM) i7-8650U CPU @ 1.90GHz,0,,,,7.87811279296875,machine,0.0,0,0.0,0.0,N,1.0,0.0
2026-05-07T18:26:59,codecarbon,7dcc3768-bce9-4b1d-9722-4cffee382fd0,5b0fa12a-3dd7-45bb-9766-cc326314d9f1,1.5035352999984752,1.8501353339617488e-06,1.2305233764472476e-06,1.7807578125000008,0.0,10.0,4.960063452311881e-07,0.0,2.7846313888504583e-06,3.280637734081646e-06,0.0,Tunisia,TUN,,,,Windows-11-10.0.26200-SP0,3.13.3,3.2.6,8,Intel(R) Core(TM) i7-8650U CPU @ 1.90GHz,0,,,,7.87811279296875,machine,0.0,0,0.0,0.0,N,1.0,0.0
2026-05-07T18:27:02,codecarbon,0d172821-a74c-4af0-aeb4-d9bfec9804f6,5b0fa12a-3dd7-45bb-9766-cc326314d9f1,1.5052591000276152,1.845164143143328e-06,1.2258116513691738e-06,1.7455845345,0.0,10.0,4.86328433769864e-07,0.0,2.785494444510228e-06,3.271822878280092e-06,0.0,Tunisia,TUN,,,,Windows-11-10.0.26200-SP0,3.13.3,3.2.6,8,Intel(R) Core(TM) i7-8650U CPU @ 1.90GHz,0,,,,7.87811279296875,machine,0.0,0,0.0,0.0,N,1.0,0.0
2026-05-07T18:27:05,codecarbon,8006c6a2-b7a2-425d-9f27-0af93541d879,5b0fa12a-3dd7-45bb-9766-cc326314d9f1,1.503421299974434,1.895790891593376e-06,1.2609844570019157e-06,2.0738654115,0.0,10.0,5.77529175684154e-07,0.0,2.7840644443737503e-06,3.3615936200579043e-06,0.0,Tunisia,TUN,,,,Windows-11-10.0.26200-SP0,3.13.3,3.2.6,8,Intel(R) Core(TM) i7-8650U CPU @ 1.90GHz,0,,,,7.87811279296875,machine,0.0,0,0.0,0.0,N,1.0,0.0
2026-05-07T18:27:08,codecarbon,eee9cb43-a4c5-4b23-b638-0d492da613b7,5b0fa12a-3dd7-45bb-9766-cc326314d9f1,1.5038666000182277,1.86562047967972e-06,1.2405491814613795e-06,1.8755447145,0.0,10.0,5.226658082648413e-07,0.0,2.7854300000601343e-06,3.308095808324976e-06,0.0,Tunisia,TUN,,,,Windows-11-10.0.26200-SP0,3.13.3,3.2.6,8,Intel(R) Core(TM) i7-8650U CPU @ 1.90GHz,0,,,,7.87811279296875,machine,0.0,0,0.0,0.0,N,1.0,0.0
2026-05-07T18:27:11,codecarbon,bdf20eab-1c5e-4eba-bdf7-4e7b198a165a,5b0fa12a-3dd7-45bb-9766-cc326314d9f1,1.5042857000080403,1.955106751871904e-06,1.2996911104462764e-06,2.444116128000001,0.0,10.0,6.810676237674404e-07,0.0,2.7857041667124982e-06,3.4667717904799386e-06,0.0,Tunisia,TUN,,,,Windows-11-10.0.26200-SP0,3.13.3,3.2.6,8,Intel(R) Core(TM) i7-8650U CPU @ 1.90GHz,0,,,,7.87811279296875,machine,0.0,0,0.0,0.0,N,1.0,0.0
2026-05-07T18:27:15,codecarbon,9ceef28d-c558-46e7-b8fb-c72d62722500,5b0fa12a-3dd7-45bb-9766-cc326314d9f1,1.5030319999787023,1.871928364637258e-06,1.2454348042249152e-06,1.925985696,0.0,10.0,5.361825408428905e-07,0.0,2.783098333262994e-06,3.319280874105884e-06,0.0,Tunisia,TUN,,,,Windows-11-10.0.26200-SP0,3.13.3,3.2.6,8,Intel(R) Core(TM) i7-8650U CPU @ 1.90GHz,0,,,,7.87811279296875,machine,0.0,0,0.0,0.0,N,1.0,0.0
2026-05-07T18:27:18,codecarbon,b77316ec-7359-4f95-8f52-02de86e5ef76,5b0fa12a-3dd7-45bb-9766-cc326314d9f1,1.5032704999903217,1.818390191708793e-06,1.2096227470175862e-06,1.578732,0.0,10.0,4.397312405426535e-07,0.0,2.7846163888979288e-06,3.224347629440582e-06,0.0,Tunisia,TUN,,,,Windows-11-10.0.26200-SP0,3.13.3,3.2.6,8,Intel(R) Core(TM) i7-8650U CPU @ 1.90GHz,0,,,,7.87811279296875,machine,0.0,0,0.0,0.0,N,1.0,0.0
2026-05-07T18:27:21,codecarbon,11c2b44d-641b-4c70-9a8d-06a9c7ba8c5c,5b0fa12a-3dd7-45bb-9766-cc326314d9f1,1.5034692999906838,1.8159506713447995e-06,1.207840207549334e-06,1.5640120320000002,0.0,10.0,4.356060679048455e-07,0.0,2.7844158333512804e-06,3.2200219012561256e-06,0.0,Tunisia,TUN,,,,Windows-11-10.0.26200-SP0,3.13.3,3.2.6,8,Intel(R) Core(TM) i7-8650U CPU @ 1.90GHz,0,,,,7.87811279296875,machine,0.0,0,0.0,0.0,N,1.0,0.0
2026-05-07T18:27:24,codecarbon,b9960029-928d-4b4c-9b64-96772d6e8c3b,5b0fa12a-3dd7-45bb-9766-cc326314d9f1,1.5030526999908034,1.819017209484521e-06,1.2102151903892996e-06,1.5854769375000006,0.0,10.0,4.4150917209620473e-07,0.0,2.783950277727045e-06,3.2254594498232504e-06,0.0,Tunisia,TUN,,,,Windows-11-10.0.26200-SP0,3.13.3,3.2.6,8,Intel(R) Core(TM) i7-8650U CPU @ 1.90GHz,0,,,,7.87811279296875,machine,0.0,0,0.0,0.0,N,1.0,0.0
2026-05-07T18:27:27,codecarbon,db69069a-b773-4a87-a925-b8726e9c4452,5b0fa12a-3dd7-45bb-9766-cc326314d9f1,1.5042799999937415,1.831308557674801e-06,1.2173987274193767e-06,1.6558328760000005,0.0,10.0,4.614107095955411e-07,0.0,2.785843611086925e-06,3.2472543206824664e-06,0.0,Tunisia,TUN,,,,Windows-11-10.0.26200-SP0,3.13.3,3.2.6,8,Intel(R) Core(TM) i7-8650U CPU @ 1.90GHz,0,,,,7.87811279296875,machine,0.0,0,0.0,0.0,N,1.0,0.0
2026-05-07T18:27:30,codecarbon,a95c9889-e424-448b-8c0d-7925c7dac0b7,5b0fa12a-3dd7-45bb-9766-cc326314d9f1,1.5078329000098163,1.8297476740831608e-06,1.213494992761631e-06,1.6001008125000002,0.0,10.0,4.476371361910862e-07,0.0,2.796849444469748e-06,3.244486580660834e-06,0.0,Tunisia,TUN,,,,Windows-11-10.0.26200-SP0,3.13.3,3.2.6,8,Intel(R) Core(TM) i7-8650U CPU @ 1.90GHz,0,,,,7.87811279296875,machine,0.0,0,0.0,0.0,N,1.0,0.0
2026-05-07T18:27:33,codecarbon,fb0f465e-1330-4753-b28f-6e53cd727024,5b0fa12a-3dd7-45bb-9766-cc326314d9f1,1.5041468999988865,1.8284253001096925e-06,1.2155895811180716e-06,1.639863132,0.0,10.0,4.569584297332728e-07,0.0,2.7851833332937934e-06,3.2421417630270663e-06,0.0,Tunisia,TUN,,,,Windows-11-10.0.26200-SP0,3.13.3,3.2.6,8,Intel(R) Core(TM) i7-8650U CPU @ 1.90GHz,0,,,,7.87811279296875,machine,0.0,0,0.0,0.0,N,1.0,0.0
2026-05-07T18:27:36,codecarbon,d40c5203-4a49-4f5c-9ac1-62b40c35e8a0,5b0fa12a-3dd7-45bb-9766-cc326314d9f1,1.503451699973084,1.8391565700177529e-06,1.2232894279548046e-06,1.7134788885,0.0,10.0,4.771553218726023e-07,0.0,2.784014999957031e-06,3.261170321829633e-06,0.0,Tunisia,TUN,,,,Windows-11-10.0.26200-SP0,3.13.3,3.2.6,8,Intel(R) Core(TM) i7-8650U CPU @ 1.90GHz,0,,,,7.87811279296875,machine,0.0,0,0.0,0.0,N,1.0,0.0
2026-05-07T18:27:39,codecarbon,247def93-1ecb-4005-8eeb-2c66eebd39f6,5b0fa12a-3dd7-45bb-9766-cc326314d9f1,1.5035489999863785,1.8824847448997456e-06,1.2520275328019242e-06,1.9895733285000003,0.0,10.0,5.540359873900656e-07,0.0,2.7839633333011687e-06,3.337999320691234e-06,0.0,Tunisia,TUN,,,,Windows-11-10.0.26200-SP0,3.13.3,3.2.6,8,Intel(R) Core(TM) i7-8650U CPU @ 1.90GHz,0,,,,7.87811279296875,machine,0.0,0,0.0,0.0,N,1.0,0.0
2026-05-07T18:27:42,codecarbon,527e420b-a10d-44cf-94a5-776224733d14,5b0fa12a-3dd7-45bb-9766-cc326314d9f1,1.5041721999878064,1.820169092371147e-06,1.2100802636732033e-06,1.5897030720000005,0.0,10.0,4.428036213916794e-07,0.0,2.784698333319587e-06,3.2275019547112664e-06,0.0,Tunisia,TUN,,,,Windows-11-10.0.26200-SP0,3.13.3,3.2.6,8,Intel(R) Core(TM) i7-8650U CPU @ 1.90GHz,0,,,,7.87811279296875,machine,0.0,0,0.0,0.0,N,1.0,0.0
2026-05-07T18:27:45,codecarbon,9540f11d-59e5-49f9-8d26-8776dd4021de,5b0fa12a-3dd7-45bb-9766-cc326314d9f1,1.503570500004571,1.8171529333903767e-06,1.2085585168004114e-06,1.5698991795,0.0,10.0,4.373076267723953e-07,0.0,2.784846111090802e-06,3.2221537378631973e-06,0.0,Tunisia,TUN,,,,Windows-11-10.0.26200-SP0,3.13.3,3.2.6,8,Intel(R) Core(TM) i7-8650U CPU @ 1.90GHz,0,,,,7.87811279296875,machine,0.0,0,0.0,0.0,N,1.0,0.0
2026-05-07T18:27:48,codecarbon,0a456533-54ca-4252-9535-ccbf304aa223,5b0fa12a-3dd7-45bb-9766-cc326314d9f1,1.503300100011984,1.831490577443785e-06,1.218313347700293e-06,1.668576768,0.0,10.0,4.6451402040883723e-07,0.0,2.783063055539969e-06,3.247577075948807e-06,0.0,Tunisia,TUN,,,,Windows-11-10.0.26200-SP0,3.13.3,3.2.6,8,Intel(R) Core(TM) i7-8650U CPU @ 1.90GHz,0,,,,7.87811279296875,machine,0.0,0,0.0,0.0,N,1.0,0.0
2026-05-07T18:27:51,codecarbon,205e981f-e764-4a09-94df-0f7d2b5c2361,5b0fa12a-3dd7-45bb-9766-cc326314d9f1,1.5098194000020158,1.839529128805356e-06,1.2183769322363322e-06,1.639863132,0.0,10.0,4.596345497102556e-07,0.0,2.8021963888831022e-06,3.2618309385933576e-06,0.0,Tunisia,TUN,,,,Windows-11-10.0.26200-SP0,3.13.3,3.2.6,8,Intel(R) Core(TM) i7-8650U CPU @ 1.90GHz,0,,,,7.87811279296875,machine,0.0,0,0.0,0.0,N,1.0,0.0
2026-05-07T18:27:54,codecarbon,555448c2-d363-4832-b18f-eda7476e0fa7,5b0fa12a-3dd7-45bb-9766-cc326314d9f1,1.5030758999928366,1.8558099541245583e-06,1.2346748119196129e-06,1.8224862720000004,0.0,10.0,5.0744518013e-07,0.0,2.783254722210889e-06,3.290699902340889e-06,0.0,Tunisia,TUN,,,,Windows-11-10.0.26200-SP0,3.13.3,3.2.6,8,Intel(R) Core(TM) i7-8650U CPU @ 1.90GHz,0,,,,7.87811279296875,machine,0.0,0,0.0,0.0,N,1.0,0.0
2026-05-07T18:27:57,codecarbon,1b8e5ae2-44ec-4f92-b043-91624591472d,5b0fa12a-3dd7-45bb-9766-cc326314d9f1,1.5035606999881566,1.815406441415948e-06,1.2074048233837505e-06,1.5606436875,0.0,10.0,4.34690768214539e-07,0.0,2.7843661110738244e-06,3.2190568792883632e-06,0.0,Tunisia,TUN,,,,Windows-11-10.0.26200-SP0,3.13.3,3.2.6,8,Intel(R) Core(TM) i7-8650U CPU @ 1.90GHz,0,,,,7.87811279296875,machine,0.0,0,0.0,0.0,N,1.0,0.0
2026-05-07T18:28:00,codecarbon,23e3480a-406f-4a4b-a2eb-8cf820129fed,5b0fa12a-3dd7-45bb-9766-cc326314d9f1,1.5691382999939378,1.9369871903072965e-06,1.2344273225086532e-06,1.5761366520000006,0.0,10.0,4.677401795706216e-07,0.0,2.966902222154507e-06,3.4346424017251285e-06,0.0,Tunisia,TUN,,,,Windows-11-10.0.26200-SP0,3.13.3,3.2.6,8,Intel(R) Core(TM) i7-8650U CPU @ 1.90GHz,0,,,,7.87811279296875,machine,0.0,0,0.0,0.0,N,1.0,0.0
2026-05-07T18:28:03,codecarbon,fd8c5809-8d51-4207-88fa-8627b0a6313d,5b0fa12a-3dd7-45bb-9766-cc326314d9f1,1.504235400003381,1.8230059590017704e-06,1.2119153418392312e-06,1.601648736,0.0,10.0,4.463630858231902e-07,0.0,2.7861691666961025e-06,3.2325322525192927e-06,0.0,Tunisia,TUN,,,,Windows-11-10.0.26200-SP0,3.13.3,3.2.6,8,Intel(R) Core(TM) i7-8650U CPU @ 1.90GHz,0,,,,7.87811279296875,machine,0.0,0,0.0,0.0,N,1.0,0.0
2026-05-07T18:28:06,codecarbon,11106cd1-f376-47eb-a501-40ce1c748443,5b0fa12a-3dd7-45bb-9766-cc326314d9f1,1.5055575000005774,1.846715231936362e-06,1.2265989388885206e-06,1.7427938280000002,0.0,10.0,4.86195472473457e-07,0.0,2.788377777809122e-06,3.2745732502825788e-06,0.0,Tunisia,TUN,,,,Windows-11-10.0.26200-SP0,3.13.3,3.2.6,8,Intel(R) Core(TM) i7-8650U CPU @ 1.90GHz,0,,,,7.87811279296875,machine,0.0,0,0.0,0.0,N,1.0,0.0
2026-05-07T18:28:10,codecarbon,6da99fec-0aab-4cb5-bd25-fe446a36753c,5b0fa12a-3dd7-45bb-9766-cc326314d9f1,1.5039529999776278,1.8621264046933843e-06,1.2381546529187312e-06,1.8536739855000004,0.0,10.0,5.16464878844356e-07,0.0,2.785435277716412e-06,3.301900156560768e-06,0.0,Tunisia,TUN,,,,Windows-11-10.0.26200-SP0,3.13.3,3.2.6,8,Intel(R) Core(TM) i7-8650U CPU @ 1.90GHz,0,,,,7.87811279296875,machine,0.0,0,0.0,0.0,N,1.0,0.0
2026-05-07T18:28:13,codecarbon,ba221759-647e-469e-94ca-d6e3c7711d89,5b0fa12a-3dd7-45bb-9766-cc326314d9f1,1.504411900008563,1.825377622890832e-06,1.2133496304306304e-06,1.6129332645,0.0,10.0,4.4971043618113494e-07,0.0,2.787027222236955e-06,3.23673765841809e-06,0.0,Tunisia,TUN,,,,Windows-11-10.0.26200-SP0,3.13.3,3.2.6,8,Intel(R) Core(TM) i7-8650U CPU @ 1.90GHz,0,,,,7.87811279296875,machine,0.0,0,0.0,0.0,N,1.0,0.0
2026-05-07T18:28:16,codecarbon,1d77e65d-9bc3-4164-b02f-d54013a93326,5b0fa12a-3dd7-45bb-9766-cc326314d9f1,1.503849899978377,1.816586332437656e-06,1.2079572119955424e-06,1.5628757505000006,0.0,10.0,4.354790479174681e-07,0.0,2.785669999947357e-06,3.2211490478648254e-06,0.0,Tunisia,TUN,,,,Windows-11-10.0.26200-SP0,3.13.3,3.2.6,8,Intel(R) Core(TM) i7-8650U CPU @ 1.90GHz,0,,,,7.87811279296875,machine,0.0,0,0.0,0.0,N,1.0,0.0
2026-05-07T18:28:19,codecarbon,45ebed92-5e68-497d-be67-bf214091dcea,5b0fa12a-3dd7-45bb-9766-cc326314d9f1,1.5043187999981456,1.8241197693428784e-06,1.2125885612445496e-06,1.611272508,0.0,10.0,4.489472476282116e-07,0.0,2.785559999999048e-06,3.234507247627259e-06,0.0,Tunisia,TUN,,,,Windows-11-10.0.26200-SP0,3.13.3,3.2.6,8,Intel(R) Core(TM) i7-8650U CPU @ 1.90GHz,0,,,,7.87811279296875,machine,0.0,0,0.0,0.0,N,1.0,0.0
2026-05-07T18:28:22,codecarbon,e64339de-1209-4f05-a7db-01dac4c164ab,5b0fa12a-3dd7-45bb-9766-cc326314d9f1,1.5033325999975204,1.819568537447516e-06,1.210356602025737e-06,1.5925965000000006,0.0,10.0,4.433470579119377e-07,0.0,2.783090000027894e-06,3.2264370579398315e-06,0.0,Tunisia,TUN,,,,Windows-11-10.0.26200-SP0,3.13.3,3.2.6,8,Intel(R) Core(TM) i7-8650U CPU @ 1.90GHz,0,,,,7.87811279296875,machine,0.0,0,0.0,0.0,N,1.0,0.0
2026-05-07T18:28:25,codecarbon,a07c9b4c-0b60-4e7d-a877-5cf9f9862c97,5b0fa12a-3dd7-45bb-9766-cc326314d9f1,1.5035019000060856,1.846243100942315e-06,1.2279619340253857e-06,1.7569612005000002,0.0,10.0,4.89337462119717e-07,0.0,2.784398611159608e-06,3.2737360732793243e-06,0.0,Tunisia,TUN,,,,Windows-11-10.0.26200-SP0,3.13.3,3.2.6,8,Intel(R) Core(TM) i7-8650U CPU @ 1.90GHz,0,,,,7.87811279296875,machine,0.0,0,0.0,0.0,N,1.0,0.0
2026-05-07T18:28:28,codecarbon,6caafa82-358d-4bd5-91e9-ae6558e3a1c5,5b0fa12a-3dd7-45bb-9766-cc326314d9f1,1.504894699988654,1.819227094541305e-06,1.2088733481186565e-06,1.5761366520000006,0.0,10.0,4.393068932726154e-07,0.0,2.786524722210338e-06,3.225831615482954e-06,0.0,Tunisia,TUN,,,,Windows-11-10.0.26200-SP0,3.13.3,3.2.6,8,Intel(R) Core(TM) i7-8650U CPU @ 1.90GHz,0,,,,7.87811279296875,machine,0.0,0,0.0,0.0,N,1.0,0.0
2026-05-07T18:28:31,codecarbon,221eec1f-d0bb-41c7-9886-67a1d0f40754,5b0fa12a-3dd7-45bb-9766-cc326314d9f1,1.504884399997536,1.8198482117040288e-06,1.2092943562356078e-06,1.5774270765,0.0,10.0,4.397685285164912e-07,0.0,2.787164444453083e-06,3.226932972969574e-06,0.0,Tunisia,TUN,,,,Windows-11-10.0.26200-SP0,3.13.3,3.2.6,8,Intel(R) Core(TM) i7-8650U CPU @ 1.90GHz,0,,,,7.87811279296875,machine,0.0,0,0.0,0.0,N,1.0,0.0
2026-05-07T18:28:34,codecarbon,ab2b007e-1939-435e-9ddb-7ecb00d82aec,5b0fa12a-3dd7-45bb-9766-cc326314d9f1,1.5041808999958448,1.821471601180812e-06,1.2109391903499398e-06,1.5925965000000006,0.0,10.0,4.4381293662085933e-07,0.0,2.7859986110545123e-06,3.229811547675372e-06,0.0,Tunisia,TUN,,,,Windows-11-10.0.26200-SP0,3.13.3,3.2.6,8,Intel(R) Core(TM) i7-8650U CPU @ 1.90GHz,0,,,,7.87811279296875,machine,0.0,0,0.0,0.0,N,1.0,0.0
2026-05-07T18:28:38,codecarbon,86379e20-34a3-47fd-be53-e2316e1822a6,5b0fa12a-3dd7-45bb-9766-cc326314d9f1,3.11083960000542,4.804995273016047e-06,1.54459756556001e-06,1.75302630825,0.0,10.0,1.2708998582587945e-06,0.0,7.249259999985549e-06,8.520159858244343e-06,0.0,Tunisia,TUN,,,,Windows-11-10.0.26200-SP0,3.13.3,3.2.6,8,Intel(R) Core(TM) i7-8650U CPU @ 1.90GHz,0,,,,7.87811279296875,machine,0.0,0,82.9,6.533912658691406,N,1.0,0.0
2026-05-07T18:28:43,codecarbon,904e2736-bafd-4cb6-9526-b0f8e9abe6bd,5b0fa12a-3dd7-45bb-9766-cc326314d9f1,3.0722625000053085,4.64253551084695e-06,1.5111129048507178e-06,1.52616248025,0.0,10.0,1.0900792719643689e-06,0.0,7.142008888897384e-06,8.232088160861752e-06,0.0,Tunisia,TUN,,,,Windows-11-10.0.26200-SP0,3.13.3,3.2.6,8,Intel(R) Core(TM) i7-8650U CPU @ 1.90GHz,0,,,,7.87811279296875,machine,0.0,0,82.9,6.530563354492188,N,1.0,0.0
2026-05-07T18:28:48,codecarbon,1dc461ad-73c1-4700-ba67-1a024e4bc88c,5b0fa12a-3dd7-45bb-9766-cc326314d9f1,3.23339190002298,4.951897771712143e-06,1.5314870343050435e-06,1.5680769360000002,0.0,10.0,1.1903364363485838e-06,0.0,7.590309166698717e-06,8.7806456030473e-06,0.0,Tunisia,TUN,,,,Windows-11-10.0.26200-SP0,3.13.3,3.2.6,8,Intel(R) Core(TM) i7-8650U CPU @ 1.90GHz,0,,,,7.87811279296875,machine,0.0,0,83.0,6.536720275878906,N,1.0,0.0
2026-05-07T18:28:53,codecarbon,c4e0fc3c-d503-426a-bb6a-62566b37d587,5b0fa12a-3dd7-45bb-9766-cc326314d9f1,3.142024300002958,4.78227715731965e-06,1.5220369738436291e-06,1.558688766,0.0,10.0,1.1436074796946418e-06,0.0,7.336268888886682e-06,8.479876368581324e-06,0.0,Tunisia,TUN,,,,Windows-11-10.0.26200-SP0,3.13.3,3.2.6,8,Intel(R) Core(TM) i7-8650U CPU @ 1.90GHz,0,,,,7.87811279296875,machine,0.0,0,83.0,6.539741516113281,N,1.0,0.0
2026-05-07T18:28:57,codecarbon,bfb85a71-258e-4c50-8ad5-3a8b6f360851,5b0fa12a-3dd7-45bb-9766-cc326314d9f1,3.151373100001365,4.911179865064472e-06,1.5584253940170857e-06,1.8293242920000004,0.0,10.0,1.3468092671708358e-06,0.0,7.361635833270461e-06,8.708445100441297e-06,0.0,Tunisia,TUN,,,,Windows-11-10.0.26200-SP0,3.13.3,3.2.6,8,Intel(R) Core(TM) i7-8650U CPU @ 1.90GHz,0,,,,7.87811279296875,machine,0.0,0,83.1,6.543670654296875,N,1.0,0.0
2026-05-07T18:29:02,codecarbon,bfe32f92-3ec2-4441-92b1-985036e101f6,5b0fa12a-3dd7-45bb-9766-cc326314d9f1,3.163131799985422,4.828951780375227e-06,1.5266362850885577e-06,1.5777821130000005,0.0,10.0,1.1670003602377016e-06,0.0,7.395638888879653e-06,8.562639249117355e-06,0.0,Tunisia,TUN,,,,Windows-11-10.0.26200-SP0,3.13.3,3.2.6,8,Intel(R) Core(TM) i7-8650U CPU @ 1.90GHz,0,,,,7.87811279296875,machine,0.0,0,83.1,6.546695709228516,N,1.0,0.0
2026-05-07T18:29:07,codecarbon,83bd4d82-d10d-46eb-a45b-08ff68f49143,5b0fa12a-3dd7-45bb-9766-cc326314d9f1,3.063721999991685,4.62613879218356e-06,1.5099734219345344e-06,1.5241353135,0.0,10.0,1.0849803631036288e-06,0.0,7.11803333332581e-06,8.203013696429439e-06,0.0,Tunisia,TUN,,,,Windows-11-10.0.26200-SP0,3.13.3,3.2.6,8,Intel(R) Core(TM) i7-8650U CPU @ 1.90GHz,0,,,,7.87811279296875,machine,0.0,0,83.0,6.539859771728516,N,1.0,0.0
2026-05-07T18:29:11,codecarbon,c4ee0c68-211c-4143-aa21-30da786412e3,5b0fa12a-3dd7-45bb-9766-cc326314d9f1,3.033182000013767,4.569661293805916e-06,1.5065569074935743e-06,1.52192839425,0.0,10.0,1.070352919638996e-06,0.0,7.032515555571688e-06,8.102868475210683e-06,0.0,Tunisia,TUN,,,,Windows-11-10.0.26200-SP0,3.13.3,3.2.6,8,Intel(R) Core(TM) i7-8650U CPU @ 1.90GHz,0,,,,7.87811279296875,machine,0.0,0,82.4,6.487945556640625,N,1.0,0.0
2026-05-07T18:29:16,codecarbon,4962eb9b-0a7f-40a8-b0af-27290efb20b3,5b0fa12a-3dd7-45bb-9766-cc326314d9f1,2.98974140000064,4.4912209973848665e-06,1.5022105247577286e-06,1.5207263947500005,0.0,10.0,1.0513176955746584e-06,0.0,6.912461388937016e-06,7.963779084511675e-06,0.0,Tunisia,TUN,,,,Windows-11-10.0.26200-SP0,3.13.3,3.2.6,8,Intel(R) Core(TM) i7-8650U CPU @ 1.90GHz,0,,,,7.87811279296875,machine,0.0,0,82.2,6.476650238037109,N,1.0,0.0
2026-05-07T18:29:20,codecarbon,b803ce52-59c2-4fa9-9a18-cd956c19863b,5b0fa12a-3dd7-45bb-9766-cc326314d9f1,3.017726499994751,4.56261183126926e-06,1.511936827700322e-06,1.57363361025,0.0,10.0,1.1000717863378486e-06,0.0,6.990296666642987e-06,8.090368452980835e-06,0.0,Tunisia,TUN,,,,Windows-11-10.0.26200-SP0,3.13.3,3.2.6,8,Intel(R) Core(TM) i7-8650U CPU @ 1.90GHz,0,,,,7.87811279296875,machine,0.0,0,82.2,6.479724884033203,N,1.0,0.0
2026-05-07T18:29:25,codecarbon,beb53c69-3a77-4ebb-9a18-143169fe487a,5b0fa12a-3dd7-45bb-9766-cc326314d9f1,3.1885688999900594,4.88685523886772e-06,1.5326171057125206e-06,1.6061695552500002,0.0,10.0,1.199272687907522e-06,0.0,7.466040277763064e-06,8.665312965670585e-06,0.0,Tunisia,TUN,,,,Windows-11-10.0.26200-SP0,3.13.3,3.2.6,8,Intel(R) Core(TM) i7-8650U CPU @ 1.90GHz,0,,,,7.87811279296875,machine,0.0,0,82.9,6.534709930419922,N,1.0,0.0
2026-05-07T18:29:30,codecarbon,c6b35e77-728a-47ed-a68d-f297275ded6a,5b0fa12a-3dd7-45bb-9766-cc326314d9f1,3.148331800010056,4.791111628527725e-06,1.5217937412163555e-06,1.5561178800000002,0.0,10.0,1.144286268911626e-06,0.0,7.351255277818482e-06,8.495541546730108e-06,0.0,Tunisia,TUN,,,,Windows-11-10.0.26200-SP0,3.13.3,3.2.6,8,Intel(R) Core(TM) i7-8650U CPU @ 1.90GHz,0,,,,7.87811279296875,machine,0.0,0,82.7,6.518882751464844,N,1.0,0.0
2026-05-07T18:29:34,codecarbon,2354e78b-f224-478c-817a-1a23a08dcbe6,5b0fa12a-3dd7-45bb-9766-cc326314d9f1,3.154988700000104,4.8205238324577365e-06,1.5279052607882809e-06,1.595869575,0.0,10.0,1.1764551909755574e-06,0.0,7.371239722205145e-06,8.547694913180703e-06,0.0,Tunisia,TUN,,,,Windows-11-10.0.26200-SP0,3.13.3,3.2.6,8,Intel(R) Core(TM) i7-8650U CPU @ 1.90GHz,0,,,,7.87811279296875,machine,0.0,0,82.4,6.489574432373047,N,1.0,0.0
2026-05-07T18:29:39,codecarbon,5970a1d0-2286-4f29-8ff7-56503c90f8c8,5b0fa12a-3dd7-45bb-9766-cc326314d9f1,3.192179200006649,4.916937083852524e-06,1.5403073498637802e-06,1.6629937822500005,0.0,10.0,1.2432556760178798e-06,0.0,7.475398055572038e-06,8.718653731589917e-06,0.0,Tunisia,TUN,,,,Windows-11-10.0.26200-SP0,3.13.3,3.2.6,8,Intel(R) Core(TM) i7-8650U CPU @ 1.90GHz,0,,,,7.87811279296875,machine,0.0,0,82.5,6.502849578857422,N,1.0,0.0
2026-05-07T18:29:44,codecarbon,9a397ba2-0485-4545-a806-287854efb2fe,5b0fa12a-3dd7-45bb-9766-cc326314d9f1,3.1914660000184085,4.859351046879978e-06,1.52260780683609e-06,1.5314892022500002,0.0,10.0,1.1444398074354445e-06,0.0,7.472103055624757e-06,8.616542863060201e-06,0.0,Tunisia,TUN,,,,Windows-11-10.0.26200-SP0,3.13.3,3.2.6,8,Intel(R) Core(TM) i7-8650U CPU @ 1.90GHz,0,,,,7.87811279296875,machine,0.0,0,82.7,6.5178070068359375,N,1.0,0.0
2026-05-07T18:29:47,codecarbon,9a0d0702-5e93-4186-951b-bf7708edcfdb,5b0fa12a-3dd7-45bb-9766-cc326314d9f1,1.5045542999869213,1.8191506518211744e-06,1.209096043816423e-06,1.5748606455,0.0,10.0,4.389835682077637e-07,0.0,2.786712499962757e-06,3.225696068170521e-06,0.0,Tunisia,TUN,,,,Windows-11-10.0.26200-SP0,3.13.3,3.2.6,8,Intel(R) Core(TM) i7-8650U CPU @ 1.90GHz,0,,,,7.87811279296875,machine,0.0,0,0.0,0.0,N,1.0,0.0
2026-05-07T18:29:50,codecarbon,c917cb8f-0183-4f1a-b8f5-b4503db6b9fa,5b0fa12a-3dd7-45bb-9766-cc326314d9f1,1.503699799999595,1.8204348837777943e-06,1.2106371788958708e-06,1.5925965000000006,0.0,10.0,4.435513084104297e-07,0.0,2.78442194442808e-06,3.227973252838509e-06,0.0,Tunisia,TUN,,,,Windows-11-10.0.26200-SP0,3.13.3,3.2.6,8,Intel(R) Core(TM) i7-8650U CPU @ 1.90GHz,0,,,,7.87811279296875,machine,0.0,0,0.0,0.0,N,1.0,0.0
2026-05-07T18:29:53,codecarbon,30e54b16-adb7-4be1-adc1-7a5b21ff06ef,5b0fa12a-3dd7-45bb-9766-cc326314d9f1,1.5025843000039458,1.8192992680943552e-06,1.2107801659378296e-06,1.5925965000000006,0.0,10.0,4.432845927388455e-07,0.0,2.7826750000207942e-06,3.2259595927596395e-06,0.0,Tunisia,TUN,,,,Windows-11-10.0.26200-SP0,3.13.3,3.2.6,8,Intel(R) Core(TM) i7-8650U CPU @ 1.90GHz,0,,,,7.87811279296875,machine,0.0,0,0.0,0.0,N,1.0,0.0
2026-05-07T18:29:56,codecarbon,8ba365ca-4075-4a6d-8bec-b6a7addfffd8,5b0fa12a-3dd7-45bb-9766-cc326314d9f1,1.503031700005522,1.8374859287834944e-06,1.2225197437796846e-06,1.7034345105000002,0.0,10.0,4.743471275463617e-07,0.0,2.783860833329123e-06,3.2582079608754844e-06,0.0,Tunisia,TUN,,,,Windows-11-10.0.26200-SP0,3.13.3,3.2.6,8,Intel(R) Core(TM) i7-8650U CPU @ 1.90GHz,0,,,,7.87811279296875,machine,0.0,0,0.0,0.0,N,1.0,0.0
2026-05-07T18:29:59,codecarbon,9cdc1c5d-1b1c-4926-8b14-21c5e0235e25,5b0fa12a-3dd7-45bb-9766-cc326314d9f1,1.5039216000004672,1.841848884891754e-06,1.2246974076914528e-06,1.721225364,0.0,10.0,4.797054133171284e-07,0.0,2.786238888883316e-06,3.2659443022004448e-06,0.0,Tunisia,TUN,,,,Windows-11-10.0.26200-SP0,3.13.3,3.2.6,8,Intel(R) Core(TM) i7-8650U CPU @ 1.90GHz,0,,,,7.87811279296875,machine,0.0,0,0.0,0.0,N,1.0,0.0
2026-05-07T18:30:02,codecarbon,092a2e00-9db3-4954-ac9d-1acabd6bac58,5b0fa12a-3dd7-45bb-9766-cc326314d9f1,1.5049692000029609,1.81832007015073e-06,1.2082108192959382e-06,1.5651619215000006,0.0,10.0,4.36444401849482e-07,0.0,2.78777888888726e-06,3.224223290736742e-06,0.0,Tunisia,TUN,,,,Windows-11-10.0.26200-SP0,3.13.3,3.2.6,8,Intel(R) Core(TM) i7-8650U CPU @ 1.90GHz,0,,,,7.87811279296875,machine,0.0,0,0.0,0.0,N,1.0,0.0
2026-05-07T18:30:05,codecarbon,692ef753-73fb-46ce-8c2b-b3795b0d9c1c,5b0fa12a-3dd7-45bb-9766-cc326314d9f1,1.5044165000144858,1.8239807518533008e-06,1.212417406905427e-06,1.6063880865000002,0.0,10.0,4.4774935454867433e-07,0.0,2.7865113889371667e-06,3.2342607434858413e-06,0.0,Tunisia,TUN,,,,Windows-11-10.0.26200-SP0,3.13.3,3.2.6,8,Intel(R) Core(TM) i7-8650U CPU @ 1.90GHz,0,,,,7.87811279296875,machine,0.0,0,0.0,0.0,N,1.0,0.0
2026-05-07T18:30:08,codecarbon,8119e632-f0c2-4d2d-ab17-64dac55ae242,5b0fa12a-3dd7-45bb-9766-cc326314d9f1,1.5084485999832395,1.8523273274372e-06,1.2279684753313972e-06,1.7372760000000005,0.0,10.0,4.862562172331453e-07,0.0,2.798268333329664e-06,3.284524550562809e-06,0.0,Tunisia,TUN,,,,Windows-11-10.0.26200-SP0,3.13.3,3.2.6,8,Intel(R) Core(TM) i7-8650U CPU @ 1.90GHz,0,,,,7.87811279296875,machine,0.0,0,0.0,0.0,N,1.0,0.0
2026-05-07T18:30:11,codecarbon,81aed7b3-eb02-4a45-bb41-090940eaa437,5b0fa12a-3dd7-45bb-9766-cc326314d9f1,1.5039511999930255,1.852940649996408e-06,1.2320483869456674e-06,1.7963520000000002,0.0,10.0,5.004731978370249e-07,0.0,2.785138888915147e-06,3.285612086752172e-06,0.0,Tunisia,TUN,,,,Windows-11-10.0.26200-SP0,3.13.3,3.2.6,8,Intel(R) Core(TM) i7-8650U CPU @ 1.90GHz,0,,,,7.87811279296875,machine,0.0,0,0.0,0.0,N,1.0,0.0
2026-05-07T18:30:14,codecarbon,a661fc21-5923-4bcc-b4fa-e5f53a68b643,5b0fa12a-3dd7-45bb-9766-cc326314d9f1,1.504001099994639,1.8303679637869512e-06,1.2169990858340966e-06,1.651732224,0.0,10.0,4.601948042297741e-07,0.0,2.785391666677444e-06,3.245586470907218e-06,0.0,Tunisia,TUN,,,,Windows-11-10.0.26200-SP0,3.13.3,3.2.6,8,Intel(R) Core(TM) i7-8650U CPU @ 1.90GHz,0,,,,7.87811279296875,machine,0.0,0,0.0,0.0,N,1.0,0.0
2026-05-07T18:30:17,codecarbon,a9cb144f-4712-480e-a90d-dce261605ebc,5b0fa12a-3dd7-45bb-9766-cc326314d9f1,1.5035700000007637,1.820383654304192e-06,1.210707618736253e-06,1.5925965000000006,0.0,10.0,4.435693578332399e-07,0.0,2.784313055518497e-06,3.227882413351737e-06,0.0,Tunisia,TUN,,,,Windows-11-10.0.26200-SP0,3.13.3,3.2.6,8,Intel(R) Core(TM) i7-8650U CPU @ 1.90GHz,0,,,,7.87811279296875,machine,0.0,0,0.0,0.0,N,1.0,0.0
2026-05-07T18:30:20,codecarbon,c6c0f4c1-3619-4f84-95bf-eb7e89d047cd,5b0fa12a-3dd7-45bb-9766-cc326314d9f1,1.5039669999969192,1.896090342011736e-06,1.2607260279086043e-06,2.068946592,0.0,10.0,5.765076575480779e-07,0.0,2.7856169443920307e-06,3.3621246019401085e-06,0.0,Tunisia,TUN,,,,Windows-11-10.0.26200-SP0,3.13.3,3.2.6,8,Intel(R) Core(TM) i7-8650U CPU @ 1.90GHz,0,,,,7.87811279296875,machine,0.0,0,0.0,0.0,N,1.0,0.0
2026-05-07T18:30:23,codecarbon,16fb1183-9d89-4d8c-8e75-9c5ba857d0f6,5b0fa12a-3dd7-45bb-9766-cc326314d9f1,1.5037139999913052,1.8646763971084344e-06,1.240047241110488e-06,1.871838708,0.0,10.0,5.214584391418673e-07,0.0,2.784963333316329e-06,3.306421772458196e-06,0.0,Tunisia,TUN,,,,Windows-11-10.0.26200-SP0,3.13.3,3.2.6,8,Intel(R) Core(TM) i7-8650U CPU @ 1.90GHz,0,,,,7.87811279296875,machine,0.0,0,0.0,0.0,N,1.0,0.0
2026-05-07T18:30:27,codecarbon,5532ea94-d6e3-4ea7-971b-d2f8b9fded77,5b0fa12a-3dd7-45bb-9766-cc326314d9f1,1.503822200000286,1.8634598138065565e-06,1.239149025600368e-06,1.8608671365,0.0,10.0,5.185273193752264e-07,0.0,2.785737222196379e-06,3.3042645415716057e-06,0.0,Tunisia,TUN,,,,Windows-11-10.0.26200-SP0,3.13.3,3.2.6,8,Intel(R) Core(TM) i7-8650U CPU @ 1.90GHz,0,,,,7.87811279296875,machine,0.0,0,0.0,0.0,N,1.0,0.0
2026-05-07T18:30:30,codecarbon,55d4abab-5224-4874-8801-1cdedca6d68b,5b0fa12a-3dd7-45bb-9766-cc326314d9f1,1.5034038000158034,1.828405799765252e-06,1.2161774499612358e-06,1.643748,0.0,10.0,4.5779135185244337e-07,0.0,2.78431583339827e-06,3.2421071852507137e-06,0.0,Tunisia,TUN,,,,Windows-11-10.0.26200-SP0,3.13.3,3.2.6,8,Intel(R) Core(TM) i7-8650U CPU @ 1.90GHz,0,,,,7.87811279296875,machine,0.0,0,0.0,0.0,N,1.0,0.0
2026-05-07T18:30:33,codecarbon,57669bd7-daee-4c70-8e67-1dfd6caa0111,5b0fa12a-3dd7-45bb-9766-cc326314d9f1,1.5037975999875923,1.835726275059966e-06,1.2207269615772177e-06,1.6889665335,0.0,10.0,4.70442486281102e-07,0.0,2.78464527776426e-06,3.2550877640453616e-06,0.0,Tunisia,TUN,,,,Windows-11-10.0.26200-SP0,3.13.3,3.2.6,8,Intel(R) Core(TM) i7-8650U CPU @ 1.90GHz,0,,,,7.87811279296875,machine,0.0,0,0.0,0.0,N,1.0,0.0
2026-05-07T18:30:36,codecarbon,77285547-5fc7-437c-91c2-9486f4a1a06e,5b0fa12a-3dd7-45bb-9766-cc326314d9f1,1.506695000018226,1.8183189887353176e-06,1.2068261915738236e-06,1.5800515035,0.0,10.0,4.400613731737717e-07,0.0,2.7841600000101607e-06,3.2242213731839323e-06,0.0,Tunisia,TUN,,,,Windows-11-10.0.26200-SP0,3.13.3,3.2.6,8,Intel(R) Core(TM) i7-8650U CPU @ 1.90GHz,0,,,,7.87811279296875,machine,0.0,0,0.0,0.0,N,1.0,0.0
2026-05-07T18:30:39,codecarbon,6f2ea35f-fbda-4e96-99f0-422d38ae9ccc,5b0fa12a-3dd7-45bb-9766-cc326314d9f1,1.503528000001097,1.8163638635742424e-06,1.2080678667593263e-06,1.5735989760000002,0.0,10.0,4.380229021165886e-07,0.0,2.782731666633885e-06,3.220754568750474e-06,0.0,Tunisia,TUN,,,,Windows-11-10.0.26200-SP0,3.13.3,3.2.6,8,Intel(R) Core(TM) i7-8650U CPU @ 1.90GHz,0,,,,7.87811279296875,machine,0.0,0,0.0,0.0,N,1.0,0.0
2026-05-07T18:30:42,codecarbon,9b82cdc9-a9db-43cf-ae59-4c690b38d786,5b0fa12a-3dd7-45bb-9766-cc326314d9f1,1.5036744000099134,1.819315314158408e-06,1.2099130730339054e-06,1.5854769375000006,0.0,10.0,4.415763787138012e-07,0.0,2.78441166673373e-06,3.2259880454475314e-06,0.0,Tunisia,TUN,,,,Windows-11-10.0.26200-SP0,3.13.3,3.2.6,8,Intel(R) Core(TM) i7-8650U CPU @ 1.90GHz,0,,,,7.87811279296875,machine,0.0,0,0.0,0.0,N,1.0,0.0
2026-05-07T18:30:45,codecarbon,51bc472d-534e-437a-837d-23195c089ca5,5b0fa12a-3dd7-45bb-9766-cc326314d9f1,1.5027976999990642,1.8217909243390205e-06,1.2122662447115502e-06,1.6063880865000002,0.0,10.0,4.471994343547432e-07,0.0,2.7831783333062456e-06,3.2303777676609885e-06,0.0,Tunisia,TUN,,,,Windows-11-10.0.26200-SP0,3.13.3,3.2.6,8,Intel(R) Core(TM) i7-8650U CPU @ 1.90GHz,0,,,,7.87811279296875,machine,0.0,0,0.0,0.0,N,1.0,0.0
2026-05-07T18:30:48,codecarbon,fe3b5988-c49c-48ca-a06f-d231b4ef94e4,5b0fa12a-3dd7-45bb-9766-cc326314d9f1,1.5035095999774055,1.83571408076002e-06,1.22095268349973e-06,1.686624,0.0,10.0,4.69882530185595e-07,0.0,2.7851836110736863e-06,3.2550661412592813e-06,0.0,Tunisia,TUN,,,,Windows-11-10.0.26200-SP0,3.13.3,3.2.6,8,Intel(R) Core(TM) i7-8650U CPU @ 1.90GHz,0,,,,7.87811279296875,machine,0.0,0,0.0,0.0,N,1.0,0.0
2026-05-07T18:30:51,codecarbon,5415bbf3-eb0c-4cd1-bd0b-d04366a05d3a,5b0fa12a-3dd7-45bb-9766-cc326314d9f1,1.5034033000119962,1.8199830775370605e-06,1.2105754174695097e-06,1.5897030720000005,0.0,10.0,4.427582265514813e-07,0.0,2.7844138888920294e-06,3.2271721154435102e-06,0.0,Tunisia,TUN,,,,Windows-11-10.0.26200-SP0,3.13.3,3.2.6,8,Intel(R) Core(TM) i7-8650U CPU @ 1.90GHz,0,,,,7.87811279296875,machine,0.0,0,0.0,0.0,N,1.0,0.0
2026-05-07T18:30:54,codecarbon,6f819c33-7116-4f1a-8b85-0f4b91992f21,5b0fa12a-3dd7-45bb-9766-cc326314d9f1,1.503119600005448,1.8488767238768008e-06,1.2300263557670994e-06,1.7746766295,0.0,10.0,4.942348706834778e-07,0.0,2.784171111125034e-06,3.278405981808512e-06,0.0,Tunisia,TUN,,,,Windows-11-10.0.26200-SP0,3.13.3,3.2.6,8,Intel(R) Core(TM) i7-8650U CPU @ 1.90GHz,0,,,,7.87811279296875,machine,0.0,0,0.0,0.0,N,1.0,0.0
2026-05-07T18:30:57,codecarbon,f6981f92-d297-4611-9654-de3acd8e6b51,5b0fa12a-3dd7-45bb-9766-cc326314d9f1,1.5038836999738123,1.8203522296476384e-06,1.210434177642418e-06,1.5882792405,0.0,10.0,4.425103027169572e-07,0.0,2.785316388811528e-06,3.227826691528485e-06,0.0,Tunisia,TUN,,,,Windows-11-10.0.26200-SP0,3.13.3,3.2.6,8,Intel(R) Core(TM) i7-8650U CPU @ 1.90GHz,0,,,,7.87811279296875,machine,0.0,0,0.0,0.0,N,1.0,0.0
2026-05-07T18:31:00,codecarbon,136d8d57-60ad-451c-b19b-e30e579484fe,5b0fa12a-3dd7-45bb-9766-cc326314d9f1,1.5044141999969725,2.059442294519032e-06,1.368933033550984e-06,3.107789088000001,0.0,10.0,8.660872094480261e-07,0.0,2.7856911110575312e-06,3.651778320505557e-06,0.0,Tunisia,TUN,,,,Windows-11-10.0.26200-SP0,3.13.3,3.2.6,8,Intel(R) Core(TM) i7-8650U CPU @ 1.90GHz,0,,,,7.87811279296875,machine,0.0,0,0.0,0.0,N,1.0,0.0
2026-05-07T18:31:03,codecarbon,2a4116ae-57e8-4b53-a349-bf734261ac6a,5b0fa12a-3dd7-45bb-9766-cc326314d9f1,1.504726999992272,1.8997472780821431e-06,1.2625195654041564e-06,2.088791808,0.0,10.0,5.82205981514347e-07,0.0,2.7864030555065256e-06,3.3686090370208725e-06,0.0,Tunisia,TUN,,,,Windows-11-10.0.26200-SP0,3.13.3,3.2.6,8,Intel(R) Core(TM) i7-8650U CPU @ 1.90GHz,0,,,,7.87811279296875,machine,0.0,0,0.0,0.0,N,1.0,0.0
2026-05-07T18:31:07,codecarbon,6176db20-5f5f-4043-b28e-eb95b524d5d1,5b0fa12a-3dd7-45bb-9766-cc326314d9f1,1.5035304999910295,1.897498099022049e-06,1.2620283386558303e-06,2.088791808,0.0,10.0,5.814885975810389e-07,0.0,2.7831322221673973e-06,3.364620819748436e-06,0.0,Tunisia,TUN,,,,Windows-11-10.0.26200-SP0,3.13.3,3.2.6,8,Intel(R) Core(TM) i7-8650U CPU @ 1.90GHz,0,,,,7.87811279296875,machine,0.0,0,0.0,0.0,N,1.0,0.0
2026-05-07T18:31:10,codecarbon,02a00bce-0fe8-4fca-af0f-ee573903136b,5b0fa12a-3dd7-45bb-9766-cc326314d9f1,1.5040435999981128,1.853716068420656e-06,1.2324882526164678e-06,1.7995385535,0.0,10.0,5.01448716051814e-07,0.0,2.785538333329088e-06,3.2869870493809018e-06,0.0,Tunisia,TUN,,,,Windows-11-10.0.26200-SP0,3.13.3,3.2.6,8,Intel(R) Core(TM) i7-8650U CPU @ 1.90GHz,0,,,,7.87811279296875,machine,0.0,0,0.0,0.0,N,1.0,0.0
2026-05-07T18:31:13,codecarbon,d0739c2a-b9ad-4b48-8e2a-62b46cb5015d,5b0fa12a-3dd7-45bb-9766-cc326314d9f1,1.5032166999881156,1.8447436212508688e-06,1.227197396932494e-06,1.748396544,0.0,10.0,4.869072139099313e-07,0.0,2.7841700000054616e-06,3.271077213915393e-06,0.0,Tunisia,TUN,,,,Windows-11-10.0.26200-SP0,3.13.3,3.2.6,8,Intel(R) Core(TM) i7-8650U CPU @ 1.90GHz,0,,,,7.87811279296875,machine,0.0,0,0.0,0.0,N,1.0,0.0
2026-05-07T18:31:16,codecarbon,dcee8c59-8ddd-49a3-95f7-b06f98423d01,5b0fa12a-3dd7-45bb-9766-cc326314d9f1,1.5028294999792706,1.824470690070896e-06,1.2140237399492503e-06,1.6250235000000002,0.0,10.0,4.523256072036974e-07,0.0,2.7828038888401355e-06,3.235129496043833e-06,0.0,Tunisia,TUN,,,,Windows-11-10.0.26200-SP0,3.13.3,3.2.6,8,Intel(R) Core(TM) i7-8650U CPU @ 1.90GHz,0,,,,7.87811279296875,machine,0.0,0,0.0,0.0,N,1.0,0.0
2026-05-07T18:31:19,codecarbon,2e39948f-1169-48f9-bd67-a42c2eb154e7,5b0fa12a-3dd7-45bb-9766-cc326314d9f1,1.5062459000037052,1.8276493058764187e-06,1.213380435340553e-06,1.6163041875,0.0,10.0,4.510480016353354e-07,0.0,2.7897177777453582e-06,3.240765779380694e-06,0.0,Tunisia,TUN,,,,Windows-11-10.0.26200-SP0,3.13.3,3.2.6,8,Intel(R) Core(TM) i7-8650U CPU @ 1.90GHz,0,,,,7.87811279296875,machine,0.0,0,0.0,0.0,N,1.0,0.0
2026-05-07T18:31:22,codecarbon,514f7d1c-2d2b-4882-8952-6c6f372179a5,5b0fa12a-3dd7-45bb-9766-cc326314d9f1,1.504387199995108,1.8291527250379904e-06,1.2158789472842751e-06,1.639863132,0.0,10.0,4.570519019276458e-07,0.0,2.7863797222380523e-06,3.243431624165698e-06,0.0,Tunisia,TUN,,,,Windows-11-10.0.26200-SP0,3.13.3,3.2.6,8,Intel(R) Core(TM) i7-8650U CPU @ 1.90GHz,0,,,,7.87811279296875,machine,0.0,0,0.0,0.0,N,1.0,0.0
2026-05-07T18:31:25,codecarbon,94f5f15f-6d52-46a8-b2a8-b697a40e7e42,5b0fa12a-3dd7-45bb-9766-cc326314d9f1,1.5046483000041917,1.955986933608e-06,1.2999628774395656e-06,2.444116128000001,0.0,10.0,6.813941848359242e-07,0.0,2.786938333317974e-06,3.468332518153898e-06,0.0,Tunisia,TUN,,,,Windows-11-10.0.26200-SP0,3.13.3,3.2.6,8,Intel(R) Core(TM) i7-8650U CPU @ 1.90GHz,0,,,,7.87811279296875,machine,0.0,0,0.0,0.0,N,1.0,0.0
2026-05-07T18:31:28,codecarbon,24727331-c358-4e45-b221-96617de40122,5b0fa12a-3dd7-45bb-9766-cc326314d9f1,1.504706800013082,1.908457002141696e-06,1.2683248338647128e-06,2.140412028,0.0,10.0,5.967896816580911e-07,0.0,2.787263333367365e-06,3.384053015025456e-06,0.0,Tunisia,TUN,,,,Windows-11-10.0.26200-SP0,3.13.3,3.2.6,8,Intel(R) Core(TM) i7-8650U CPU @ 1.90GHz,0,,,,7.87811279296875,machine,0.0,0,0.0,0.0,N,1.0,0.0
2026-05-07T18:31:31,codecarbon,a2b45bff-2318-46d9-b420-048b9c20cb29,5b0fa12a-3dd7-45bb-9766-cc326314d9f1,1.5129077000019606,1.840562875561584e-06,1.2165731429347596e-06,1.6096281135,0.0,10.0,4.525970214363168e-07,0.0,2.811066944478726e-06,3.2636639659150427e-06,0.0,Tunisia,TUN,,,,Windows-11-10.0.26200-SP0,3.13.3,3.2.6,8,Intel(R) Core(TM) i7-8650U CPU @ 1.90GHz,0,,,,7.87811279296875,machine,0.0,0,0.0,0.0,N,1.0,0.0
2026-05-07T18:31:34,codecarbon,59321520-a480-4c4c-a700-7eb9809c2de0,5b0fa12a-3dd7-45bb-9766-cc326314d9f1,1.50319540000055,1.8431138153586564e-06,1.226130558514204e-06,1.7400243435,0.0,10.0,4.845005949882721e-07,0.0,2.7836866667106126e-06,3.268187261698885e-06,0.0,Tunisia,TUN,,,,Windows-11-10.0.26200-SP0,3.13.3,3.2.6,8,Intel(R) Core(TM) i7-8650U CPU @ 1.90GHz,0,,,,7.87811279296875,machine,0.0,0,0.0,0.0,N,1.0,0.0
2026-05-07T18:31:37,codecarbon,cd745049-a00b-406a-8597-a50498442ef2,5b0fa12a-3dd7-45bb-9766-cc326314d9f1,1.5062142000242602,1.82826554026914e-06,1.2138151002956237e-06,1.6163041875,0.0,10.0,4.511768121004246e-07,0.0,2.7906816666978154e-06,3.24185847879824e-06,0.0,Tunisia,TUN,,,,Windows-11-10.0.26200-SP0,3.13.3,3.2.6,8,Intel(R) Core(TM) i7-8650U CPU @ 1.90GHz,0,,,,7.87811279296875,machine,0.0,0,0.0,0.0,N,1.0,0.0
2026-05-07T18:31:40,codecarbon,00a5993c-55d8-456c-8b25-c04d240cd8f1,5b0fa12a-3dd7-45bb-9766-cc326314d9f1,1.5030040999990888,1.817840058320752e-06,1.209471124078673e-06,1.5774270765,0.0,10.0,4.392832506064668e-07,0.0,2.7840888889234824e-06,3.2233721395299493e-06,0.0,Tunisia,TUN,,,,Windows-11-10.0.26200-SP0,3.13.3,3.2.6,8,Intel(R) Core(TM) i7-8650U CPU @ 1.90GHz,0,,,,7.87811279296875,machine,0.0,0,0.0,0.0,N,1.0,0.0
2026-05-07T18:31:43,codecarbon,49e2228a-3bf2-4be2-be3f-b24bfd5bed7c,5b0fa12a-3dd7-45bb-9766-cc326314d9f1,1.5041714000108186,1.838011834867495e-06,1.22194308099082e-06,1.6985326875000002,0.0,10.0,4.733063245704132e-07,0.0,2.785834166651411e-06,3.259140491221824e-06,0.0,Tunisia,TUN,,,,Windows-11-10.0.26200-SP0,3.13.3,3.2.6,8,Intel(R) Core(TM) i7-8650U CPU @ 1.90GHz,0,,,,7.87811279296875,machine,0.0,0,0.0,0.0,N,1.0,0.0
2026-05-07T18:31:46,codecarbon,b362f12f-3461-4fea-bf55-28cab11b2daa,5b0fa12a-3dd7-45bb-9766-cc326314d9f1,1.504739800002426,1.852020341622465e-06,1.2307910920010751e-06,1.777706124,0.0,10.0,4.958038181643854e-07,0.0,2.78817638884195e-06,3.2839802070063355e-06,0.0,Tunisia,TUN,,,,Windows-11-10.0.26200-SP0,3.13.3,3.2.6,8,Intel(R) Core(TM) i7-8650U CPU @ 1.90GHz,0,,,,7.87811279296875,machine,0.0,0,0.0,0.0,N,1.0,0.0
2026-05-07T18:31:49,codecarbon,21517e42-5a6a-4a8f-8ac6-a1bd1347e824,5b0fa12a-3dd7-45bb-9766-cc326314d9f1,1.5039938999980222,1.8264545330951137e-06,1.2144028862733522e-06,1.6214853120000003,0.0,10.0,4.519741671056644e-07,0.0,2.78667305554134e-06,3.238647222647004e-06,0.0,Tunisia,TUN,,,,Windows-11-10.0.26200-SP0,3.13.3,3.2.6,8,Intel(R) Core(TM) i7-8650U CPU @ 1.90GHz,0,,,,7.87811279296875,machine,0.0,0,0.0,0.0,N,1.0,0.0
2026-05-07T18:31:52,codecarbon,0c0ae298-8786-436d-b033-4b3f8424f9e2,5b0fa12a-3dd7-45bb-9766-cc326314d9f1,1.5040376000106337,1.82167266885348e-06,1.2111882501079765e-06,1.6001008125000002,0.0,10.0,4.4566141172604114e-07,0.0,2.784506666729512e-06,3.230168078455553e-06,0.0,Tunisia,TUN,,,,Windows-11-10.0.26200-SP0,3.13.3,3.2.6,8,Intel(R) Core(TM) i7-8650U CPU @ 1.90GHz,0,,,,7.87811279296875,machine,0.0,0,0.0,0.0,N,1.0,0.0
2026-05-07T18:31:56,codecarbon,e94a6c9c-da55-4552-9db1-0277d6495f51,5b0fa12a-3dd7-45bb-9766-cc326314d9f1,1.5047820000036154,1.8247174189707304e-06,1.2126124707541335e-06,1.6047922920000002,0.0,10.0,4.476064372002634e-07,0.0,2.787960555562879e-06,3.235566992763142e-06,0.0,Tunisia,TUN,,,,Windows-11-10.0.26200-SP0,3.13.3,3.2.6,8,Intel(R) Core(TM) i7-8650U CPU @ 1.90GHz,0,,,,7.87811279296875,machine,0.0,0,0.0,0.0,N,1.0,0.0
2026-05-07T18:31:59,codecarbon,edf5dd2c-fd00-4599-b0df-7a9461479a7c,5b0fa12a-3dd7-45bb-9766-cc326314d9f1,1.504716900002677,1.8527164748934577e-06,1.231272457224453e-06,1.7869280955,0.0,10.0,4.981976377734667e-07,0.0,2.787016944380917e-06,3.285214582154384e-06,0.0,Tunisia,TUN,,,,Windows-11-10.0.26200-SP0,3.13.3,3.2.6,8,Intel(R) Core(TM) i7-8650U CPU @ 1.90GHz,0,,,,7.87811279296875,machine,0.0,0,0.0,0.0,N,1.0,0.0
2026-05-07T18:32:02,codecarbon,514ab3e9-8ed0-4063-9ec5-783244870763,5b0fa12a-3dd7-45bb-9766-cc326314d9f1,1.5042076999961864,1.827950273162124e-06,1.215224648276138e-06,1.6304585595,0.0,10.0,4.544941731536008e-07,0.0,2.786805277800239e-06,3.24129945095384e-06,0.0,Tunisia,TUN,,,,Windows-11-10.0.26200-SP0,3.13.3,3.2.6,8,Intel(R) Core(TM) i7-8650U CPU @ 1.90GHz,0,,,,7.87811279296875,machine,0.0,0,0.0,0.0,N,1.0,0.0
2026-05-07T18:32:07,codecarbon,7513aa66-96b0-4e0b-8a0b-7e9330fc94c9,5b0fa12a-3dd7-45bb-9766-cc326314d9f1,4.284668300009798,6.8457930658333215e-06,1.5977416655141465e-06,1.548486969,0.0,10.0,1.627731305800614e-06,0.0,1.051114666665348e-05,1.2138877972454095e-05,0.0,Tunisia,TUN,,,,Windows-11-10.0.26200-SP0,3.13.3,3.2.6,8,Intel(R) Core(TM) i7-8650U CPU @ 1.90GHz,0,,,,7.87811279296875,machine,0.0,0,81.45,6.41510009765625,N,1.0,0.0
2026-05-07T18:32:13,codecarbon,2930daf5-61a3-4952-97bf-005c6503544c,5b0fa12a-3dd7-45bb-9766-cc326314d9f1,4.396472599997651,7.05603542332747e-06,1.6049310584424522e-06,1.5629445330000002,0.0,10.0,1.6912663601762495e-06,0.0,1.0820410833305989e-05,1.2511677193482238e-05,0.0,Tunisia,TUN,,,,Windows-11-10.0.26200-SP0,3.13.3,3.2.6,8,Intel(R) Core(TM) i7-8650U CPU @ 1.90GHz,0,,,,7.87811279296875,machine,0.0,0,81.80000000000001,6.447500228881836,N,1.0,0.0
2026-05-07T18:32:19,codecarbon,675f8f6b-d375-418c-82d2-22391fe417a4,5b0fa12a-3dd7-45bb-9766-cc326314d9f1,4.280023600003915,6.8307397147006025e-06,1.5959584229148536e-06,1.5372316095,0.0,10.0,1.613919440096059e-06,0.0,1.049826611108276e-05,1.211218555117882e-05,0.0,Tunisia,TUN,,,,Windows-11-10.0.26200-SP0,3.13.3,3.2.6,8,Intel(R) Core(TM) i7-8650U CPU @ 1.90GHz,0,,,,7.87811279296875,machine,0.0,0,81.75,6.438241958618164,N,1.0,0.0
2026-05-07T18:32:25,codecarbon,bf995848-89d4-4c8a-8ecb-5d4babe79480,5b0fa12a-3dd7-45bb-9766-cc326314d9f1,4.2484434999933,6.773384989878954e-06,1.594321541498583e-06,1.5374584185,0.0,10.0,1.600578175965056e-06,0.0,1.040990666660946e-05,1.2010484842574516e-05,0.0,Tunisia,TUN,,,,Windows-11-10.0.26200-SP0,3.13.3,3.2.6,8,Intel(R) Core(TM) i7-8650U CPU @ 1.90GHz,0,,,,7.87811279296875,machine,0.0,0,81.6,6.427606582641602,N,1.0,0.0
2026-05-07T18:32:31,codecarbon,0ad30439-a3a1-4c46-a0c3-c4691cf083a6,5b0fa12a-3dd7-45bb-9766-cc326314d9f1,4.333881400001701,6.956264318772184e-06,1.6050887591823472e-06,1.5849758850000004,0.0,10.0,1.6876409368680906e-06,0.0,1.0647123333344803e-05,1.2334764270212896e-05,0.0,Tunisia,TUN,,,,Windows-11-10.0.26200-SP0,3.13.3,3.2.6,8,Intel(R) Core(TM) i7-8650U CPU @ 1.90GHz,0,,,,7.87811279296875,machine,0.0,0,81.05,6.38416862487793,N,1.0,0.0
2026-05-07T18:32:37,codecarbon,428e0018-551d-4a08-903c-15d5ad0113dc,5b0fa12a-3dd7-45bb-9766-cc326314d9f1,4.248868599999696,6.785676513820894e-06,1.5970549227672938e-06,1.5575833905000005,0.0,10.0,1.621638358446587e-06,0.0,1.0410641666627878e-05,1.2032280025074464e-05,0.0,Tunisia,TUN,,,,Windows-11-10.0.26200-SP0,3.13.3,3.2.6,8,Intel(R) Core(TM) i7-8650U CPU @ 1.90GHz,0,,,,7.87811279296875,machine,0.0,0,81.1,6.390327453613281,N,1.0,0.0
2026-05-07T18:32:43,codecarbon,5ca2fbce-9551-4644-a4ee-0aaf65d50795,5b0fa12a-3dd7-45bb-9766-cc326314d9f1,4.299674700014293,6.8728378879071405e-06,1.5984553175346716e-06,1.5489455460000003,0.0,10.0,1.634584636953824e-06,0.0,1.055224888890128e-05,1.2186833525855105e-05,0.0,Tunisia,TUN,,,,Windows-11-10.0.26200-SP0,3.13.3,3.2.6,8,Intel(R) Core(TM) i7-8650U CPU @ 1.90GHz,0,,,,7.87811279296875,machine,0.0,0,81.1,6.391653060913086,N,1.0,0.0
2026-05-07T18:32:48,codecarbon,5a9a2321-da1d-4dd6-ad03-c81b7bbe93dd,5b0fa12a-3dd7-45bb-9766-cc326314d9f1,4.288464899989776,6.842860302661063e-06,1.5956433041290317e-06,1.5324689355,0.0,10.0,1.6124381876511648e-06,0.0,1.0521239444400029e-05,1.2133677632051194e-05,0.0,Tunisia,TUN,,,,Windows-11-10.0.26200-SP0,3.13.3,3.2.6,8,Intel(R) Core(TM) i7-8650U CPU @ 1.90GHz,0,,,,7.87811279296875,machine,0.0,0,81.3,6.403476715087891,N,1.0,0.0
2026-05-07T18:32:54,codecarbon,676a2c61-e6e4-424e-822c-6b94e4a42bcd,5b0fa12a-3dd7-45bb-9766-cc326314d9f1,4.3378075000073295,6.940876104618426e-06,1.6000885480987108e-06,1.5473955210000003,0.0,10.0,1.649335573853235e-06,0.0,1.06581425000008e-05,1.2307478073854034e-05,0.0,Tunisia,TUN,,,,Windows-11-10.0.26200-SP0,3.13.3,3.2.6,8,Intel(R) Core(TM) i7-8650U CPU @ 1.90GHz,0,,,,7.87811279296875,machine,0.0,0,81.4,6.412376403808594,N,1.0,0.0
2026-05-07T18:33:00,codecarbon,4d4cc9fd-92eb-4665-b423-a3c3ad0e0eb0,5b0fa12a-3dd7-45bb-9766-cc326314d9f1,4.212501899979543,6.720418167914355e-06,1.5953507743099158e-06,1.558856904,0.0,10.0,1.607179432838386e-06,0.0,1.0309385277731862e-05,1.1916564710570248e-05,0.0,Tunisia,TUN,,,,Windows-11-10.0.26200-SP0,3.13.3,3.2.6,8,Intel(R) Core(TM) i7-8650U CPU @ 1.90GHz,0,,,,7.87811279296875,machine,0.0,0,81.3,6.402372360229492,N,1.0,0.0
2026-05-07T18:33:06,codecarbon,7f27d34f-29bc-4f2f-b160-cb0bafcd6f56,5b0fa12a-3dd7-45bb-9766-cc326314d9f1,4.255558400007431,6.798572130858653e-06,1.5975746287130692e-06,1.5579547170000003,0.0,10.0,1.6250572115048158e-06,0.0,1.043008916668542e-05,1.2055146378190236e-05,0.0,Tunisia,TUN,,,,Windows-11-10.0.26200-SP0,3.13.3,3.2.6,8,Intel(R) Core(TM) i7-8650U CPU @ 1.90GHz,0,,,,7.87811279296875,machine,0.0,0,81.3,6.407451629638672,N,1.0,0.0
2026-05-07T18:33:12,codecarbon,80c4cec8-8acd-4761-b472-a2ec6b5834f4,5b0fa12a-3dd7-45bb-9766-cc326314d9f1,4.4414759000064805,7.129243508800802e-06,1.605151906552144e-06,1.5501779250000003,0.0,10.0,1.696732779477808e-06,0.0,1.0944756111146286e-05,1.2641488890624097e-05,0.0,Tunisia,TUN,,,,Windows-11-10.0.26200-SP0,3.13.3,3.2.6,8,Intel(R) Core(TM) i7-8650U CPU @ 1.90GHz,0,,,,7.87811279296875,machine,0.0,0,82.15,6.471380233764648,N,1.0,0.0
2026-05-07T18:33:18,codecarbon,3632cb6c-785c-4569-9395-d29532ea5cc9,5b0fa12a-3dd7-45bb-9766-cc326314d9f1,4.3385218999756034,6.98592043830669e-06,1.6102074852603542e-06,1.6193448375,0.0,10.0,1.726469311553912e-06,0.0,1.0660880833327409e-05,1.238735014488132e-05,0.0,Tunisia,TUN,,,,Windows-11-10.0.26200-SP0,3.13.3,3.2.6,8,Intel(R) Core(TM) i7-8650U CPU @ 1.90GHz,0,,,,7.87811279296875,machine,0.0,0,82.4,6.492959976196289,N,1.0,0.0
2026-05-07T18:33:23,codecarbon,ed212f70-1ea4-42f1-9821-80562fd9beee,5b0fa12a-3dd7-45bb-9766-cc326314d9f1,4.251998699997785,6.779078476419931e-06,1.594327504480061e-06,1.5365313600000003,0.0,10.0,1.601081853379145e-06,0.0,1.0419498611089592e-05,1.2020580464468738e-05,0.0,Tunisia,TUN,,,,Windows-11-10.0.26200-SP0,3.13.3,3.2.6,8,Intel(R) Core(TM) i7-8650U CPU @ 1.90GHz,0,,,,7.87811279296875,machine,0.0,0,81.9,6.451452255249023,N,1.0,0.0
2026-05-07T18:33:29,codecarbon,92871b30-ec02-481a-99a5-93eb7b217a7d,5b0fa12a-3dd7-45bb-9766-cc326314d9f1,4.29713749999064,6.900752146753415e-06,1.6058951212914286e-06,1.6040564430000002,0.0,10.0,1.691544087479222e-06,0.0,1.0544786666610484e-05,1.2236330754089708e-05,0.0,Tunisia,TUN,,,,Windows-11-10.0.26200-SP0,3.13.3,3.2.6,8,Intel(R) Core(TM) i7-8650U CPU @ 1.90GHz,0,,,,7.87811279296875,machine,0.0,0,82.35,6.484958648681641,N,1.0,0.0
2026-05-07T18:33:32,codecarbon,e336ee4d-faf9-4db5-9638-4e83287e5a3c,5b0fa12a-3dd7-45bb-9766-cc326314d9f1,1.504353299998911,1.8183186867736804e-06,1.2087045554890574e-06,1.5735989760000002,0.0,10.0,4.384797266343071e-07,0.0,2.78574111111488e-06,3.2242208377491867e-06,0.0,Tunisia,TUN,,,,Windows-11-10.0.26200-SP0,3.13.3,3.2.6,8,Intel(R) Core(TM) i7-8650U CPU @ 1.90GHz,0,,,,7.87811279296875,machine,0.0,0,0.0,0.0,N,1.0,0.0
2026-05-07T18:33:35,codecarbon,afb75dc2-5746-45d8-b1b3-6a81f5bf5066,5b0fa12a-3dd7-45bb-9766-cc326314d9f1,1.5047749000077602,1.821021943106452e-06,1.210162359231976e-06,1.586870556,0.0,10.0,4.423406082820384e-07,0.0,2.7866736111011256e-06,3.229014219383164e-06,0.0,Tunisia,TUN,,,,Windows-11-10.0.26200-SP0,3.13.3,3.2.6,8,Intel(R) Core(TM) i7-8650U CPU @ 1.90GHz,0,,,,7.87811279296875,machine,0.0,0,0.0,0.0,N,1.0,0.0
2026-05-07T18:33:38,codecarbon,699fa969-fa48-49c6-b93a-7978605ad5ec,5b0fa12a-3dd7-45bb-9766-cc326314d9f1,1.504129600012675,1.8172887362900524e-06,1.2081995702197062e-06,1.5675028485000002,0.0,10.0,4.367639864065027e-07,0.0,2.78563055552594e-06,3.222394541932442e-06,0.0,Tunisia,TUN,,,,Windows-11-10.0.26200-SP0,3.13.3,3.2.6,8,Intel(R) Core(TM) i7-8650U CPU @ 1.90GHz,0,,,,7.87811279296875,machine,0.0,0,0.0,0.0,N,1.0,0.0
2026-05-07T18:33:41,codecarbon,17094659-e306-4ec4-8537-e4590d6f1db0,5b0fa12a-3dd7-45bb-9766-cc326314d9f1,1.5049897000135388,1.82009574631309e-06,1.2093742211635845e-06,1.578732,0.0,10.0,4.40160787211081e-07,0.0,2.787211111151717e-06,3.227371898362798e-06,0.0,Tunisia,TUN,,,,Windows-11-10.0.26200-SP0,3.13.3,3.2.6,8,Intel(R) Core(TM) i7-8650U CPU @ 1.90GHz,0,,,,7.87811279296875,machine,0.0,0,0.0,0.0,N,1.0,0.0
2026-05-07T18:33:44,codecarbon,325152ab-aa6c-48bd-a0af-cdbd17cfb1b3,5b0fa12a-3dd7-45bb-9766-cc326314d9f1,1.504383899999084,1.819962975748051e-06,1.2097729680230952e-06,1.5827345745000003,0.0,10.0,4.410703601094518e-07,0.0,2.7860661110834267e-06,3.2271364711928785e-06,0.0,Tunisia,TUN,,,,Windows-11-10.0.26200-SP0,3.13.3,3.2.6,8,Intel(R) Core(TM) i7-8650U CPU @ 1.90GHz,0,,,,7.87811279296875,machine,0.0,0,0.0,0.0,N,1.0,0.0
2026-05-07T18:33:47,codecarbon,f05ca830-3856-4e16-beb8-8f2cbdd3aded,5b0fa12a-3dd7-45bb-9766-cc326314d9f1,1.5040738999960013,1.820578759236308e-06,1.210431720968729e-06,1.5897030720000005,0.0,10.0,4.429005932849111e-07,0.0,2.785327777787137e-06,3.228228371072048e-06,0.0,Tunisia,TUN,,,,Windows-11-10.0.26200-SP0,3.13.3,3.2.6,8,Intel(R) Core(TM) i7-8650U CPU @ 1.90GHz,0,,,,7.87811279296875,machine,0.0,0,0.0,0.0,N,1.0,0.0
2026-05-07T18:33:50,codecarbon,fcbf00f4-8cfc-4326-94c0-fa6d0be950e2,5b0fa12a-3dd7-45bb-9766-cc326314d9f1,1.5029716000135522,1.911922795075341e-06,1.272095091522755e-06,2.1782860215000004,0.0,10.0,6.065518507452405e-07,0.0,2.7836466666485647e-06,3.3901985173938053e-06,0.0,Tunisia,TUN,,,,Windows-11-10.0.26200-SP0,3.13.3,3.2.6,8,Intel(R) Core(TM) i7-8650U CPU @ 1.90GHz,0,,,,7.87811279296875,machine,0.0,0,0.0,0.0,N,1.0,0.0
2026-05-07T18:33:53,codecarbon,3c3d6eae-95ba-4e93-b024-c56e9f49dbc9,5b0fa12a-3dd7-45bb-9766-cc326314d9f1,1.5034291000047233,1.8216543843251363e-06,1.2116663062590802e-06,1.6001008125000002,0.0,10.0,4.45667323202868e-07,0.0,2.784468333346821e-06,3.230135656549689e-06,0.0,Tunisia,TUN,,,,Windows-11-10.0.26200-SP0,3.13.3,3.2.6,8,Intel(R) Core(TM) i7-8650U CPU @ 1.90GHz,0,,,,7.87811279296875,machine,0.0,0,0.0,0.0,N,1.0,0.0
2026-05-07T18:33:56,codecarbon,8ea274f9-30b2-4c44-9457-68bbefaebdb4,5b0fa12a-3dd7-45bb-9766-cc326314d9f1,1.504146099992795,1.8185735709375751e-06,1.2090405120528428e-06,1.5748606455,0.0,10.0,4.388419619919993e-07,0.0,2.785830833292695e-06,3.2246727952846945e-06,0.0,Tunisia,TUN,,,,Windows-11-10.0.26200-SP0,3.13.3,3.2.6,8,Intel(R) Core(TM) i7-8650U CPU @ 1.90GHz,0,,,,7.87811279296875,machine,0.0,0,0.0,0.0,N,1.0,0.0
2026-05-07T18:33:59,codecarbon,c290aeac-c347-456d-8e10-8f8553d5ba2c,5b0fa12a-3dd7-45bb-9766-cc326314d9f1,1.5044170999899509,1.8220686229340376e-06,1.211145913554299e-06,1.5897030720000005,0.0,10.0,4.432629572645727e-07,0.0,2.7876072222069424e-06,3.230870179471515e-06,0.0,Tunisia,TUN,,,,Windows-11-10.0.26200-SP0,3.13.3,3.2.6,8,Intel(R) Core(TM) i7-8650U CPU @ 1.90GHz,0,,,,7.87811279296875,machine,0.0,0,0.0,0.0,N,1.0,0.0
2026-05-07T18:34:03,codecarbon,9d6ef940-2b36-40a5-b70c-a119035c55a3,5b0fa12a-3dd7-45bb-9766-cc326314d9f1,1.5036107000196353,1.82215654094838e-06,1.211853933285115e-06,1.6001008125000002,0.0,10.0,4.457774634732938e-07,0.0,2.7852486111644085e-06,3.2310260746377023e-06,0.0,Tunisia,TUN,,,,Windows-11-10.0.26200-SP0,3.13.3,3.2.6,8,Intel(R) Core(TM) i7-8650U CPU @ 1.90GHz,0,,,,7.87811279296875,machine,0.0,0,0.0,0.0,N,1.0,0.0
2026-05-07T18:34:06,codecarbon,c2c55d8a-37a6-42bb-93e3-bedf05fd3953,5b0fa12a-3dd7-45bb-9766-cc326314d9f1,1.504389900015667,1.905422599824792e-06,1.26657497488181e-06,2.1246217665,0.0,10.0,5.921799493277609e-07,0.0,2.7864924999852924e-06,3.378672449313053e-06,0.0,Tunisia,TUN,,,,Windows-11-10.0.26200-SP0,3.13.3,3.2.6,8,Intel(R) Core(TM) i7-8650U CPU @ 1.90GHz,0,,,,7.87811279296875,machine,0.0,0,0.0,0.0,N,1.0,0.0
2026-05-07T18:34:09,codecarbon,e0662f89-ce85-4e30-975e-81784f81b2f9,5b0fa12a-3dd7-45bb-9766-cc326314d9f1,1.504247700009728,1.821808638719004e-06,1.2111094726667837e-06,1.5925965000000006,0.0,10.0,4.43894734151489e-07,0.0,2.7865144444351448e-06,3.230409178586633e-06,0.0,Tunisia,TUN,,,,Windows-11-10.0.26200-SP0,3.13.3,3.2.6,8,Intel(R) Core(TM) i7-8650U CPU @ 1.90GHz,0,,,,7.87811279296875,machine,0.0,0,0.0,0.0,N,1.0,0.0
2026-05-07T18:34:12,codecarbon,cdc3fcf0-c200-4253-ae89-cafeea101356,5b0fa12a-3dd7-45bb-9766-cc326314d9f1,1.5045628999941982,1.820300521790736e-06,1.2098533878495574e-06,1.584098304,0.0,10.0,4.4149972603348564e-07,0.0,2.7862352777447085e-06,3.227735003778194e-06,0.0,Tunisia,TUN,,,,Windows-11-10.0.26200-SP0,3.13.3,3.2.6,8,Intel(R) Core(TM) i7-8650U CPU @ 1.90GHz,0,,,,7.87811279296875,machine,0.0,0,0.0,0.0,N,1.0,0.0
2026-05-07T18:34:15,codecarbon,440040bc-8697-4023-a3d4-73a8da10368f,5b0fa12a-3dd7-45bb-9766-cc326314d9f1,1.5041528999863658,1.8255488325768144e-06,1.2136723817062493e-06,1.6197415305000002,0.0,10.0,4.513365231837562e-07,0.0,2.7857047221914403e-06,3.2370412453751963e-06,0.0,Tunisia,TUN,,,,Windows-11-10.0.26200-SP0,3.13.3,3.2.6,8,Intel(R) Core(TM) i7-8650U CPU @ 1.90GHz,0,,,,7.87811279296875,machine,0.0,0,0.0,0.0,N,1.0,0.0
2026-05-07T18:34:18,codecarbon,a336fcac-9161-4c21-92ac-65ba0415dd1f,5b0fa12a-3dd7-45bb-9766-cc326314d9f1,1.503452600009041,1.819810607949722e-06,1.210421005583268e-06,1.5882792405,0.0,10.0,4.423879611023421e-07,0.0,2.784478333342122e-06,3.226866294444464e-06,0.0,Tunisia,TUN,,,,Windows-11-10.0.26200-SP0,3.13.3,3.2.6,8,Intel(R) Core(TM) i7-8650U CPU @ 1.90GHz,0,,,,7.87811279296875,machine,0.0,0,0.0,0.0,N,1.0,0.0
2026-05-07T18:34:21,codecarbon,1b626772-239a-44c5-a8a4-d3f68d7a9135,5b0fa12a-3dd7-45bb-9766-cc326314d9f1,1.5034963999933098,1.8278277577937945e-06,1.2157180807362942e-06,1.6417966965,0.0,10.0,4.571838748033158e-07,0.0,2.7838983333721345e-06,3.24108220817545e-06,0.0,Tunisia,TUN,,,,Windows-11-10.0.26200-SP0,3.13.3,3.2.6,8,Intel(R) Core(TM) i7-8650U CPU @ 1.90GHz,0,,,,7.87811279296875,machine,0.0,0,0.0,0.0,N,1.0,0.0
2026-05-07T18:34:24,codecarbon,c7162e2e-d133-45a5-8e34-e1e282fa3640,5b0fa12a-3dd7-45bb-9766-cc326314d9f1,1.5031987999973353,1.833528240609232e-06,1.2197510007408746e-06,1.6797127155,0.0,10.0,4.676824580263633e-07,0.0,2.7835077777530795e-06,3.251190235779443e-06,0.0,Tunisia,TUN,,,,Windows-11-10.0.26200-SP0,3.13.3,3.2.6,8,Intel(R) Core(TM) i7-8650U CPU @ 1.90GHz,0,,,,7.87811279296875,machine,0.0,0,0.0,0.0,N,1.0,0.0
2026-05-07T18:34:27,codecarbon,0eb243af-77cc-40e2-9037-54605e711387,5b0fa12a-3dd7-45bb-9766-cc326314d9f1,1.504063700005645,1.8222125647382696e-06,1.2115261905007287e-06,1.5970522695000002,0.0,10.0,4.4506652646142914e-07,0.0,2.786058888887055e-06,3.2311254153484844e-06,0.0,Tunisia,TUN,,,,Windows-11-10.0.26200-SP0,3.13.3,3.2.6,8,Intel(R) Core(TM) i7-8650U CPU @ 1.90GHz,0,,,,7.87811279296875,machine,0.0,0,0.0,0.0,N,1.0,0.0
2026-05-07T18:34:30,codecarbon,8cd64be7-f529-4326-b593-4a2321839f76,5b0fa12a-3dd7-45bb-9766-cc326314d9f1,1.503828800021438,1.8231583620961293e-06,1.2123443586598018e-06,1.608,0.0,10.0,4.479447140078992e-07,0.0,2.7848577778463048e-06,3.232802491854204e-06,0.0,Tunisia,TUN,,,,Windows-11-10.0.26200-SP0,3.13.3,3.2.6,8,Intel(R) Core(TM) i7-8650U CPU @ 1.90GHz,0,,,,7.87811279296875,machine,0.0,0,0.0,0.0,N,1.0,0.0
2026-05-07T18:34:33,codecarbon,54469b71-4fbd-4e94-a178-234199e4c7e8,5b0fa12a-3dd7-45bb-9766-cc326314d9f1,1.5040242999966722,1.8219633347098213e-06,1.21139221933705e-06,1.598568684,0.0,10.0,4.453693170047546e-07,0.0,2.785314166653229e-06,3.2306834836579834e-06,0.0,Tunisia,TUN,,,,Windows-11-10.0.26200-SP0,3.13.3,3.2.6,8,Intel(R) Core(TM) i7-8650U CPU @ 1.90GHz,0,,,,7.87811279296875,machine,0.0,0,0.0,0.0,N,1.0,0.0
2026-05-07T18:34:36,codecarbon,d7d8ff3c-001f-46d8-a204-ba1b69b350a6,5b0fa12a-3dd7-45bb-9766-cc326314d9f1,1.504190900013782,1.8247843761964265e-06,1.2131335033204277e-06,1.6197415305000002,0.0,10.0,4.5115488717320374e-07,0.0,2.784530833337663e-06,3.235685720510867e-06,0.0,Tunisia,TUN,,,,Windows-11-10.0.26200-SP0,3.13.3,3.2.6,8,Intel(R) Core(TM) i7-8650U CPU @ 1.90GHz,0,,,,7.87811279296875,machine,0.0,0,0.0,0.0,N,1.0,0.0
2026-05-07T18:34:39,codecarbon,d9e52936-f28e-4005-b460-383ea1fff0d0,5b0fa12a-3dd7-45bb-9766-cc326314d9f1,1.5028481000044849,1.8198863064222127e-06,1.2109582508150906e-06,1.5925965000000006,0.0,10.0,4.434169109679925e-07,0.0,2.7835836110979368e-06,3.2270005220659294e-06,0.0,Tunisia,TUN,,,,Windows-11-10.0.26200-SP0,3.13.3,3.2.6,8,Intel(R) Core(TM) i7-8650U CPU @ 1.90GHz,0,,,,7.87811279296875,machine,0.0,0,0.0,0.0,N,1.0,0.0
2026-05-07T18:34:42,codecarbon,3849efdb-7b20-4ff4-9d4e-5db5c584ec33,5b0fa12a-3dd7-45bb-9766-cc326314d9f1,1.5048879999958444,1.819098021784416e-06,1.2087929611967397e-06,1.5698991795,0.0,10.0,4.377766341571599e-07,0.0,2.787826111064836e-06,3.225602745221996e-06,0.0,Tunisia,TUN,,,,Windows-11-10.0.26200-SP0,3.13.3,3.2.6,8,Intel(R) Core(TM) i7-8650U CPU @ 1.90GHz,0,,,,7.87811279296875,machine,0.0,0,0.0,0.0,N,1.0,0.0
2026-05-07T18:34:45,codecarbon,7693b721-69a7-4ceb-b283-923c6db68be2,5b0fa12a-3dd7-45bb-9766-cc326314d9f1,1.5038759000017308,1.817592462577027e-06,1.2086053527255374e-06,1.5698991795,0.0,10.0,4.374147723949877e-07,0.0,2.785518333338486e-06,3.2229331057334736e-06,0.0,Tunisia,TUN,,,,Windows-11-10.0.26200-SP0,3.13.3,3.2.6,8,Intel(R) Core(TM) i7-8650U CPU @ 1.90GHz,0,,,,7.87811279296875,machine,0.0,0,0.0,0.0,N,1.0,0.0
2026-05-07T18:34:48,codecarbon,f6eefc46-2b85-4921-ba78-3cfc2f411aa5,5b0fa12a-3dd7-45bb-9766-cc326314d9f1,1.5033697000180837,1.8206335460002e-06,1.2110351472284558e-06,1.5940662585,0.0,10.0,4.439746849617981e-07,0.0,2.784350833341401e-06,3.2283255183032e-06,0.0,Tunisia,TUN,,,,Windows-11-10.0.26200-SP0,3.13.3,3.2.6,8,Intel(R) Core(TM) i7-8650U CPU @ 1.90GHz,0,,,,7.87811279296875,machine,0.0,0,0.0,0.0,N,1.0,0.0
2026-05-07T18:34:51,codecarbon,72c184be-475d-436f-ab55-e68536cf8ba8,5b0fa12a-3dd7-45bb-9766-cc326314d9f1,1.504248400015058,1.817500156854048e-06,1.2082447000348176e-06,1.5675028485000002,0.0,10.0,4.3681331919995947e-07,0.0,2.7859561111351164e-06,3.222769430335076e-06,0.0,Tunisia,TUN,,,,Windows-11-10.0.26200-SP0,3.13.3,3.2.6,8,Intel(R) Core(TM) i7-8650U CPU @ 1.90GHz,0,,,,7.87811279296875,machine,0.0,0,0.0,0.0,N,1.0,0.0
2026-05-07T18:34:54,codecarbon,b8858bce-ab64-4aae-8af9-1c8109fe39de,5b0fa12a-3dd7-45bb-9766-cc326314d9f1,1.504086799977813,1.816723135713191e-06,1.2078579080276418e-06,1.5628757505000006,0.0,10.0,4.3551412579719093e-07,0.0,2.7858774999913298e-06,3.2213916257885205e-06,0.0,Tunisia,TUN,,,,Windows-11-10.0.26200-SP0,3.13.3,3.2.6,8,Intel(R) Core(TM) i7-8650U CPU @ 1.90GHz,0,,,,7.87811279296875,machine,0.0,0,0.0,0.0,N,1.0,0.0
2026-05-07T18:34:58,codecarbon,48855833-d450-4d6b-8187-50e30f29c3c6,5b0fa12a-3dd7-45bb-9766-cc326314d9f1,1.5034508999960965,1.825928388128293e-06,1.2144915328681732e-06,1.6286297280000002,0.0,10.0,4.536126020796509e-07,0.0,2.7841016666368685e-06,3.23771426871652e-06,0.0,Tunisia,TUN,,,,Windows-11-10.0.26200-SP0,3.13.3,3.2.6,8,Intel(R) Core(TM) i7-8650U CPU @ 1.90GHz,0,,,,7.87811279296875,machine,0.0,0,0.0,0.0,N,1.0,0.0
2026-05-07T18:35:01,codecarbon,5227b317-8b98-4e29-b38e-bfea50ae0e62,5b0fa12a-3dd7-45bb-9766-cc326314d9f1,1.503207100002328,1.826561998667684e-06,1.215110012895e-06,1.632304644,0.0,10.0,4.545941681972874e-07,0.0,2.7842436111111763e-06,3.238837779308464e-06,0.0,Tunisia,TUN,,,,Windows-11-10.0.26200-SP0,3.13.3,3.2.6,8,Intel(R) Core(TM) i7-8650U CPU @ 1.90GHz,0,,,,7.87811279296875,machine,0.0,0,0.0,0.0,N,1.0,0.0
2026-05-07T18:35:04,codecarbon,86f069e9-44f6-4454-b175-e9e74b70ece1,5b0fa12a-3dd7-45bb-9766-cc326314d9f1,1.5059005999937654,1.8200318486294315e-06,1.2086002546495877e-06,1.5640120320000002,0.0,10.0,4.3661359576375283e-07,0.0,2.790644999994482e-06,3.227258595758236e-06,0.0,Tunisia,TUN,,,,Windows-11-10.0.26200-SP0,3.13.3,3.2.6,8,Intel(R) Core(TM) i7-8650U CPU @ 1.90GHz,0,,,,7.87811279296875,machine,0.0,0,0.0,0.0,N,1.0,0.0
2026-05-07T18:35:07,codecarbon,2ce3bbbe-684a-4e61-838d-2c302e111261,5b0fa12a-3dd7-45bb-9766-cc326314d9f1,1.507950900006108,1.826518906634108e-06,1.2112588723059278e-06,1.584098304,0.0,10.0,4.429941467794894e-07,0.0,2.795767222253037e-06,3.238761369032526e-06,0.0,Tunisia,TUN,,,,Windows-11-10.0.26200-SP0,3.13.3,3.2.6,8,Intel(R) Core(TM) i7-8650U CPU @ 1.90GHz,0,,,,7.87811279296875,machine,0.0,0,0.0,0.0,N,1.0,0.0
2026-05-07T18:35:10,codecarbon,14f030bb-7655-4338-8f46-ef4298545a1e,5b0fa12a-3dd7-45bb-9766-cc326314d9f1,1.5050606000004336,1.8223216688860728e-06,1.2107962090599858e-06,1.5911421315,0.0,10.0,4.4368304421846906e-07,0.0,2.787635833293381e-06,3.23131887751185e-06,0.0,Tunisia,TUN,,,,Windows-11-10.0.26200-SP0,3.13.3,3.2.6,8,Intel(R) Core(TM) i7-8650U CPU @ 1.90GHz,0,,,,7.87811279296875,machine,0.0,0,0.0,0.0,N,1.0,0.0
2026-05-07T18:35:13,codecarbon,9c08f46e-5f2f-47db-b8b2-df081e86343f,5b0fa12a-3dd7-45bb-9766-cc326314d9f1,1.5048042999987956,1.8231353645216109e-06,1.211543165129891e-06,1.6001008125000002,0.0,10.0,4.460314350364565e-07,0.0,2.78673027779506e-06,3.232761712831517e-06,0.0,Tunisia,TUN,,,,Windows-11-10.0.26200-SP0,3.13.3,3.2.6,8,Intel(R) Core(TM) i7-8650U CPU @ 1.90GHz,0,,,,7.87811279296875,machine,0.0,0,0.0,0.0,N,1.0,0.0
2026-05-07T18:35:16,codecarbon,5ec22448-c624-4e86-947c-41c2b773d6b2,5b0fa12a-3dd7-45bb-9766-cc326314d9f1,1.505387699988205,1.823974629679836e-06,1.2116311496992617e-06,1.5925965000000006,0.0,10.0,4.444329432819122e-07,0.0,2.789816944439533e-06,3.2342498877214456e-06,0.0,Tunisia,TUN,,,,Windows-11-10.0.26200-SP0,3.13.3,3.2.6,8,Intel(R) Core(TM) i7-8650U CPU @ 1.90GHz,0,,,,7.87811279296875,machine,0.0,0,0.0,0.0,N,1.0,0.0
2026-05-07T18:35:19,codecarbon,645ffecc-a509-457e-81c4-8a160c49371b,5b0fa12a-3dd7-45bb-9766-cc326314d9f1,1.5055050999799278,1.8174253018683648e-06,1.2071864133124463e-06,1.5522435555,0.0,10.0,4.3311669837664e-07,0.0,2.7895199999976387e-06,3.2226366983742787e-06,0.0,Tunisia,TUN,,,,Windows-11-10.0.26200-SP0,3.13.3,3.2.6,8,Intel(R) Core(TM) i7-8650U CPU @ 1.90GHz,0,,,,7.87811279296875,machine,0.0,0,0.0,0.0,N,1.0,0.0
2026-05-07T18:35:22,codecarbon,b4759c56-3895-4fa8-b34b-ded2c099c410,5b0fa12a-3dd7-45bb-9766-cc326314d9f1,1.505345399986254,1.8184917438124544e-06,1.2080229187461295e-06,1.5663255,0.0,10.0,4.367718670922213e-07,0.0,2.7877558333178364e-06,3.224527700410058e-06,0.0,Tunisia,TUN,,,,Windows-11-10.0.26200-SP0,3.13.3,3.2.6,8,Intel(R) Core(TM) i7-8650U CPU @ 1.90GHz,0,,,,7.87811279296875,machine,0.0,0,0.0,0.0,N,1.0,0.0
2026-05-07T18:35:25,codecarbon,b85fd8e0-97c8-49f7-bfd6-d443942fa08f,5b0fa12a-3dd7-45bb-9766-cc326314d9f1,1.5049075999995694,1.8244397471644624e-06,1.2123267549216871e-06,1.601648736,0.0,10.0,4.4673907286532834e-07,0.0,2.7883355555887747e-06,3.235074628454103e-06,0.0,Tunisia,TUN,,,,Windows-11-10.0.26200-SP0,3.13.3,3.2.6,8,Intel(R) Core(TM) i7-8650U CPU @ 1.90GHz,0,,,,7.87811279296875,machine,0.0,0,0.0,0.0,N,1.0,0.0
2026-05-07T18:35:28,codecarbon,6c145465-5299-4713-ac21-41c6dc789d9d,5b0fa12a-3dd7-45bb-9766-cc326314d9f1,1.50504550000187,1.819129007930571e-06,1.2086870516062874e-06,1.5651619215000006,0.0,10.0,4.366421339721079e-07,0.0,2.789015555511772e-06,3.22565768948388e-06,0.0,Tunisia,TUN,,,,Windows-11-10.0.26200-SP0,3.13.3,3.2.6,8,Intel(R) Core(TM) i7-8650U CPU @ 1.90GHz,0,,,,7.87811279296875,machine,0.0,0,0.0,0.0,N,1.0,0.0
2026-05-07T18:35:31,codecarbon,ba529d21-f751-4e45-b073-5852fc8b260d,5b0fa12a-3dd7-45bb-9766-cc326314d9f1,1.5045703999930993,1.817790317695079e-06,1.2081789710228356e-06,1.5651619215000006,0.0,10.0,4.3632088448367234e-07,0.0,2.786963055566756e-06,3.223283940050428e-06,0.0,Tunisia,TUN,,,,Windows-11-10.0.26200-SP0,3.13.3,3.2.6,8,Intel(R) Core(TM) i7-8650U CPU @ 1.90GHz,0,,,,7.87811279296875,machine,0.0,0,0.0,0.0,N,1.0,0.0
2026-05-07T18:35:34,codecarbon,f5d08688-b2de-460f-bd0d-70f9cdcbc42d,5b0fa12a-3dd7-45bb-9766-cc326314d9f1,1.5045498000108637,1.828742528303093e-06,1.2154749070385628e-06,1.6341680625000006,0.0,10.0,4.555795459944969e-07,0.0,2.787124722251772e-06,3.242704268246269e-06,0.0,Tunisia,TUN,,,,Windows-11-10.0.26200-SP0,3.13.3,3.2.6,8,Intel(R) Core(TM) i7-8650U CPU @ 1.90GHz,0,,,,7.87811279296875,machine,0.0,0,0.0,0.0,N,1.0,0.0
2026-05-07T18:35:37,codecarbon,ed4bfa40-325b-476f-aaba-2ad1c1239b33,5b0fa12a-3dd7-45bb-9766-cc326314d9f1,1.505097899993416,1.8271214788982569e-06,1.2139552376667656e-06,1.6163041875,0.0,10.0,4.5089678739758973e-07,0.0,2.788933055530328e-06,3.2398298429279177e-06,0.0,Tunisia,TUN,,,,Windows-11-10.0.26200-SP0,3.13.3,3.2.6,8,Intel(R) Core(TM) i7-8650U CPU @ 1.90GHz,0,,,,7.87811279296875,machine,0.0,0,0.0,0.0,N,1.0,0.0
2026-05-07T18:35:40,codecarbon,7b90a19a-34bc-426d-9526-a8cf3cde1cf7,5b0fa12a-3dd7-45bb-9766-cc326314d9f1,1.5051001999818254,1.8210050612364648e-06,1.2098895882536283e-06,1.584098304,0.0,10.0,4.416787291473687e-07,0.0,2.787305555506868e-06,3.228984284654237e-06,0.0,Tunisia,TUN,,,,Windows-11-10.0.26200-SP0,3.13.3,3.2.6,8,Intel(R) Core(TM) i7-8650U CPU @ 1.90GHz,0,,,,7.87811279296875,machine,0.0,0,0.0,0.0,N,1.0,0.0
2026-05-07T18:35:43,codecarbon,b20746f4-0da5-4d28-b56d-0e6bef9751d0,5b0fa12a-3dd7-45bb-9766-cc326314d9f1,1.5053456999885384,1.8261600264503588e-06,1.2131167123035346e-06,1.611272508,0.0,10.0,4.494877847967239e-07,0.0,2.788637222208005e-06,3.2381250070047287e-06,0.0,Tunisia,TUN,,,,Windows-11-10.0.26200-SP0,3.13.3,3.2.6,8,Intel(R) Core(TM) i7-8650U CPU @ 1.90GHz,0,,,,7.87811279296875,machine,0.0,0,0.0,0.0,N,1.0,0.0
2026-05-07T18:35:46,codecarbon,38ee3f9b-b490-48ac-a901-643626594de4,5b0fa12a-3dd7-45bb-9766-cc326314d9f1,1.5053776999993715,1.849689519493028e-06,1.2287212169369852e-06,1.7598592320000004,0.0,10.0,4.909738878863388e-07,0.0,2.788873333338415e-06,3.279847221224754e-06,0.0,Tunisia,TUN,,,,Windows-11-10.0.26200-SP0,3.13.3,3.2.6,8,Intel(R) Core(TM) i7-8650U CPU @ 1.90GHz,0,,,,7.87811279296875,machine,0.0,0,0.0,0.0,N,1.0,0.0
2026-05-07T18:35:55,codecarbon,d2b82ae9-9757-436e-8b7a-e0b94bea63db,5b0fa12a-3dd7-45bb-9766-cc326314d9f1,7.7247757999866735,1.314592904162761e-05,1.7017877776660247e-06,1.6160907081428575,0.0,10.0,3.2431214076647787e-06,0.0,2.006708194441873e-05,2.331020335208352e-05,0.0,Tunisia,TUN,,,,Windows-11-10.0.26200-SP0,3.13.3,3.2.6,8,Intel(R) Core(TM) i7-8650U CPU @ 1.90GHz,0,,,,7.87811279296875,machine,0.0,0,85.2,6.712683359781901,N,1.0,0.0
2026-05-07T18:36:05,codecarbon,fc913e0a-ba6d-4167-af4c-9f30985f1007,5b0fa12a-3dd7-45bb-9766-cc326314d9f1,7.886618399992585,1.3402691972673709e-05,1.6994218932522853e-06,1.5841054975714288,0.0,10.0,3.249998405991071e-06,0.0,2.0515493888928584e-05,2.3765492294919653e-05,0.0,Tunisia,TUN,,,,Windows-11-10.0.26200-SP0,3.13.3,3.2.6,8,Intel(R) Core(TM) i7-8650U CPU @ 1.90GHz,0,,,,7.87811279296875,machine,0.0,0,85.3,6.718883514404297,N,1.0,0.0
2026-05-07T18:36:14,codecarbon,950d6c21-1654-43c0-bef2-db6e6726f72b,5b0fa12a-3dd7-45bb-9766-cc326314d9f1,7.718467500002589,1.306437041784203e-05,1.6926119618742513e-06,1.5547303480714287,0.0,10.0,3.117109580775176e-06,0.0,2.004847500001132e-05,2.3165584580786497e-05,0.0,Tunisia,TUN,,,,Windows-11-10.0.26200-SP0,3.13.3,3.2.6,8,Intel(R) Core(TM) i7-8650U CPU @ 1.90GHz,0,,,,7.87811279296875,machine,0.0,0,84.55,6.661691029866536,N,1.0,0.0
2026-05-07T18:36:24,codecarbon,0d924c77-a157-433d-8c3e-92396347a98e,5b0fa12a-3dd7-45bb-9766-cc326314d9f1,7.954961900017224,1.3540948248097616e-05,1.702201521300598e-06,1.5963722070000002,0.0,10.0,3.305418049428913e-06,0.0,2.070522861112193e-05,2.401064666055085e-05,0.0,Tunisia,TUN,,,,Windows-11-10.0.26200-SP0,3.13.3,3.2.6,8,Intel(R) Core(TM) i7-8650U CPU @ 1.90GHz,0,,,,7.87811279296875,machine,0.0,0,84.53333333333333,6.659489949544271,N,1.0,0.0
2026-05-07T18:36:33,codecarbon,500cd725-2d6c-41e9-bbe5-62e4e973ecc3,5b0fa12a-3dd7-45bb-9766-cc326314d9f1,8.304868299979717,1.426369101968388e-05,1.7175095985229191e-06,1.6675135292142858,0.0,10.0,3.6148298996898218e-06,0.0,2.1677375555494414e-05,2.5292205455184235e-05,0.0,Tunisia,TUN,,,,Windows-11-10.0.26200-SP0,3.13.3,3.2.6,8,Intel(R) Core(TM) i7-8650U CPU @ 1.90GHz,0,,,,7.87811279296875,machine,0.0,0,83.16666666666667,6.551528930664063,N,1.0,0.0
2026-05-07T18:36:43,codecarbon,0ec1ad4d-22cd-441b-99dc-0df0735d7c59,5b0fa12a-3dd7-45bb-9766-cc326314d9f1,7.909645300009288,1.3441257830014172e-05,1.699350264163981e-06,1.580600373,0.0,10.0,3.2530984761920586e-06,0.0,2.0580778333371403e-05,2.3833876809563466e-05,0.0,Tunisia,TUN,,,,Windows-11-10.0.26200-SP0,3.13.3,3.2.6,8,Intel(R) Core(TM) i7-8650U CPU @ 1.90GHz,0,,,,7.87811279296875,machine,3.333333333333333,0,82.43333333333334,6.494861602783203,N,1.0,0.0
2026-05-07T18:36:53,codecarbon,2386dcac-ffe3-45f9-8b02-2b44e07b17ab,5b0fa12a-3dd7-45bb-9766-cc326314d9f1,8.248837999999523,1.4079830642104456e-05,1.706886550821494e-06,1.600719781714286,0.0,10.0,3.445036166049121e-06,0.0,2.152115027775936e-05,2.4966186443808483e-05,0.0,Tunisia,TUN,,,,Windows-11-10.0.26200-SP0,3.13.3,3.2.6,8,Intel(R) Core(TM) i7-8650U CPU @ 1.90GHz,0,,,,7.87811279296875,machine,0.0,0,82.60000000000001,6.507412592569987,N,1.0,0.0
2026-05-07T18:37:02,codecarbon,21c4e243-3158-48fd-94c5-01ed69918d15,5b0fa12a-3dd7-45bb-9766-cc326314d9f1,8.152878699998837,1.3874958273074566e-05,1.7018477501789086e-06,1.5751193382857145,0.0,10.0,3.348001166211798e-06,0.0,2.1254908055561828e-05,2.4602909221773625e-05,0.0,Tunisia,TUN,,,,Windows-11-10.0.26200-SP0,3.13.3,3.2.6,8,Intel(R) Core(TM) i7-8650U CPU @ 1.90GHz,0,,,,7.87811279296875,machine,16.666666666666668,0,83.25,6.558451334635417,N,1.0,0.0
2026-05-07T18:37:12,codecarbon,d48a76af-eb24-4e72-8791-bd7fa3204358,5b0fa12a-3dd7-45bb-9766-cc326314d9f1,7.98406519999844,1.3562142531789568e-05,1.698651275016168e-06,1.5690406431428572,0.0,10.0,3.2615939429124494e-06,0.0,2.078663416670881e-05,2.404822810962126e-05,0.0,Tunisia,TUN,,,,Windows-11-10.0.26200-SP0,3.13.3,3.2.6,8,Intel(R) Core(TM) i7-8650U CPU @ 1.90GHz,0,,,,7.87811279296875,machine,0.0,0,82.43333333333332,6.494619369506836,N,1.0,0.0
2026-05-07T18:37:21,codecarbon,a23de3bc-0762-44da-8d8f-4e94300f5353,5b0fa12a-3dd7-45bb-9766-cc326314d9f1,7.96952329998021,1.3533325505979417e-05,1.6981348816701522e-06,1.5674381430000004,0.0,10.0,3.251837605886396e-06,0.0,2.0745292499971888e-05,2.3997130105858285e-05,0.0,Tunisia,TUN,,,,Windows-11-10.0.26200-SP0,3.13.3,3.2.6,8,Intel(R) Core(TM) i7-8650U CPU @ 1.90GHz,0,,,,7.87811279296875,machine,0.0,0,82.55,6.50552241007487,N,1.0,0.0
2026-05-07T18:37:31,codecarbon,6d1b95aa-330b-4939-a49a-0022e9f660ca,5b0fa12a-3dd7-45bb-9766-cc326314d9f1,8.109815799980424,1.3796762163970074e-05,1.701242359167193e-06,1.5751816639285716,0.0,10.0,3.3292319878205555e-06,0.0,2.1135020833268453e-05,2.446425282108901e-05,0.0,Tunisia,TUN,,,,Windows-11-10.0.26200-SP0,3.13.3,3.2.6,8,Intel(R) Core(TM) i7-8650U CPU @ 1.90GHz,0,,,,7.87811279296875,machine,0.0,0,82.71666666666665,6.516604105631511,N,1.0,0.0
2026-05-07T18:37:41,codecarbon,acb7b68c-7d60-4ae9-b8a9-963ded1690c7,5b0fa12a-3dd7-45bb-9766-cc326314d9f1,7.929736999998568,1.343973540225151e-05,1.6948526038447351e-06,1.5487209310714287,0.0,10.0,3.1959492034035693e-06,0.0,2.0635228055551933e-05,2.3831177258955502e-05,0.0,Tunisia,TUN,,,,Windows-11-10.0.26200-SP0,3.13.3,3.2.6,8,Intel(R) Core(TM) i7-8650U CPU @ 1.90GHz,0,,,,7.87811279296875,machine,0.0,0,83.28333333333335,6.561359405517578,N,1.0,0.0
2026-05-07T18:37:50,codecarbon,a722344d-a8a1-4d3f-b1a0-7006c839d4cc,5b0fa12a-3dd7-45bb-9766-cc326314d9f1,8.222872699989239,1.4004030964674105e-05,1.7030582225470218e-06,1.5766146715714286,0.0,10.0,3.3819143669946822e-06,0.0,2.144986499996675e-05,2.483177936696144e-05,0.0,Tunisia,TUN,,,,Windows-11-10.0.26200-SP0,3.13.3,3.2.6,8,Intel(R) Core(TM) i7-8650U CPU @ 1.90GHz,0,,,,7.87811279296875,machine,0.0,0,83.36666666666667,6.5684769948323565,N,1.0,0.0
2026-05-07T18:38:00,codecarbon,90541084-6835-4452-b1ae-43e493777805,5b0fa12a-3dd7-45bb-9766-cc326314d9f1,7.994371599983424,1.3589226938635205e-05,1.699849296305338e-06,1.5759284395714288,0.0,10.0,3.2805055209537247e-06,0.0,2.081574833331009e-05,2.4096253854263813e-05,0.0,Tunisia,TUN,,,,Windows-11-10.0.26200-SP0,3.13.3,3.2.6,8,Intel(R) Core(TM) i7-8650U CPU @ 1.90GHz,0,,,,7.87811279296875,machine,0.0,0,82.51666666666667,6.502269109090169,N,1.0,0.0
2026-05-07T18:38:09,codecarbon,f1d24ea9-61b4-4631-a8c0-a11cd12160d1,5b0fa12a-3dd7-45bb-9766-cc326314d9f1,8.094272200018167,1.3761537443538337e-05,1.7001574821646655e-06,1.5740939477142857,0.0,10.0,3.318765548022516e-06,0.0,2.108302722222612e-05,2.440179277024863e-05,0.0,Tunisia,TUN,,,,Windows-11-10.0.26200-SP0,3.13.3,3.2.6,8,Intel(R) Core(TM) i7-8650U CPU @ 1.90GHz,0,,,,7.87811279296875,machine,0.0,0,82.56666666666666,6.50418217976888,N,1.0,0.0
2026-05-07T18:38:13,codecarbon,95ca1bc8-2a45-458e-9cc8-e6d26d891a37,5b0fa12a-3dd7-45bb-9766-cc326314d9f1,1.505955799977528,1.84045545937556e-06,1.22211784662141e-06,1.6937102445,0.0,10.0,4.728818301659495e-07,0.0,2.7905916666592623e-06,3.263473496825212e-06,0.0,Tunisia,TUN,,,,Windows-11-10.0.26200-SP0,3.13.3,3.2.6,8,Intel(R) Core(TM) i7-8650U CPU @ 1.90GHz,0,,,,7.87811279296875,machine,0.0,0,0.0,0.0,N,1.0,0.0
2026-05-07T18:38:16,codecarbon,18fd6899-34bc-4322-bfce-c73f92b11012,5b0fa12a-3dd7-45bb-9766-cc326314d9f1,1.5409316000004765,1.905864835392922e-06,1.236826368796858e-06,1.6985326875000002,0.0,10.0,4.908277272344245e-07,0.0,2.8886288888720123e-06,3.379456616106437e-06,0.0,Tunisia,TUN,,,,Windows-11-10.0.26200-SP0,3.13.3,3.2.6,8,Intel(R) Core(TM) i7-8650U CPU @ 1.90GHz,0,,,,7.87811279296875,machine,0.0,0,0.0,0.0,N,1.0,0.0
2026-05-07T18:38:19,codecarbon,d832abc6-2b3e-48f6-a747-381cdaf19c84,5b0fa12a-3dd7-45bb-9766-cc326314d9f1,1.505248000001302,1.8285507702701284e-06,1.2147837235249918e-06,1.6268180685000002,0.0,10.0,4.537834119133373e-07,0.0,2.788580833293964e-06,3.2423642452073006e-06,0.0,Tunisia,TUN,,,,Windows-11-10.0.26200-SP0,3.13.3,3.2.6,8,Intel(R) Core(TM) i7-8650U CPU @ 1.90GHz,0,,,,7.87811279296875,machine,0.0,0,0.0,0.0,N,1.0,0.0
2026-05-07T18:38:22,codecarbon,950fddee-187f-4c86-b7bb-b7ae29013f93,5b0fa12a-3dd7-45bb-9766-cc326314d9f1,1.5045510999916587,1.8416683015476944e-06,1.2240649729729383e-06,1.716040608,0.0,10.0,4.784363162639576e-07,0.0,2.787187777721556e-06,3.2656240939855137e-06,0.0,Tunisia,TUN,,,,Windows-11-10.0.26200-SP0,3.13.3,3.2.6,8,Intel(R) Core(TM) i7-8650U CPU @ 1.90GHz,0,,,,7.87811279296875,machine,0.0,0,0.0,0.0,N,1.0,0.0
2026-05-07T18:38:25,codecarbon,42bdb311-7b88-48c4-9fd0-889125c3a216,5b0fa12a-3dd7-45bb-9766-cc326314d9f1,1.506594300008146,1.832314130019909e-06,1.2161961119924603e-06,1.6379472255,0.0,10.0,4.57574889482688e-07,0.0,2.791462499994345e-06,3.249037389477033e-06,0.0,Tunisia,TUN,,,,Windows-11-10.0.26200-SP0,3.13.3,3.2.6,8,Intel(R) Core(TM) i7-8650U CPU @ 1.90GHz,0,,,,7.87811279296875,machine,0.0,0,0.0,0.0,N,1.0,0.0
2026-05-07T18:38:28,codecarbon,44913f87-2df7-4ca7-8c81-db406ec036ff,5b0fa12a-3dd7-45bb-9766-cc326314d9f1,1.504466999991564,1.819973319283078e-06,1.2097130208195216e-06,1.578732,0.0,10.0,4.401275899878963e-07,0.0,2.787027222236955e-06,3.227154812224851e-06,0.0,Tunisia,TUN,,,,Windows-11-10.0.26200-SP0,3.13.3,3.2.6,8,Intel(R) Core(TM) i7-8650U CPU @ 1.90GHz,0,,,,7.87811279296875,machine,0.0,0,0.0,0.0,N,1.0,0.0
2026-05-07T18:38:31,codecarbon,8e81fce0-bcf7-44d4-b82b-4bdf7ae61336,5b0fa12a-3dd7-45bb-9766-cc326314d9f1,1.5079670999839436,1.8217949906216543e-06,1.2081132211976324e-06,1.5854769375000006,0.0,10.0,4.421805334950282e-07,0.0,2.7882044444494466e-06,3.230384977944475e-06,0.0,Tunisia,TUN,,,,Windows-11-10.0.26200-SP0,3.13.3,3.2.6,8,Intel(R) Core(TM) i7-8650U CPU @ 1.90GHz,0,,,,7.87811279296875,machine,0.0,0,0.0,0.0,N,1.0,0.0
2026-05-07T18:38:34,codecarbon,04b95624-4a93-417d-9d26-eadb480cf67b,5b0fa12a-3dd7-45bb-9766-cc326314d9f1,1.504936200013617,1.829468282144704e-06,1.2156450766006892e-06,1.6379472255,0.0,10.0,4.566492218037661e-07,0.0,2.787341944430308e-06,3.2439911662340743e-06,0.0,Tunisia,TUN,,,,Windows-11-10.0.26200-SP0,3.13.3,3.2.6,8,Intel(R) Core(TM) i7-8650U CPU @ 1.90GHz,0,,,,7.87811279296875,machine,0.0,0,0.0,0.0,N,1.0,0.0
2026-05-07T18:38:37,codecarbon,90005bbb-3a28-4240-9139-07cc041a6e63,5b0fa12a-3dd7-45bb-9766-cc326314d9f1,1.505326700018486,1.8195985146323207e-06,1.2087731617395584e-06,1.571118324,0.0,10.0,4.3818965755878e-07,0.0,2.788300555564799e-06,3.226490213123579e-06,0.0,Tunisia,TUN,,,,Windows-11-10.0.26200-SP0,3.13.3,3.2.6,8,Intel(R) Core(TM) i7-8650U CPU @ 1.90GHz,0,,,,7.87811279296875,machine,0.0,0,0.0,0.0,N,1.0,0.0
2026-05-07T18:38:40,codecarbon,fae46c13-141d-4cf9-a1af-4c5370430934,5b0fa12a-3dd7-45bb-9766-cc326314d9f1,1.5055275999766309,1.9333749631961893e-06,1.2841843372557232e-06,2.288549472,0.0,10.0,6.385925218341283e-07,0.0,2.78964472219943e-06,3.4282372440335582e-06,0.0,Tunisia,TUN,,,,Windows-11-10.0.26200-SP0,3.13.3,3.2.6,8,Intel(R) Core(TM) i7-8650U CPU @ 1.90GHz,0,,,,7.87811279296875,machine,0.0,0,0.0,0.0,N,1.0,0.0
2026-05-07T18:38:43,codecarbon,a6075abb-5e3e-44fe-9ab6-20557dc5d9d3,5b0fa12a-3dd7-45bb-9766-cc326314d9f1,1.5102496999897994,1.846642811224907e-06,1.2227400616185387e-06,1.7345487165000002,0.0,10.0,4.841059458506161e-07,0.0,2.7903388888969654e-06,3.2744448347475813e-06,0.0,Tunisia,TUN,,,,Windows-11-10.0.26200-SP0,3.13.3,3.2.6,8,Intel(R) Core(TM) i7-8650U CPU @ 1.90GHz,0,,,,7.87811279296875,machine,0.0,0,0.0,0.0,N,1.0,0.0
2026-05-07T18:38:46,codecarbon,04776e85-e1f1-4bb9-b90c-43fb6d7b7d23,5b0fa12a-3dd7-45bb-9766-cc326314d9f1,1.5048800999938976,1.8205743982206168e-06,1.2097803660424503e-06,1.5774270765,0.0,10.0,4.399611937074231e-07,0.0,2.788259444464024e-06,3.228220638171447e-06,0.0,Tunisia,TUN,,,,Windows-11-10.0.26200-SP0,3.13.3,3.2.6,8,Intel(R) Core(TM) i7-8650U CPU @ 1.90GHz,0,,,,7.87811279296875,machine,0.0,0,0.0,0.0,N,1.0,0.0
2026-05-07T18:38:49,codecarbon,ed1b913b-c529-40dc-aebc-e9b310415846,5b0fa12a-3dd7-45bb-9766-cc326314d9f1,1.504784799995832,1.836961191927624e-06,1.2207467751752356e-06,1.6797127155,0.0,10.0,4.685586148597951e-07,0.0,2.788718888930614e-06,3.257277503790409e-06,0.0,Tunisia,TUN,,,,Windows-11-10.0.26200-SP0,3.13.3,3.2.6,8,Intel(R) Core(TM) i7-8650U CPU @ 1.90GHz,0,,,,7.87811279296875,machine,0.0,0,0.0,0.0,N,1.0,0.0
2026-05-07T18:38:52,codecarbon,1b21d436-2a97-4b47-b94e-5dba96d40741,5b0fa12a-3dd7-45bb-9766-cc326314d9f1,1.505128299992066,1.8210374652461167e-06,1.2098885292740269e-06,1.5774270765,0.0,10.0,4.400586874669523e-07,0.0,2.7889830555876773e-06,3.2290417430546296e-06,0.0,Tunisia,TUN,,,,Windows-11-10.0.26200-SP0,3.13.3,3.2.6,8,Intel(R) Core(TM) i7-8650U CPU @ 1.90GHz,0,,,,7.87811279296875,machine,0.0,0,0.0,0.0,N,1.0,0.0
2026-05-07T18:38:55,codecarbon,856ffcc3-8d11-4c05-96ae-4c9e60954295,5b0fa12a-3dd7-45bb-9766-cc326314d9f1,1.504858600004809,1.8258794781354264e-06,1.2133229514916493e-06,1.611272508,0.0,10.0,4.493911532105044e-07,0.0,2.7882363888946e-06,3.2376275421051044e-06,0.0,Tunisia,TUN,,,,Windows-11-10.0.26200-SP0,3.13.3,3.2.6,8,Intel(R) Core(TM) i7-8650U CPU @ 1.90GHz,0,,,,7.87811279296875,machine,0.0,0,0.0,0.0,N,1.0,0.0
2026-05-07T18:38:58,codecarbon,5fde19a4-60f7-4aaf-b107-cec5950e04f0,5b0fa12a-3dd7-45bb-9766-cc326314d9f1,1.5043580000055954,1.8200372027347005e-06,1.2098431375563068e-06,1.5800515035,0.0,10.0,4.404464229411041e-07,0.0,2.7868216666522333e-06,3.227268089593337e-06,0.0,Tunisia,TUN,,,,Windows-11-10.0.26200-SP0,3.13.3,3.2.6,8,Intel(R) Core(TM) i7-8650U CPU @ 1.90GHz,0,,,,7.87811279296875,machine,0.0,0,0.0,0.0,N,1.0,0.0
2026-05-07T18:39:01,codecarbon,7d9185de-2002-4968-b7f7-f403d5109156,5b0fa12a-3dd7-45bb-9766-cc326314d9f1,1.5036770000006072,1.820378110505198e-06,1.2106177792866835e-06,1.5897030720000005,0.0,10.0,4.428489720859742e-07,0.0,2.785023611068027e-06,3.2278725831540014e-06,0.0,Tunisia,TUN,,,,Windows-11-10.0.26200-SP0,3.13.3,3.2.6,8,Intel(R) Core(TM) i7-8650U CPU @ 1.90GHz,0,,,,7.87811279296875,machine,0.0,0,0.0,0.0,N,1.0,0.0
2026-05-07T18:39:04,codecarbon,f687bf79-49ab-4ef6-b6c4-2af6672fbb65,5b0fa12a-3dd7-45bb-9766-cc326314d9f1,1.5043397000117693,1.822609690337548e-06,1.211567899406822e-06,1.598568684,0.0,10.0,4.455443158853013e-07,0.0,2.7862852778020574e-06,3.2318295936873586e-06,0.0,Tunisia,TUN,,,,Windows-11-10.0.26200-SP0,3.13.3,3.2.6,8,Intel(R) Core(TM) i7-8650U CPU @ 1.90GHz,0,,,,7.87811279296875,machine,0.0,0,0.0,0.0,N,1.0,0.0
2026-05-07T18:39:07,codecarbon,cdfc6518-f317-4303-a4d3-f6b608ee940b,5b0fa12a-3dd7-45bb-9766-cc326314d9f1,1.5040346999885514,1.838742655681733e-06,1.2225400489069363e-06,1.705915392,0.0,10.0,4.753188739603465e-07,0.0,2.7851174999442366e-06,3.260436373904583e-06,0.0,Tunisia,TUN,,,,Windows-11-10.0.26200-SP0,3.13.3,3.2.6,8,Intel(R) Core(TM) i7-8650U CPU @ 1.90GHz,0,,,,7.87811279296875,machine,0.0,0,0.0,0.0,N,1.0,0.0
2026-05-07T18:39:11,codecarbon,48523eb2-d76e-4b8a-b5c8-45273d108c73,5b0fa12a-3dd7-45bb-9766-cc326314d9f1,1.5047398999740835,1.901470599288418e-06,1.263654003805686e-06,2.0938241895000003,0.0,10.0,5.838700872886783e-07,0.0,2.787794722179468e-06,3.371664809468146e-06,0.0,Tunisia,TUN,,,,Windows-11-10.0.26200-SP0,3.13.3,3.2.6,8,Intel(R) Core(TM) i7-8650U CPU @ 1.90GHz,0,,,,7.87811279296875,machine,0.0,0,0.0,0.0,N,1.0,0.0
2026-05-07T18:39:14,codecarbon,94e849b1-24c4-47b0-8cd2-9fa481eeeb9c,5b0fa12a-3dd7-45bb-9766-cc326314d9f1,1.5042508999758866,1.833364962778316e-06,1.218789340799268e-06,1.6707660495000003,0.0,10.0,4.654812690681898e-07,0.0,2.785419444424204e-06,3.2509007134923934e-06,0.0,Tunisia,TUN,,,,Windows-11-10.0.26200-SP0,3.13.3,3.2.6,8,Intel(R) Core(TM) i7-8650U CPU @ 1.90GHz,0,,,,7.87811279296875,machine,0.0,0,0.0,0.0,N,1.0,0.0
2026-05-07T18:39:17,codecarbon,fed4c1de-9f90-4d66-97e0-6b8e1c44fbfc,5b0fa12a-3dd7-45bb-9766-cc326314d9f1,1.5045236000150908,1.8192778648579343e-06,1.2092052692557874e-06,1.5735989760000002,0.0,10.0,4.387080296273491e-07,0.0,2.787213611170753e-06,3.225921640798102e-06,0.0,Tunisia,TUN,,,,Windows-11-10.0.26200-SP0,3.13.3,3.2.6,8,Intel(R) Core(TM) i7-8650U CPU @ 1.90GHz,0,,,,7.87811279296875,machine,0.0,0,0.0,0.0,N,1.0,0.0
2026-05-07T18:39:20,codecarbon,8d811945-7530-4cdf-9697-5be943794ddf,5b0fa12a-3dd7-45bb-9766-cc326314d9f1,1.504179200012004,1.8932982170953487e-06,1.2586919278502457e-06,2.049552384,0.0,10.0,5.711597507341567e-07,0.0,2.786013888867779e-06,3.357173639601936e-06,0.0,Tunisia,TUN,,,,Windows-11-10.0.26200-SP0,3.13.3,3.2.6,8,Intel(R) Core(TM) i7-8650U CPU @ 1.90GHz,0,,,,7.87811279296875,machine,0.0,0,0.0,0.0,N,1.0,0.0
2026-05-07T18:39:23,codecarbon,3a442ec4-c45a-4429-a785-c3e6659d9423,5b0fa12a-3dd7-45bb-9766-cc326314d9f1,1.5037354999803938,1.815805752389496e-06,1.2075300160255386e-06,1.559547744,0.0,10.0,4.3448965491502633e-07,0.0,2.785275277791597e-06,3.2197649327066228e-06,0.0,Tunisia,TUN,,,,Windows-11-10.0.26200-SP0,3.13.3,3.2.6,8,Intel(R) Core(TM) i7-8650U CPU @ 1.90GHz,0,,,,7.87811279296875,machine,0.0,0,0.0,0.0,N,1.0,0.0
2026-05-07T18:39:26,codecarbon,b8ad55ac-a4a6-4b71-bd5e-0aed0aed6bb6,5b0fa12a-3dd7-45bb-9766-cc326314d9f1,1.5040191000152845,1.8201056499619e-06,1.2101612605474248e-06,1.5882792405,0.0,10.0,4.42443903828948e-07,0.0,2.78494555556487e-06,3.227389459393818e-06,0.0,Tunisia,TUN,,,,Windows-11-10.0.26200-SP0,3.13.3,3.2.6,8,Intel(R) Core(TM) i7-8650U CPU @ 1.90GHz,0,,,,7.87811279296875,machine,0.0,0,0.0,0.0,N,1.0,0.0
2026-05-07T18:39:29,codecarbon,386c332c-f93d-4673-a612-266e98a7ba85,5b0fa12a-3dd7-45bb-9766-cc326314d9f1,1.50442379998276,1.8187802524344464e-06,1.2089547190461152e-06,1.571118324,0.0,10.0,4.379895581838782e-07,0.0,2.787049722246593e-06,3.225039280430471e-06,0.0,Tunisia,TUN,,,,Windows-11-10.0.26200-SP0,3.13.3,3.2.6,8,Intel(R) Core(TM) i7-8650U CPU @ 1.90GHz,0,,,,7.87811279296875,machine,0.0,0,0.0,0.0,N,1.0,0.0
2026-05-07T18:39:32,codecarbon,65e98920-aa0b-4db7-8083-e3b5649307c1,5b0fa12a-3dd7-45bb-9766-cc326314d9f1,1.5037147000257391,1.8211767651532648e-06,1.2111185486994922e-06,1.5970522695000002,0.0,10.0,4.448020812365805e-07,0.0,2.784486666738909e-06,3.22928874797549e-06,0.0,Tunisia,TUN,,,,Windows-11-10.0.26200-SP0,3.13.3,3.2.6,8,Intel(R) Core(TM) i7-8650U CPU @ 1.90GHz,0,,,,7.87811279296875,machine,0.0,0,0.0,0.0,N,1.0,0.0
2026-05-07T18:39:35,codecarbon,834a15a0-986c-4e25-8845-34ea370e94e4,5b0fa12a-3dd7-45bb-9766-cc326314d9f1,1.5046035000123084,1.81806552885657e-06,1.208335304843899e-06,1.5675028485000002,0.0,10.0,4.369499967415999e-07,0.0,2.7868219444321263e-06,3.223771941173726e-06,0.0,Tunisia,TUN,,,,Windows-11-10.0.26200-SP0,3.13.3,3.2.6,8,Intel(R) Core(TM) i7-8650U CPU @ 1.90GHz,0,,,,7.87811279296875,machine,0.0,0,0.0,0.0,N,1.0,0.0
2026-05-07T18:39:38,codecarbon,d733cd66-eca1-437a-91e6-ebc8f05d533a,5b0fa12a-3dd7-45bb-9766-cc326314d9f1,1.50406939999084,1.8224120726788023e-06,1.211654244604605e-06,1.6001008125000002,0.0,10.0,4.458708471341985e-07,0.0,2.785608333296194e-06,3.2314791804303924e-06,0.0,Tunisia,TUN,,,,Windows-11-10.0.26200-SP0,3.13.3,3.2.6,8,Intel(R) Core(TM) i7-8650U CPU @ 1.90GHz,0,,,,7.87811279296875,machine,0.0,0,0.0,0.0,N,1.0,0.0
2026-05-07T18:39:41,codecarbon,1518bb25-212e-4399-901f-eb22a83ef937,5b0fa12a-3dd7-45bb-9766-cc326314d9f1,1.5064013999945018,1.8223191383954762e-06,1.2097168380234693e-06,1.5748606455,0.0,10.0,4.3975966828514594e-07,0.0,2.7915547221911965e-06,3.2313143904763423e-06,0.0,Tunisia,TUN,,,,Windows-11-10.0.26200-SP0,3.13.3,3.2.6,8,Intel(R) Core(TM) i7-8650U CPU @ 1.90GHz,0,,,,7.87811279296875,machine,0.0,0,0.0,0.0,N,1.0,0.0
